date,SP500,VIX,CPI,FEDFUNDS,DGS10,DGS2,T5YIE,BAA10Y,INDPRO,PHILLY_FED
1999-01-04,1228.0999755859375,26.170000076293945,164.7,4.63,4.69,4.58,,2.61,87.4949,13.8
1999-01-05,1244.780029296875,24.459999084472656,164.7,4.63,4.74,4.64,,2.61,87.4949,13.8
1999-01-06,1272.3399658203125,23.34000015258789,164.7,4.63,4.73,4.62,,2.59,87.4949,13.8
1999-01-07,1269.72998046875,24.3700008392334,164.7,4.63,4.77,4.63,,2.57,87.4949,13.8
1999-01-08,1275.0899658203125,23.280000686645508,164.7,4.63,4.86,4.71,,2.51,87.4949,13.8
1999-01-11,1263.8800048828125,25.459999084472656,164.7,4.63,4.9,4.74,,2.48,87.4949,13.8
1999-01-12,1239.510009765625,28.100000381469727,164.7,4.63,4.82,4.68,,2.53,87.4949,13.8
1999-01-13,1234.4000244140625,30.110000610351562,164.7,4.63,4.74,4.61,,2.55,87.4949,13.8
1999-01-14,1212.18994140625,32.97999954223633,164.7,4.63,4.63,4.47,,2.6,87.4949,13.8
1999-01-15,1243.260009765625,29.239999771118164,164.7,4.63,4.66,4.56,,2.61,87.4949,13.8
1999-01-19,1252.0,29.239999771118164,164.7,4.63,4.71,4.62,,2.56,87.4949,13.8
1999-01-20,1256.6199951171875,28.600000381469727,164.7,4.63,4.76,4.66,,2.53,87.4949,13.8
1999-01-21,1235.1600341796875,30.920000076293945,164.7,4.63,4.7,4.63,,2.57,87.4949,13.8
1999-01-22,1225.18994140625,31.950000762939453,164.7,4.63,4.64,4.59,,2.59,87.4949,13.8
1999-01-25,1233.97998046875,31.1299991607666,164.7,4.63,4.67,4.59,,2.58,87.4949,13.8
1999-01-26,1252.31005859375,29.229999542236328,164.7,4.63,4.69,4.63,,2.57,87.4949,13.8
1999-01-27,1243.1700439453125,29.729999542236328,164.7,4.63,4.68,4.57,,2.58,87.4949,13.8
1999-01-28,1265.3699951171875,28.110000610351562,164.7,4.63,4.67,4.58,,2.56,87.4949,13.8
1999-01-29,1279.6400146484375,26.25,164.7,4.63,4.66,4.58,,2.55,87.4949,13.8
1999-02-01,1273.0,27.670000076293945,164.7,4.76,4.75,4.65,,2.53,88.027,15.1
1999-02-02,1261.989990234375,28.15999984741211,164.7,4.76,4.79,4.7,,2.53,88.027,15.1
1999-02-03,1272.0699462890625,27.8799991607666,164.7,4.76,4.83,4.72,,2.49,88.027,15.1
1999-02-04,1248.489990234375,29.479999542236328,164.7,4.76,4.89,4.77,,2.48,88.027,15.1
1999-02-05,1239.4000244140625,29.670000076293945,164.7,4.76,4.94,4.8,,2.45,88.027,15.1
1999-02-08,1243.77001953125,30.270000457763672,164.7,4.76,4.94,4.8,,2.45,88.027,15.1
1999-02-09,1216.1400146484375,31.360000610351562,164.7,4.76,4.91,4.79,,2.45,88.027,15.1
1999-02-10,1223.550048828125,30.450000762939453,164.7,4.76,4.9,4.77,,2.46,88.027,15.1
1999-02-11,1254.0400390625,27.420000076293945,164.7,4.76,4.93,4.8,,2.44,88.027,15.1
1999-02-12,1230.1300048828125,29.760000228881836,164.7,4.76,5.06,4.91,,2.31,88.027,15.1
1999-02-16,1241.8699951171875,29.649999618530273,164.7,4.76,5.03,4.93,,2.34,88.027,15.1
1999-02-17,1224.030029296875,30.649999618530273,164.7,4.76,4.98,4.89,,2.37,88.027,15.1
1999-02-18,1237.280029296875,30.450000762939453,164.7,4.76,5.04,4.93,,2.35,88.027,15.1
1999-02-19,1239.219970703125,29.299999237060547,164.7,4.76,5.07,4.95,,2.34,88.027,15.1
1999-02-22,1272.1400146484375,25.8700008392334,164.7,4.76,5.03,4.91,,2.34,88.027,15.1
1999-02-23,1271.1800537109375,26.489999771118164,164.7,4.76,5.1,5.0,,2.31,88.027,15.1
1999-02-24,1253.4100341796875,27.209999084472656,164.7,4.76,5.18,5.05,,2.29,88.027,15.1
1999-02-25,1245.02001953125,28.010000228881836,164.7,4.76,5.32,5.15,,2.24,88.027,15.1
1999-02-26,1238.3299560546875,27.8799991607666,164.7,4.76,5.29,5.13,,2.24,88.027,15.1
1999-03-01,1236.1600341796875,28.3700008392334,164.8,4.81,5.4,5.2,,2.21,88.2267,4.3
1999-03-02,1225.5,29.219999313354492,164.8,4.81,5.35,5.18,,2.23,88.2267,4.3
1999-03-03,1227.699951171875,29.040000915527344,164.8,4.81,5.39,5.19,,2.24,88.2267,4.3
1999-03-04,1246.6400146484375,26.670000076293945,164.8,4.81,5.41,5.2,,2.23,88.2267,4.3
1999-03-05,1275.469970703125,24.079999923706055,164.8,4.81,5.34,5.14,,2.24,88.2267,4.3
1999-03-08,1282.72998046875,24.540000915527344,164.8,4.81,5.29,5.12,,2.27,88.2267,4.3
1999-03-09,1279.8399658203125,25.020000457763672,164.8,4.81,5.18,5.02,,2.32,88.2267,4.3
1999-03-10,1286.8399658203125,24.790000915527344,164.8,4.81,5.2,5.04,,2.31,88.2267,4.3
1999-03-11,1297.6800537109375,24.3700008392334,164.8,4.81,5.21,5.05,,2.31,88.2267,4.3
1999-03-12,1294.5899658203125,24.84000015258789,164.8,4.81,5.16,5.0,,2.33,88.2267,4.3
1999-03-15,1307.260009765625,25.239999771118164,164.8,4.81,5.15,4.99,,2.32,88.2267,4.3
1999-03-16,1306.3800048828125,25.149999618530273,164.8,4.81,5.11,4.97,,2.34,88.2267,4.3
1999-03-17,1297.8199462890625,25.56999969482422,164.8,4.81,5.14,5.01,,2.34,88.2267,4.3
1999-03-18,1316.550048828125,24.1299991607666,164.8,4.81,5.11,4.99,,2.36,88.2267,4.3
1999-03-19,1299.2900390625,24.31999969482422,164.8,4.81,5.17,5.04,,2.33,88.2267,4.3
1999-03-22,1297.010009765625,25.0,164.8,4.81,5.21,5.08,,2.32,88.2267,4.3
1999-03-23,1262.1400146484375,27.270000457763672,164.8,4.81,5.2,5.03,,2.33,88.2267,4.3
1999-03-24,1268.5899658203125,26.600000381469727,164.8,4.81,5.17,4.98,,2.33,88.2267,4.3
1999-03-25,1289.989990234375,24.329999923706055,164.8,4.81,5.21,5.02,,2.32,88.2267,4.3
1999-03-26,1282.800048828125,24.040000915527344,164.8,4.81,5.21,4.99,,2.33,88.2267,4.3
1999-03-29,1310.1700439453125,23.540000915527344,164.8,4.81,5.28,5.02,,2.29,88.2267,4.3
1999-03-30,1300.75,22.729999542236328,164.8,4.81,5.21,4.97,,2.32,88.2267,4.3
1999-03-31,1286.3699951171875,23.260000228881836,164.8,4.81,5.25,4.99,,2.31,88.2267,4.3
1999-04-01,1293.719970703125,22.059999465942383,165.9,4.74,5.27,5.01,,2.32,88.4295,20.6
1999-04-05,1321.1199951171875,22.190000534057617,165.9,4.74,5.2,4.96,,2.32,88.4295,20.6
1999-04-06,1317.8900146484375,22.649999618530273,165.9,4.74,5.13,4.93,,2.34,88.4295,20.6
1999-04-07,1326.8900146484375,22.809999465942383,165.9,4.74,5.14,4.93,,2.33,88.4295,20.6
1999-04-08,1343.97998046875,22.59000015258789,165.9,4.74,5.03,4.86,,2.37,88.4295,20.6
1999-04-09,1348.3499755859375,21.770000457763672,165.9,4.74,5.05,4.88,,2.35,88.4295,20.6
1999-04-12,1358.6300048828125,21.93000030517578,165.9,4.74,5.06,4.93,,2.34,88.4295,20.6
1999-04-13,1349.8199462890625,22.729999542236328,165.9,4.74,5.12,4.94,,2.31,88.4295,20.6
1999-04-14,1328.43994140625,24.940000534057617,165.9,4.74,5.13,4.95,,2.31,88.4295,20.6
1999-04-15,1322.8499755859375,23.93000030517578,165.9,4.74,5.18,4.97,,2.27,88.4295,20.6
1999-04-16,1319.0,23.899999618530273,165.9,4.74,5.23,5.02,,2.27,88.4295,20.6
1999-04-19,1289.47998046875,26.420000076293945,165.9,4.74,5.18,4.99,,2.29,88.4295,20.6
1999-04-20,1306.1700439453125,25.020000457763672,165.9,4.74,5.16,4.95,,2.29,88.4295,20.6
1999-04-21,1336.1199951171875,23.309999465942383,165.9,4.74,5.17,4.99,,2.29,88.4295,20.6
1999-04-22,1358.8199462890625,22.6200008392334,165.9,4.74,5.25,5.05,,2.27,88.4295,20.6
1999-04-23,1356.8499755859375,22.760000228881836,165.9,4.74,5.26,5.04,,2.26,88.4295,20.6
1999-04-26,1360.0400390625,23.530000686645508,165.9,4.74,5.23,5.04,,2.27,88.4295,20.6
1999-04-27,1362.800048828125,23.360000610351562,165.9,4.74,5.22,5.04,,2.26,88.4295,20.6
1999-04-28,1350.9100341796875,24.399999618530273,165.9,4.74,5.27,5.02,,2.23,88.4295,20.6
1999-04-29,1342.8299560546875,25.059999465942383,165.9,4.74,5.22,4.95,,2.24,88.4295,20.6
1999-04-30,1335.1800537109375,25.06999969482422,165.9,4.74,5.36,5.08,,2.22,88.4295,20.6
1999-05-03,1354.6300048828125,24.149999618530273,166.0,4.74,5.38,5.08,,2.2,88.9886,13.1
1999-05-04,1332.0,25.6200008392334,166.0,4.74,5.42,5.12,,2.21,88.9886,13.1
1999-05-05,1347.31005859375,25.190000534057617,166.0,4.74,5.4,5.09,,2.21,88.9886,13.1
1999-05-06,1332.050048828125,27.440000534057617,166.0,4.74,5.52,5.19,,2.17,88.9886,13.1
1999-05-07,1345.0,25.360000610351562,166.0,4.74,5.54,5.19,,2.17,88.9886,13.1
1999-05-10,1340.300048828125,26.6200008392334,166.0,4.74,5.54,5.15,,2.13,88.9886,13.1
1999-05-11,1355.6099853515625,25.6200008392334,166.0,4.74,5.59,5.19,,2.12,88.9886,13.1
1999-05-12,1364.0,26.1299991607666,166.0,4.74,5.51,5.19,,2.19,88.9886,13.1
1999-05-13,1367.56005859375,25.020000457763672,166.0,4.74,5.41,5.12,,2.2,88.9886,13.1
1999-05-14,1337.800048828125,26.860000610351562,166.0,4.74,5.62,5.3,,2.12,88.9886,13.1
1999-05-17,1339.489990234375,27.280000686645508,166.0,4.74,5.66,5.31,,2.09,88.9886,13.1
1999-05-18,1333.3199462890625,27.260000228881836,166.0,4.74,5.68,5.38,,2.11,88.9886,13.1
1999-05-19,1344.22998046875,25.079999923706055,166.0,4.74,5.6,5.37,,2.14,88.9886,13.1
1999-05-20,1338.8299560546875,24.459999084472656,166.0,4.74,5.6,5.35,,2.21,88.9886,13.1
1999-05-21,1330.2900390625,24.399999618530273,166.0,4.74,5.52,5.3,,2.23,88.9886,13.1
1999-05-24,1306.6500244140625,27.6200008392334,166.0,4.74,5.5,5.28,,2.27,88.9886,13.1
1999-05-25,1284.4000244140625,28.899999618530273,166.0,4.74,5.49,5.3,,2.27,88.9886,13.1
1999-05-26,1304.760009765625,27.56999969482422,166.0,4.74,5.55,5.33,,2.24,88.9886,13.1
1999-05-27,1281.4100341796875,28.1200008392334,166.0,4.74,5.62,5.43,,2.19,88.9886,13.1
1999-05-28,1301.8399658203125,25.389999389648438,166.0,4.74,5.64,5.42,,2.18,88.9886,13.1
1999-06-01,1294.260009765625,26.6200008392334,166.0,4.76,5.78,5.54,,2.12,88.9188,5.8
1999-06-02,1294.81005859375,26.209999084472656,166.0,4.76,5.8,5.55,,2.1,88.9188,5.8
1999-06-03,1299.5400390625,26.200000762939453,166.0,4.76,5.8,5.54,,2.12,88.9188,5.8
1999-06-04,1327.75,23.43000030517578,166.0,4.76,5.82,5.56,,2.12,88.9188,5.8
1999-06-07,1334.52001953125,23.780000686645508,166.0,4.76,5.81,5.56,,2.13,88.9188,5.8
1999-06-08,1317.3299560546875,24.020000457763672,166.0,4.76,5.83,5.57,,2.13,88.9188,5.8
1999-06-09,1318.6400146484375,23.899999618530273,166.0,4.76,5.87,5.61,,2.1,88.9188,5.8
1999-06-10,1302.8199462890625,25.31999969482422,166.0,4.76,5.92,5.66,,2.09,88.9188,5.8
1999-06-11,1293.6400146484375,25.899999618530273,166.0,4.76,6.02,5.7,,2.07,88.9188,5.8
1999-06-14,1294.0,26.510000228881836,166.0,4.76,5.98,5.66,,2.08,88.9188,5.8
1999-06-15,1301.1600341796875,25.90999984741211,166.0,4.76,5.98,5.66,,2.09,88.9188,5.8
1999-06-16,1330.4100341796875,22.399999618530273,166.0,4.76,5.94,5.61,,2.11,88.9188,5.8
1999-06-17,1339.9000244140625,21.950000762939453,166.0,4.76,5.79,5.49,,2.15,88.9188,5.8
1999-06-18,1342.8399658203125,21.75,166.0,4.76,5.84,5.56,,2.13,88.9188,5.8
1999-06-21,1349.0,21.809999465942383,166.0,4.76,5.9,5.62,,2.12,88.9188,5.8
1999-06-22,1335.8800048828125,21.700000762939453,166.0,4.76,5.94,5.65,,2.12,88.9188,5.8
1999-06-23,1333.06005859375,21.31999969482422,166.0,4.76,6.0,5.7,,2.1,88.9188,5.8
1999-06-24,1315.780029296875,23.059999465942383,166.0,4.76,6.05,5.75,,2.1,88.9188,5.8
1999-06-25,1315.31005859375,21.760000228881836,166.0,4.76,6.02,5.73,,2.13,88.9188,5.8
1999-06-28,1331.3499755859375,22.6299991607666,166.0,4.76,5.96,5.68,,2.13,88.9188,5.8
1999-06-29,1351.449951171875,22.510000228881836,166.0,4.76,5.93,5.68,,2.12,88.9188,5.8
1999-06-30,1372.7099609375,21.09000015258789,166.0,4.76,5.81,5.53,,2.18,88.9188,5.8
1999-07-01,1380.9599609375,19.690000534057617,166.7,4.99,5.85,5.58,,2.13,89.4333,9.8
1999-07-02,1391.219970703125,18.65999984741211,166.7,4.99,5.82,5.58,,2.14,89.4333,9.8
1999-07-06,1388.1199951171875,20.729999542236328,166.7,4.99,5.88,5.64,,2.12,89.4333,9.8
1999-07-07,1395.8599853515625,20.350000381469727,166.7,4.99,5.92,5.64,,2.08,89.4333,9.8
1999-07-08,1394.4200439453125,20.239999771118164,166.7,4.99,5.85,5.59,,2.11,89.4333,9.8
1999-07-09,1403.280029296875,17.959999084472656,166.7,4.99,5.84,5.61,,2.11,89.4333,9.8
1999-07-12,1399.0999755859375,19.729999542236328,166.7,4.99,5.74,5.53,,2.12,89.4333,9.8
1999-07-13,1393.56005859375,19.950000762939453,166.7,4.99,5.71,5.5,,2.14,89.4333,9.8
1999-07-14,1398.1700439453125,19.709999084472656,166.7,4.99,5.74,5.55,,2.13,89.4333,9.8
1999-07-15,1409.6199951171875,18.68000030517578,166.7,4.99,5.72,5.53,,2.15,89.4333,9.8
1999-07-16,1418.780029296875,17.420000076293945,166.7,4.99,5.68,5.5,,2.17,89.4333,9.8
1999-07-19,1407.6500244140625,19.06999969482422,166.7,4.99,5.66,5.46,,2.19,89.4333,9.8
1999-07-20,1377.0999755859375,21.790000915527344,166.7,4.99,5.65,5.43,,2.19,89.4333,9.8
1999-07-21,1379.2900390625,21.459999084472656,166.7,4.99,5.66,5.45,,2.24,89.4333,9.8
1999-07-22,1360.969970703125,23.049999237060547,166.7,4.99,5.78,5.52,,2.18,89.4333,9.8
1999-07-23,1356.93994140625,23.31999969482422,166.7,4.99,5.84,5.58,,2.18,89.4333,9.8
1999-07-26,1347.760009765625,24.979999542236328,166.7,4.99,5.86,5.61,,2.16,89.4333,9.8
1999-07-27,1362.8399658203125,23.229999542236328,166.7,4.99,5.82,5.56,,2.17,89.4333,9.8
1999-07-28,1365.4000244140625,22.850000381469727,166.7,4.99,5.81,5.54,,2.18,89.4333,9.8
1999-07-29,1341.030029296875,24.520000457763672,166.7,4.99,5.88,5.62,,2.2,89.4333,9.8
1999-07-30,1328.719970703125,24.639999389648438,166.7,4.99,5.92,5.63,,2.19,89.4333,9.8
1999-08-02,1328.050048828125,25.59000015258789,167.1,5.07,5.92,5.65,,2.19,89.7924,13.8
1999-08-03,1322.1800537109375,26.270000457763672,167.1,5.07,5.95,5.65,,2.19,89.7924,13.8
1999-08-04,1305.3299560546875,27.399999618530273,167.1,5.07,5.96,5.64,,2.16,89.7924,13.8
1999-08-05,1313.7099609375,27.010000228881836,167.1,5.07,5.88,5.55,,2.19,89.7924,13.8
1999-08-06,1300.2900390625,26.600000381469727,167.1,5.07,6.02,5.69,,2.19,89.7924,13.8
1999-08-09,1297.800048828125,27.65999984741211,167.1,5.07,6.13,5.79,,2.14,89.7924,13.8
1999-08-10,1281.4300537109375,28.450000762939453,167.1,5.07,6.16,5.79,,2.13,89.7924,13.8
1999-08-11,1301.9300537109375,25.389999389648438,167.1,5.07,6.05,5.76,,2.21,89.7924,13.8
1999-08-12,1298.1600341796875,25.030000686645508,167.1,5.07,6.08,5.78,,2.22,89.7924,13.8
1999-08-13,1327.6800537109375,22.309999465942383,167.1,5.07,5.98,5.71,,2.26,89.7924,13.8
1999-08-16,1330.77001953125,23.06999969482422,167.1,5.07,5.98,5.75,,2.21,89.7924,13.8
1999-08-17,1344.1600341796875,21.670000076293945,167.1,5.07,5.89,5.68,,2.24,89.7924,13.8
1999-08-18,1332.8399658203125,23.299999237060547,167.1,5.07,5.88,5.66,,2.24,89.7924,13.8
1999-08-19,1323.5899658203125,24.389999389648438,167.1,5.07,5.9,5.66,,2.23,89.7924,13.8
1999-08-20,1336.6099853515625,22.950000762939453,167.1,5.07,5.88,5.65,,2.23,89.7924,13.8
1999-08-23,1360.219970703125,22.549999237060547,167.1,5.07,5.89,5.66,,2.21,89.7924,13.8
1999-08-24,1363.5,22.399999618530273,167.1,5.07,5.85,5.65,,2.25,89.7924,13.8
1999-08-25,1381.7900390625,20.959999084472656,167.1,5.07,5.73,5.53,,2.27,89.7924,13.8
1999-08-26,1362.010009765625,21.209999084472656,167.1,5.07,5.75,5.56,,2.27,89.7924,13.8
1999-08-27,1348.27001953125,21.829999923706055,167.1,5.07,5.85,5.65,,2.24,89.7924,13.8
1999-08-30,1324.02001953125,24.6299991607666,167.1,5.07,5.95,5.73,,2.23,89.7924,13.8
1999-08-31,1320.4100341796875,24.450000762939453,167.1,5.07,5.98,5.73,,2.23,89.7924,13.8
1999-09-01,1331.0699462890625,22.93000030517578,167.8,5.22,5.99,5.74,,2.23,89.4299,13.9
1999-09-02,1319.1099853515625,24.530000686645508,167.8,5.22,6.03,5.74,,2.24,89.4299,13.9
1999-09-03,1357.239990234375,20.979999542236328,167.8,5.22,5.89,5.64,,2.28,89.4299,13.9
1999-09-07,1350.449951171875,23.440000534057617,167.8,5.22,5.95,5.69,,2.26,89.4299,13.9
1999-09-08,1344.1500244140625,23.81999969482422,167.8,5.22,5.93,5.67,,2.27,89.4299,13.9
1999-09-09,1347.6600341796875,23.010000228881836,167.8,5.22,5.97,5.71,,2.26,89.4299,13.9
1999-09-10,1351.6600341796875,22.030000686645508,167.8,5.22,5.89,5.64,,2.27,89.4299,13.9
1999-09-13,1344.1300048828125,22.889999389648438,167.8,5.22,5.92,5.66,,2.27,89.4299,13.9
1999-09-14,1336.2900390625,23.770000457763672,167.8,5.22,5.96,5.71,,2.25,89.4299,13.9
1999-09-15,1317.969970703125,24.559999465942383,167.8,5.22,5.94,5.67,,2.25,89.4299,13.9
1999-09-16,1318.47998046875,25.25,167.8,5.22,5.9,5.63,,2.26,89.4299,13.9
1999-09-17,1335.4200439453125,23.299999237060547,167.8,5.22,5.87,5.63,,2.28,89.4299,13.9
1999-09-20,1335.530029296875,24.030000686645508,167.8,5.22,5.91,5.67,,2.28,89.4299,13.9
1999-09-21,1307.5799560546875,25.649999618530273,167.8,5.22,5.94,5.67,,2.27,89.4299,13.9
1999-09-22,1310.510009765625,25.190000534057617,167.8,5.22,5.92,5.67,,2.28,89.4299,13.9
1999-09-23,1280.4100341796875,27.84000015258789,167.8,5.22,5.87,5.63,,2.33,89.4299,13.9
1999-09-24,1277.3599853515625,27.790000915527344,167.8,5.22,5.75,5.55,,2.41,89.4299,13.9
1999-09-27,1283.31005859375,26.399999618530273,167.8,5.22,5.83,5.62,,2.38,89.4299,13.9
1999-09-28,1282.199951171875,26.059999465942383,167.8,5.22,5.89,5.65,,2.35,89.4299,13.9
1999-09-29,1268.3699951171875,26.489999771118164,167.8,5.22,5.97,5.68,,2.31,89.4299,13.9
1999-09-30,1282.7099609375,25.40999984741211,167.8,5.22,5.9,5.63,,2.3,89.4299,13.9
1999-10-01,1282.81005859375,24.93000030517578,168.1,5.2,6.0,5.73,,2.26,90.523,16.0
1999-10-04,1304.5999755859375,24.459999084472656,168.1,5.2,5.95,5.7,,2.28,90.523,16.0
1999-10-05,1301.3499755859375,24.790000915527344,168.1,5.2,6.02,5.78,,2.27,90.523,16.0
1999-10-06,1325.4000244140625,22.059999465942383,168.1,5.2,6.04,5.81,,2.24,90.523,16.0
1999-10-07,1317.6400146484375,23.579999923706055,168.1,5.2,6.05,5.82,,2.24,90.523,16.0
1999-10-08,1336.02001953125,20.489999771118164,168.1,5.2,6.04,5.8,,2.26,90.523,16.0
1999-10-11,1335.2099609375,20.6299991607666,168.1,5.2,6.04,5.8,,2.26,90.523,16.0
1999-10-12,1313.0400390625,22.84000015258789,168.1,5.2,6.07,5.82,,2.28,90.523,16.0
1999-10-13,1285.550048828125,25.959999084472656,168.1,5.2,6.12,5.87,,2.29,90.523,16.0
1999-10-14,1283.4200439453125,26.049999237060547,168.1,5.2,6.17,5.9,,2.28,90.523,16.0
1999-10-15,1247.4100341796875,28.75,168.1,5.2,6.09,5.82,,2.31,90.523,16.0
1999-10-18,1254.1300048828125,28.190000534057617,168.1,5.2,6.12,5.85,,2.31,90.523,16.0
1999-10-19,1261.3199462890625,26.559999465942383,168.1,5.2,6.18,5.92,,2.25,90.523,16.0
1999-10-20,1289.4300537109375,23.899999618530273,168.1,5.2,6.19,5.94,,2.24,90.523,16.0
1999-10-21,1283.6099853515625,24.020000457763672,168.1,5.2,6.2,5.93,,2.27,90.523,16.0
1999-10-22,1301.6500244140625,21.639999389648438,168.1,5.2,6.21,5.96,,2.25,90.523,16.0
1999-10-25,1293.6300048828125,23.600000381469727,168.1,5.2,6.22,5.98,,2.25,90.523,16.0
1999-10-26,1281.9100341796875,24.260000228881836,168.1,5.2,6.24,6.02,,2.24,90.523,16.0
1999-10-27,1296.7099609375,24.200000762939453,168.1,5.2,6.19,5.94,,2.26,90.523,16.0
1999-10-28,1342.43994140625,21.34000015258789,168.1,5.2,6.12,5.87,,2.26,90.523,16.0
1999-10-29,1362.9300537109375,22.200000762939453,168.1,5.2,6.02,5.79,,2.28,90.523,16.0
1999-11-01,1354.1199951171875,22.09000015258789,168.4,5.42,6.06,5.83,,2.27,90.9618,20.9
1999-11-02,1347.739990234375,23.100000381469727,168.4,5.42,6.04,5.81,,2.26,90.9618,20.9
1999-11-03,1354.9300537109375,23.15999984741211,168.4,5.42,6.01,5.79,,2.27,90.9618,20.9
1999-11-04,1362.6400146484375,23.0,168.4,5.42,5.95,5.74,,2.28,90.9618,20.9
1999-11-05,1370.22998046875,21.65999984741211,168.4,5.42,5.92,5.72,,2.27,90.9618,20.9
1999-11-08,1377.010009765625,21.8700008392334,168.4,5.42,5.95,5.74,,2.25,90.9618,20.9
1999-11-09,1365.280029296875,22.700000762939453,168.4,5.42,5.97,5.77,,2.16,90.9618,20.9
1999-11-10,1373.4599609375,22.260000228881836,168.4,5.42,6.0,5.81,,2.13,90.9618,20.9
1999-11-11,1381.4599609375,22.06999969482422,168.4,5.42,6.0,5.81,,2.13,90.9618,20.9
1999-11-12,1396.06005859375,21.649999618530273,168.4,5.42,5.93,5.78,,2.13,90.9618,20.9
1999-11-15,1394.3900146484375,22.739999771118164,168.4,5.42,5.94,5.79,,2.09,90.9618,20.9
1999-11-16,1420.0699462890625,20.729999542236328,168.4,5.42,5.97,5.85,,2.04,90.9618,20.9
1999-11-17,1410.7099609375,20.959999084472656,168.4,5.42,6.04,5.9,,2.04,90.9618,20.9
1999-11-18,1424.93994140625,19.760000228881836,168.4,5.42,6.06,5.9,,2.04,90.9618,20.9
1999-11-19,1422.0,19.110000610351562,168.4,5.42,6.07,5.92,,2.02,90.9618,20.9
1999-11-22,1420.93994140625,19.979999542236328,168.4,5.42,6.09,5.95,,2.03,90.9618,20.9
1999-11-23,1404.6400146484375,21.0,168.4,5.42,6.08,5.93,,2.04,90.9618,20.9
1999-11-24,1417.0799560546875,20.260000228881836,168.4,5.42,6.09,5.97,,2.02,90.9618,20.9
1999-11-26,1416.6199951171875,22.329999923706055,168.4,5.42,6.12,5.99,,2.01,90.9618,20.9
1999-11-29,1407.8299560546875,23.56999969482422,168.4,5.42,6.21,6.04,,1.99,90.9618,20.9
1999-11-30,1388.9100341796875,24.18000030517578,168.4,5.42,6.18,6.01,,1.99,90.9618,20.9
1999-12-01,1397.719970703125,22.229999542236328,168.8,5.3,6.21,6.04,,1.97,91.6634,14.2
1999-12-02,1409.0400390625,21.770000457763672,168.8,5.3,6.24,6.06,,1.95,91.6634,14.2
1999-12-03,1433.300048828125,19.31999969482422,168.8,5.3,6.17,5.99,,1.96,91.6634,14.2
1999-12-06,1423.3299560546875,20.579999923706055,168.8,5.3,6.16,5.98,,1.96,91.6634,14.2
1999-12-07,1409.1700439453125,21.09000015258789,168.8,5.3,6.11,5.95,,1.97,91.6634,14.2
1999-12-08,1403.8800048828125,21.25,168.8,5.3,6.15,5.98,,1.95,91.6634,14.2
1999-12-09,1408.1099853515625,21.190000534057617,168.8,5.3,6.14,5.96,,1.95,91.6634,14.2
1999-12-10,1417.0400390625,21.479999542236328,168.8,5.3,6.08,5.93,,1.95,91.6634,14.2
1999-12-13,1415.219970703125,21.719999313354492,168.8,5.3,6.11,5.96,,1.95,91.6634,14.2
1999-12-14,1403.1700439453125,23.059999465942383,168.8,5.3,6.22,6.07,,1.94,91.6634,14.2
1999-12-15,1413.3299560546875,22.030000686645508,168.8,5.3,6.25,6.1,,1.93,91.6634,14.2
1999-12-16,1418.780029296875,21.90999984741211,168.8,5.3,6.31,6.15,,1.93,91.6634,14.2
1999-12-17,1421.030029296875,21.350000381469727,168.8,5.3,6.3,6.15,,1.93,91.6634,14.2
1999-12-20,1418.0899658203125,23.780000686645508,168.8,5.3,6.36,6.21,,1.91,91.6634,14.2
1999-12-21,1433.4300537109375,22.65999984741211,168.8,5.3,6.38,6.21,,1.92,91.6634,14.2
1999-12-22,1436.1300048828125,22.43000030517578,168.8,5.3,6.39,6.24,,1.89,91.6634,14.2
1999-12-23,1458.3399658203125,21.1200008392334,168.8,5.3,6.41,6.24,,1.88,91.6634,14.2
1999-12-27,1457.0999755859375,23.06999969482422,168.8,5.3,6.4,6.21,,1.86,91.6634,14.2
1999-12-28,1457.6600341796875,22.969999313354492,168.8,5.3,6.43,6.23,,1.85,91.6634,14.2
1999-12-29,1463.4599609375,23.09000015258789,168.8,5.3,6.4,6.21,,1.84,91.6634,14.2
1999-12-30,1464.469970703125,24.760000228881836,168.8,5.3,6.39,6.19,,1.84,91.6634,14.2
1999-12-31,1469.25,24.639999389648438,168.8,5.3,6.45,6.24,,1.73,91.6634,14.2
2000-01-03,1455.219970703125,24.209999084472656,169.3,5.45,6.58,6.38,,1.69,91.538,11.2
2000-01-04,1399.4200439453125,27.010000228881836,169.3,5.45,6.49,6.3,,1.72,91.538,11.2
2000-01-05,1402.1099853515625,26.40999984741211,169.3,5.45,6.62,6.38,,1.67,91.538,11.2
2000-01-06,1403.449951171875,25.729999542236328,169.3,5.45,6.57,6.35,,1.67,91.538,11.2
2000-01-07,1441.469970703125,21.719999313354492,169.3,5.45,6.52,6.31,,1.7,91.538,11.2
2000-01-10,1457.5999755859375,21.709999084472656,169.3,5.45,6.57,6.38,,1.7,91.538,11.2
2000-01-11,1438.56005859375,22.5,169.3,5.45,6.67,6.45,,1.69,91.538,11.2
2000-01-12,1432.25,22.84000015258789,169.3,5.45,6.72,6.49,,1.68,91.538,11.2
2000-01-13,1449.6800537109375,21.709999084472656,169.3,5.45,6.63,6.4,,1.75,91.538,11.2
2000-01-14,1465.1500244140625,19.65999984741211,169.3,5.45,6.69,6.44,,1.73,91.538,11.2
2000-01-18,1455.1400146484375,21.5,169.3,5.45,6.75,6.47,,1.72,91.538,11.2
2000-01-19,1455.9000244140625,21.719999313354492,169.3,5.45,6.73,6.46,,1.7,91.538,11.2
2000-01-20,1445.5699462890625,21.75,169.3,5.45,6.79,6.49,,1.66,91.538,11.2
2000-01-21,1441.3599853515625,20.81999969482422,169.3,5.45,6.79,6.48,,1.63,91.538,11.2
2000-01-24,1401.530029296875,24.06999969482422,169.3,5.45,6.69,6.43,,1.67,91.538,11.2
2000-01-25,1410.030029296875,23.020000457763672,169.3,5.45,6.7,6.44,,1.63,91.538,11.2
2000-01-26,1404.0899658203125,23.030000686645508,169.3,5.45,6.69,6.45,,1.59,91.538,11.2
2000-01-27,1398.56005859375,23.540000915527344,169.3,5.45,6.68,6.51,,1.55,91.538,11.2
2000-01-28,1360.1600341796875,26.139999389648438,169.3,5.45,6.66,6.58,,1.6,91.538,11.2
2000-01-31,1394.4599609375,24.950000762939453,169.3,5.45,6.68,6.61,,1.68,91.538,11.2
2000-02-01,1409.280029296875,23.450000762939453,170.0,5.73,6.62,6.6,,1.65,91.8239,14.5
2000-02-02,1409.1199951171875,23.1200008392334,170.0,5.73,6.6,6.63,,1.62,91.8239,14.5
2000-02-03,1424.969970703125,22.010000228881836,170.0,5.73,6.49,6.56,,1.64,91.8239,14.5
2000-02-04,1424.3699951171875,21.540000915527344,170.0,5.73,6.53,6.63,,1.6,91.8239,14.5
2000-02-07,1424.239990234375,22.790000915527344,170.0,5.73,6.64,6.68,,1.66,91.8239,14.5
2000-02-08,1441.719970703125,21.25,170.0,5.73,6.59,6.69,,1.59,91.8239,14.5
2000-02-09,1411.7099609375,22.899999618530273,170.0,5.73,6.56,6.69,,1.7,91.8239,14.5
2000-02-10,1416.8299560546875,23.06999969482422,170.0,5.73,6.67,6.67,,1.72,91.8239,14.5
2000-02-11,1387.1199951171875,24.420000076293945,170.0,5.73,6.63,6.65,,1.73,91.8239,14.5
2000-02-14,1389.93994140625,24.3799991607666,170.0,5.73,6.56,6.62,,1.74,91.8239,14.5
2000-02-15,1402.050048828125,22.920000076293945,170.0,5.73,6.56,6.66,,1.77,91.8239,14.5
2000-02-16,1387.6700439453125,23.510000228881836,170.0,5.73,6.56,6.63,,1.79,91.8239,14.5
2000-02-17,1388.260009765625,23.170000076293945,170.0,5.73,6.58,6.69,,1.75,91.8239,14.5
2000-02-18,1346.0899658203125,26.0,170.0,5.73,6.49,6.66,,1.82,91.8239,14.5
2000-02-22,1352.1700439453125,25.860000610351562,170.0,5.73,6.36,6.57,,1.88,91.8239,14.5
2000-02-23,1360.68994140625,23.889999389648438,170.0,5.73,6.44,6.61,,1.84,91.8239,14.5
2000-02-24,1353.4300537109375,24.3799991607666,170.0,5.73,6.36,6.52,,1.94,91.8239,14.5
2000-02-25,1333.3599853515625,25.200000762939453,170.0,5.73,6.36,6.45,,1.99,91.8239,14.5
2000-02-28,1348.050048828125,24.68000030517578,170.0,5.73,6.37,6.47,,2.01,91.8239,14.5
2000-02-29,1366.4200439453125,23.3700008392334,170.0,5.73,6.42,6.53,,1.91,91.8239,14.5
2000-03-01,1379.18994140625,21.639999389648438,171.0,5.85,6.39,6.52,,1.96,92.1504,19.4
2000-03-02,1381.760009765625,21.059999465942383,171.0,5.85,6.4,6.52,,1.95,92.1504,19.4
2000-03-03,1409.1700439453125,19.209999084472656,171.0,5.85,6.39,6.5,,1.93,92.1504,19.4
2000-03-06,1391.280029296875,21.5,171.0,5.85,6.42,6.55,,1.91,92.1504,19.4
2000-03-07,1355.6199951171875,24.309999465942383,171.0,5.85,6.39,6.48,,1.95,92.1504,19.4
2000-03-08,1366.699951171875,23.81999969482422,171.0,5.85,6.38,6.5,,1.98,92.1504,19.4
2000-03-09,1401.68994140625,22.209999084472656,171.0,5.85,6.35,6.48,,2.05,92.1504,19.4
2000-03-10,1395.0699462890625,21.239999771118164,171.0,5.85,6.39,6.55,,2.09,92.1504,19.4
2000-03-13,1383.6199951171875,22.850000381469727,171.0,5.85,6.36,6.52,,2.17,92.1504,19.4
2000-03-14,1359.1500244140625,24.40999984741211,171.0,5.85,6.31,6.48,,2.15,92.1504,19.4
2000-03-15,1392.1400146484375,22.34000015258789,171.0,5.85,6.29,6.5,,2.17,92.1504,19.4
2000-03-16,1458.469970703125,20.770000457763672,171.0,5.85,6.26,6.5,,2.16,92.1504,19.4
2000-03-17,1464.469970703125,22.3700008392334,171.0,5.85,6.2,6.5,,2.16,92.1504,19.4
2000-03-20,1456.6300048828125,22.959999084472656,171.0,5.85,6.18,6.52,,2.14,92.1504,19.4
2000-03-21,1493.8699951171875,21.700000762939453,171.0,5.85,6.13,6.5,,2.18,92.1504,19.4
2000-03-22,1500.6400146484375,21.489999771118164,171.0,5.85,6.13,6.5,,2.2,92.1504,19.4
2000-03-23,1527.3499755859375,22.260000228881836,171.0,5.85,6.08,6.52,,2.2,92.1504,19.4
2000-03-24,1527.4599609375,23.309999465942383,171.0,5.85,6.2,6.64,,2.13,92.1504,19.4
2000-03-27,1523.8599853515625,24.530000686645508,171.0,5.85,6.21,6.66,,2.11,92.1504,19.4
2000-03-28,1507.72998046875,24.860000610351562,171.0,5.85,6.17,6.6,,2.16,92.1504,19.4
2000-03-29,1508.52001953125,24.100000381469727,171.0,5.85,6.18,6.59,,2.2,92.1504,19.4
2000-03-30,1487.9200439453125,25.469999313354492,171.0,5.85,6.06,6.52,,2.3,92.1504,19.4
2000-03-31,1498.5799560546875,24.110000610351562,171.0,5.85,6.03,6.5,,2.3,92.1504,19.4
2000-04-03,1505.969970703125,24.030000686645508,170.9,6.02,6.0,6.45,,2.3,92.6989,10.0
2000-04-04,1494.72998046875,27.1200008392334,170.9,6.02,5.9,6.35,,2.38,92.6989,10.0
2000-04-05,1487.3699951171875,28.40999984741211,170.9,6.02,5.9,6.35,,2.45,92.6989,10.0
2000-04-06,1501.3399658203125,27.149999618530273,170.9,6.02,5.93,6.38,,2.39,92.6989,10.0
2000-04-07,1516.3499755859375,24.389999389648438,170.9,6.02,5.86,6.38,,2.4,92.6989,10.0
2000-04-10,1504.4599609375,25.989999771118164,170.9,6.02,5.8,6.31,,2.44,92.6989,10.0
2000-04-11,1500.5899658203125,27.25,170.9,6.02,5.89,6.36,,2.45,92.6989,10.0
2000-04-12,1467.1700439453125,28.979999542236328,170.9,6.02,5.97,6.4,,2.44,92.6989,10.0
2000-04-13,1440.510009765625,29.399999618530273,170.9,6.02,5.94,6.4,,2.45,92.6989,10.0
2000-04-14,1356.56005859375,33.4900016784668,170.9,6.02,5.85,6.27,,2.53,92.6989,10.0
2000-04-17,1401.43994140625,28.950000762939453,170.9,6.02,6.01,6.33,,2.5,92.6989,10.0
2000-04-18,1441.6099853515625,26.1200008392334,170.9,6.02,6.05,6.33,,2.43,92.6989,10.0
2000-04-19,1427.469970703125,27.020000457763672,170.9,6.02,5.99,6.33,,2.42,92.6989,10.0
2000-04-20,1434.5400390625,25.850000381469727,170.9,6.02,5.99,6.38,,2.41,92.6989,10.0
2000-04-24,1429.8599853515625,27.3700008392334,170.9,6.02,6.0,6.36,,2.42,92.6989,10.0
2000-04-25,1477.43994140625,25.239999771118164,170.9,6.02,6.14,6.48,,2.36,92.6989,10.0
2000-04-26,1460.989990234375,26.969999313354492,170.9,6.02,6.14,6.5,,2.37,92.6989,10.0
2000-04-27,1464.9200439453125,26.190000534057617,170.9,6.02,6.23,6.63,,2.34,92.6989,10.0
2000-04-28,1452.4300537109375,26.200000762939453,170.9,6.02,6.23,6.68,,2.34,92.6989,10.0
2000-05-01,1468.25,25.8799991607666,171.2,6.27,6.29,6.73,,2.3,92.9499,13.9
2000-05-02,1446.2900390625,28.5,171.2,6.27,6.32,6.72,,2.32,92.9499,13.9
2000-05-03,1415.0999755859375,31.6299991607666,171.2,6.27,6.4,6.73,,2.34,92.9499,13.9
2000-05-04,1409.5699462890625,30.770000457763672,171.2,6.27,6.46,6.77,,2.38,92.9499,13.9
2000-05-05,1432.6300048828125,27.530000686645508,171.2,6.27,6.51,6.84,,2.36,92.9499,13.9
2000-05-08,1424.1700439453125,28.200000762939453,171.2,6.27,6.57,6.87,,2.35,92.9499,13.9
2000-05-09,1412.1400146484375,28.93000030517578,171.2,6.27,6.53,6.86,,2.36,92.9499,13.9
2000-05-10,1383.050048828125,29.8700008392334,171.2,6.27,6.47,6.84,,2.41,92.9499,13.9
2000-05-11,1407.81005859375,27.760000228881836,171.2,6.27,6.43,6.82,,2.49,92.9499,13.9
2000-05-12,1420.9599609375,26.049999237060547,171.2,6.27,6.51,6.91,,2.52,92.9499,13.9
2000-05-15,1452.3599853515625,24.860000610351562,171.2,6.27,6.47,6.88,,2.52,92.9499,13.9
2000-05-16,1466.0400390625,24.34000015258789,171.2,6.27,6.43,6.89,,2.51,92.9499,13.9
2000-05-17,1447.800048828125,23.979999542236328,171.2,6.27,6.48,6.9,,2.53,92.9499,13.9
2000-05-18,1437.2099609375,23.959999084472656,171.2,6.27,6.56,6.93,,2.52,92.9499,13.9
2000-05-19,1406.949951171875,25.440000534057617,171.2,6.27,6.51,6.86,,2.55,92.9499,13.9
2000-05-22,1400.719970703125,26.0,171.2,6.27,6.44,6.81,,2.57,92.9499,13.9
2000-05-23,1373.8599853515625,25.8700008392334,171.2,6.27,6.45,6.83,,2.55,92.9499,13.9
2000-05-24,1399.050048828125,24.31999969482422,171.2,6.27,6.47,6.79,,2.52,92.9499,13.9
2000-05-25,1381.52001953125,24.579999923706055,171.2,6.27,6.39,6.71,,2.5,92.9499,13.9
2000-05-26,1378.02001953125,24.469999313354492,171.2,6.27,6.33,6.69,,2.51,92.9499,13.9
2000-05-30,1422.449951171875,23.6200008392334,171.2,6.27,6.38,6.74,,2.49,92.9499,13.9
2000-05-31,1420.5999755859375,23.649999618530273,171.2,6.27,6.29,6.69,,2.52,92.9499,13.9
2000-06-01,1448.81005859375,22.360000610351562,172.2,6.53,6.2,6.61,,2.51,92.9862,2.6
2000-06-02,1477.260009765625,21.479999542236328,172.2,6.53,6.15,6.52,,2.5,92.9862,2.6
2000-06-05,1467.6300048828125,22.709999084472656,172.2,6.53,6.12,6.49,,2.44,92.9862,2.6
2000-06-06,1457.8399658203125,23.049999237060547,172.2,6.53,6.14,6.51,,2.39,92.9862,2.6
2000-06-07,1471.3599853515625,22.479999542236328,172.2,6.53,6.13,6.52,,2.36,92.9862,2.6
2000-06-08,1461.6700439453125,22.770000457763672,172.2,6.53,6.13,6.56,,2.35,92.9862,2.6
2000-06-09,1456.949951171875,22.139999389648438,172.2,6.53,6.13,6.56,,2.34,92.9862,2.6
2000-06-12,1446.0,22.31999969482422,172.2,6.53,6.09,6.52,,2.35,92.9862,2.6
2000-06-13,1469.43994140625,21.670000076293945,172.2,6.53,6.11,6.49,,2.36,92.9862,2.6
2000-06-14,1470.5400390625,21.479999542236328,172.2,6.53,6.06,6.44,,2.35,92.9862,2.6
2000-06-15,1478.72998046875,20.68000030517578,172.2,6.53,6.05,6.44,,2.36,92.9862,2.6
2000-06-16,1464.4599609375,20.5,172.2,6.53,5.99,6.38,,2.37,92.9862,2.6
2000-06-19,1486.0,20.6299991607666,172.2,6.53,6.0,6.4,,2.38,92.9862,2.6
2000-06-20,1475.949951171875,20.8799991607666,172.2,6.53,6.03,6.43,,2.36,92.9862,2.6
2000-06-21,1479.1300048828125,20.610000610351562,172.2,6.53,6.11,6.5,,2.35,92.9862,2.6
2000-06-22,1452.1800537109375,22.0,172.2,6.53,6.12,6.5,,2.37,92.9862,2.6
2000-06-23,1441.47998046875,22.34000015258789,172.2,6.53,6.19,6.55,,2.34,92.9862,2.6
2000-06-26,1455.31005859375,22.450000762939453,172.2,6.53,6.11,6.5,,2.41,92.9862,2.6
2000-06-27,1450.550048828125,21.799999237060547,172.2,6.53,6.1,6.5,,2.38,92.9862,2.6
2000-06-28,1454.8199462890625,20.290000915527344,172.2,6.53,6.11,6.43,,2.4,92.9862,2.6
2000-06-29,1442.3900146484375,19.700000762939453,172.2,6.53,6.04,6.37,,2.4,92.9862,2.6
2000-06-30,1454.5999755859375,19.540000915527344,172.2,6.53,6.03,6.38,,2.4,92.9862,2.6
2000-07-03,1469.5400390625,19.829999923706055,172.7,6.54,6.0,6.31,,2.41,92.8048,4.7
2000-07-05,1446.22998046875,21.15999984741211,172.7,6.54,5.99,6.29,,2.4,92.8048,4.7
2000-07-06,1456.6700439453125,20.940000534057617,172.7,6.54,6.05,6.34,,2.38,92.8048,4.7
2000-07-07,1478.9000244140625,19.219999313354492,172.7,6.54,6.01,6.29,,2.37,92.8048,4.7
2000-07-10,1475.6199951171875,20.329999923706055,172.7,6.54,6.04,6.31,,2.34,92.8048,4.7
2000-07-11,1480.8800048828125,20.110000610351562,172.7,6.54,6.06,6.32,,2.33,92.8048,4.7
2000-07-12,1492.9200439453125,20.030000686645508,172.7,6.54,6.09,6.34,,2.29,92.8048,4.7
2000-07-13,1495.8399658203125,20.030000686645508,172.7,6.54,6.01,6.31,,2.3,92.8048,4.7
2000-07-14,1509.97998046875,19.31999969482422,172.7,6.54,6.1,6.41,,2.24,92.8048,4.7
2000-07-17,1510.489990234375,19.450000762939453,172.7,6.54,6.17,6.46,,2.22,92.8048,4.7
2000-07-18,1493.739990234375,19.75,172.7,6.54,6.16,6.44,,2.22,92.8048,4.7
2000-07-19,1481.9599609375,19.649999618530273,172.7,6.54,6.16,6.46,,2.24,92.8048,4.7
2000-07-20,1495.5699462890625,18.940000534057617,172.7,6.54,6.01,6.32,,2.29,92.8048,4.7
2000-07-21,1480.18994140625,18.940000534057617,172.7,6.54,6.01,6.32,,2.27,92.8048,4.7
2000-07-24,1464.2900390625,19.920000076293945,172.7,6.54,6.04,6.35,,2.26,92.8048,4.7
2000-07-25,1474.469970703125,19.389999389648438,172.7,6.54,6.04,6.35,,2.26,92.8048,4.7
2000-07-26,1452.4200439453125,19.670000076293945,172.7,6.54,6.04,6.29,,2.27,92.8048,4.7
2000-07-27,1449.6199951171875,19.600000381469727,172.7,6.54,6.02,6.27,,2.24,92.8048,4.7
2000-07-28,1419.8900146484375,20.84000015258789,172.7,6.54,6.04,6.3,,2.25,92.8048,4.7
2000-07-31,1430.8299560546875,20.739999771118164,172.7,6.54,6.04,6.3,,2.27,92.8048,4.7
2000-08-01,1438.0999755859375,20.549999237060547,172.7,6.5,6.0,6.27,,2.27,92.5521,17.3
2000-08-02,1438.699951171875,20.0,172.7,6.5,5.98,6.23,,2.3,92.5521,17.3
2000-08-03,1452.56005859375,19.989999771118164,172.7,6.5,5.95,6.22,,2.31,92.5521,17.3
2000-08-04,1462.9300537109375,18.6200008392334,172.7,6.5,5.91,6.15,,2.33,92.5521,17.3
2000-08-07,1479.3199462890625,19.030000686645508,172.7,6.5,5.97,6.2,,2.29,92.5521,17.3
2000-08-08,1482.800048828125,18.790000915527344,172.7,6.5,5.93,6.16,,2.31,92.5521,17.3
2000-08-09,1472.8699951171875,19.18000030517578,172.7,6.5,5.81,6.18,,2.44,92.5521,17.3
2000-08-10,1460.25,19.190000534057617,172.7,6.5,5.76,6.16,,2.47,92.5521,17.3
2000-08-11,1471.8399658203125,18.549999237060547,172.7,6.5,5.79,6.25,,2.45,92.5521,17.3
2000-08-14,1491.56005859375,17.8799991607666,172.7,6.5,5.78,6.25,,2.45,92.5521,17.3
2000-08-15,1484.4300537109375,17.979999542236328,172.7,6.5,5.81,6.28,,2.43,92.5521,17.3
2000-08-16,1479.8499755859375,18.020000457763672,172.7,6.5,5.83,6.3,,2.42,92.5521,17.3
2000-08-17,1496.0699462890625,17.479999542236328,172.7,6.5,5.81,6.3,,2.46,92.5521,17.3
2000-08-18,1491.719970703125,17.049999237060547,172.7,6.5,5.78,6.27,,2.46,92.5521,17.3
2000-08-21,1499.47998046875,17.350000381469727,172.7,6.5,5.79,6.28,,2.47,92.5521,17.3
2000-08-22,1498.1300048828125,17.469999313354492,172.7,6.5,5.78,6.27,,2.51,92.5521,17.3
2000-08-23,1505.969970703125,17.3799991607666,172.7,6.5,5.73,6.2,,2.53,92.5521,17.3
2000-08-24,1508.31005859375,17.040000915527344,172.7,6.5,5.73,6.19,,2.49,92.5521,17.3
2000-08-25,1506.449951171875,16.530000686645508,172.7,6.5,5.73,6.19,,2.5,92.5521,17.3
2000-08-28,1514.0899658203125,16.540000915527344,172.7,6.5,5.78,6.23,,2.49,92.5521,17.3
2000-08-29,1509.8399658203125,16.889999389648438,172.7,6.5,5.81,6.26,,2.49,92.5521,17.3
2000-08-30,1502.5899658203125,17.690000534057617,172.7,6.5,5.81,6.24,,2.49,92.5521,17.3
2000-08-31,1517.6800537109375,16.84000015258789,172.7,6.5,5.73,6.18,,2.51,92.5521,17.3
2000-09-01,1520.77001953125,17.530000686645508,173.6,6.52,5.68,6.09,,2.54,92.9792,5.5
2000-09-05,1507.0799560546875,19.81999969482422,173.6,6.52,5.69,6.09,,2.53,92.9792,5.5
2000-09-06,1492.25,20.790000915527344,173.6,6.52,5.72,6.11,,2.54,92.9792,5.5
2000-09-07,1502.510009765625,19.420000076293945,173.6,6.52,5.76,6.14,,2.51,92.9792,5.5
2000-09-08,1494.5,18.459999084472656,173.6,6.52,5.73,6.11,,2.52,92.9792,5.5
2000-09-11,1489.260009765625,18.399999618530273,173.6,6.52,5.77,6.12,,2.52,92.9792,5.5
2000-09-12,1481.989990234375,18.59000015258789,173.6,6.52,5.78,6.12,,2.56,92.9792,5.5
2000-09-13,1484.9100341796875,18.31999969482422,173.6,6.52,5.74,6.09,,2.58,92.9792,5.5
2000-09-14,1480.8699951171875,18.260000228881836,173.6,6.52,5.79,6.11,,2.58,92.9792,5.5
2000-09-15,1465.81005859375,18.520000457763672,173.6,6.52,5.84,6.07,,2.6,92.9792,5.5
2000-09-18,1444.510009765625,20.25,173.6,6.52,5.88,6.04,,2.61,92.9792,5.5
2000-09-19,1459.9000244140625,19.540000915527344,173.6,6.52,5.86,6.05,,2.57,92.9792,5.5
2000-09-20,1451.3399658203125,19.93000030517578,173.6,6.52,5.91,6.11,,2.55,92.9792,5.5
2000-09-21,1449.050048828125,20.18000030517578,173.6,6.52,5.88,6.11,,2.55,92.9792,5.5
2000-09-22,1448.719970703125,20.739999771118164,173.6,6.52,5.85,6.09,,2.55,92.9792,5.5
2000-09-25,1439.030029296875,21.40999984741211,173.6,6.52,5.84,6.11,,2.53,92.9792,5.5
2000-09-26,1427.2099609375,21.8799991607666,173.6,6.52,5.81,6.07,,2.52,92.9792,5.5
2000-09-27,1426.5699462890625,21.670000076293945,173.6,6.52,5.83,6.0,,2.54,92.9792,5.5
2000-09-28,1458.2900390625,19.469999313354492,173.6,6.52,5.82,6.02,,2.5,92.9792,5.5
2000-09-29,1436.510009765625,20.56999969482422,173.6,6.52,5.8,5.98,,2.54,92.9792,5.5
2000-10-02,1436.22998046875,21.229999542236328,173.9,6.51,5.83,5.98,,2.58,92.6179,1.8
2000-10-03,1426.4599609375,21.850000381469727,173.9,6.51,5.87,6.0,,2.54,92.6179,1.8
2000-10-04,1434.3199462890625,21.540000915527344,173.9,6.51,5.9,6.03,,2.51,92.6179,1.8
2000-10-05,1436.280029296875,21.030000686645508,173.9,6.51,5.87,6.02,,2.52,92.6179,1.8
2000-10-06,1408.989990234375,22.709999084472656,173.9,6.51,5.82,5.98,,2.53,92.6179,1.8
2000-10-09,1402.030029296875,24.020000457763672,173.9,6.51,5.82,5.98,,2.53,92.6179,1.8
2000-10-10,1387.02001953125,24.860000610351562,173.9,6.51,5.8,5.98,,2.54,92.6179,1.8
2000-10-11,1364.5899658203125,26.56999969482422,173.9,6.51,5.77,5.93,,2.61,92.6179,1.8
2000-10-12,1329.780029296875,30.510000228881836,173.9,6.51,5.73,5.86,,2.64,92.6179,1.8
2000-10-13,1374.1700439453125,27.600000381469727,173.9,6.51,5.73,5.84,,2.64,92.6179,1.8
2000-10-16,1374.6199951171875,26.790000915527344,173.9,6.51,5.74,5.89,,2.63,92.6179,1.8
2000-10-17,1349.969970703125,27.84000015258789,173.9,6.51,5.68,5.83,,2.64,92.6179,1.8
2000-10-18,1342.1300048828125,28.719999313354492,173.9,6.51,5.66,5.82,,2.68,92.6179,1.8
2000-10-19,1388.760009765625,25.09000015258789,173.9,6.51,5.66,5.86,,2.66,92.6179,1.8
2000-10-20,1396.9300537109375,24.239999771118164,173.9,6.51,5.64,5.84,,2.65,92.6179,1.8
2000-10-23,1395.780029296875,24.690000534057617,173.9,6.51,5.59,5.82,,2.68,92.6179,1.8
2000-10-24,1398.1300048828125,24.280000686645508,173.9,6.51,5.63,5.86,,2.66,92.6179,1.8
2000-10-25,1364.9000244140625,26.649999618530273,173.9,6.51,5.67,5.87,,2.65,92.6179,1.8
2000-10-26,1364.43994140625,28.6200008392334,173.9,6.51,5.69,5.9,,2.6,92.6179,1.8
2000-10-27,1379.5799560546875,26.469999313354492,173.9,6.51,5.72,5.94,,2.58,92.6179,1.8
2000-10-30,1398.6600341796875,25.459999084472656,173.9,6.51,5.74,5.97,,2.56,92.6179,1.8
2000-10-31,1429.4000244140625,23.6299991607666,173.9,6.51,5.77,5.94,,2.56,92.6179,1.8
2000-11-01,1421.219970703125,24.280000686645508,174.2,6.51,5.74,5.88,,2.57,92.6438,7.1
2000-11-02,1428.3199462890625,23.920000076293945,174.2,6.51,5.74,5.87,,2.54,92.6438,7.1
2000-11-03,1426.68994140625,23.670000076293945,174.2,6.51,5.83,5.94,,2.52,92.6438,7.1
2000-11-06,1432.18994140625,24.520000457763672,174.2,6.51,5.87,5.99,,2.5,92.6438,7.1
2000-11-07,1431.8699951171875,24.90999984741211,174.2,6.51,5.87,5.99,,2.5,92.6438,7.1
2000-11-08,1409.280029296875,25.65999984741211,174.2,6.51,5.87,5.99,,2.48,92.6438,7.1
2000-11-09,1400.1400146484375,27.200000762939453,174.2,6.51,5.82,5.94,,2.5,92.6438,7.1
2000-11-10,1365.97998046875,28.530000686645508,174.2,6.51,5.82,5.92,,2.5,92.6438,7.1
2000-11-13,1351.260009765625,29.059999465942383,174.2,6.51,5.77,5.9,,2.52,92.6438,7.1
2000-11-14,1382.949951171875,26.809999465942383,174.2,6.51,5.76,5.92,,2.52,92.6438,7.1
2000-11-15,1389.81005859375,26.149999618530273,174.2,6.51,5.72,5.9,,2.52,92.6438,7.1
2000-11-16,1372.3199462890625,25.049999237060547,174.2,6.51,5.68,5.87,,2.54,92.6438,7.1
2000-11-17,1367.719970703125,24.809999465942383,174.2,6.51,5.71,5.88,,2.58,92.6438,7.1
2000-11-20,1342.6199951171875,27.43000030517578,174.2,6.51,5.68,5.87,,2.61,92.6438,7.1
2000-11-21,1347.3499755859375,26.6200008392334,174.2,6.51,5.67,5.86,,2.64,92.6438,7.1
2000-11-22,1322.3599853515625,27.709999084472656,174.2,6.51,5.62,5.85,,2.61,92.6438,7.1
2000-11-24,1341.77001953125,26.0,174.2,6.51,5.63,5.86,,2.63,92.6438,7.1
2000-11-27,1348.969970703125,26.93000030517578,174.2,6.51,5.64,5.86,,2.65,92.6438,7.1
2000-11-28,1336.0899658203125,27.639999389648438,174.2,6.51,5.59,5.79,,2.6,92.6438,7.1
2000-11-29,1341.9300537109375,27.489999771118164,174.2,6.51,5.55,5.69,,2.63,92.6438,7.1
2000-11-30,1314.949951171875,29.649999618530273,174.2,6.51,5.48,5.61,,2.64,92.6438,7.1
2000-12-01,1315.22998046875,27.479999542236328,174.6,6.4,5.52,5.62,,2.66,92.3415,-7.8
2000-12-04,1324.969970703125,27.780000686645508,174.6,6.4,5.53,5.59,,2.66,92.3415,-7.8
2000-12-05,1376.5400390625,24.989999771118164,174.6,6.4,5.43,5.49,,2.69,92.3415,-7.8
2000-12-06,1351.4599609375,25.06999969482422,174.6,6.4,5.32,5.42,,2.73,92.3415,-7.8
2000-12-07,1343.550048828125,25.34000015258789,174.6,6.4,5.32,5.45,,2.72,92.3415,-7.8
2000-12-08,1369.8900146484375,22.40999984741211,174.6,6.4,5.35,5.5,,2.74,92.3415,-7.8
2000-12-11,1380.199951171875,23.510000228881836,174.6,6.4,5.37,5.52,,2.71,92.3415,-7.8
2000-12-12,1371.1800537109375,24.8799991607666,174.6,6.4,5.36,5.54,,2.72,92.3415,-7.8
2000-12-13,1359.989990234375,23.6299991607666,174.6,6.4,5.29,5.45,,2.74,92.3415,-7.8
2000-12-14,1340.9300537109375,24.860000610351562,174.6,6.4,5.23,5.43,,2.77,92.3415,-7.8
2000-12-15,1312.1500244140625,26.549999237060547,174.6,6.4,5.2,5.38,,2.77,92.3415,-7.8
2000-12-18,1322.739990234375,27.700000762939453,174.6,6.4,5.17,5.33,,2.81,92.3415,-7.8
2000-12-19,1305.5999755859375,27.170000076293945,174.6,6.4,5.19,5.35,,2.81,92.3415,-7.8
2000-12-20,1264.739990234375,31.739999771118164,174.6,6.4,5.08,5.24,,2.87,92.3415,-7.8
2000-12-21,1274.8599853515625,29.65999984741211,174.6,6.4,5.03,5.14,,2.89,92.3415,-7.8
2000-12-22,1305.949951171875,27.549999237060547,174.6,6.4,5.02,5.1,,2.9,92.3415,-7.8
2000-12-26,1315.18994140625,28.729999542236328,174.6,6.4,5.04,5.1,,2.89,92.3415,-7.8
2000-12-27,1328.9200439453125,28.139999389648438,174.6,6.4,5.11,5.1,,2.86,92.3415,-7.8
2000-12-28,1334.219970703125,26.56999969482422,174.6,6.4,5.13,5.18,,2.83,92.3415,-7.8
2000-12-29,1320.280029296875,26.850000381469727,174.6,6.4,5.12,5.11,,2.88,92.3415,-7.8
2001-01-02,1283.27001953125,29.989999771118164,175.6,5.98,4.92,4.87,,2.99,91.902,-36.6
2001-01-03,1347.56005859375,26.600000381469727,175.6,5.98,5.14,4.92,,2.83,91.902,-36.6
2001-01-04,1333.3399658203125,26.969999313354492,175.6,5.98,5.03,4.77,,2.91,91.902,-36.6
2001-01-05,1298.3499755859375,28.670000076293945,175.6,5.98,4.93,4.56,,2.99,91.902,-36.6
2001-01-08,1295.8599853515625,29.84000015258789,175.6,5.98,4.94,4.54,,2.94,91.902,-36.6
2001-01-09,1300.800048828125,27.989999771118164,175.6,5.98,4.98,4.64,,2.92,91.902,-36.6
2001-01-10,1313.27001953125,26.799999237060547,175.6,5.98,5.1,4.76,,2.83,91.902,-36.6
2001-01-11,1326.8199462890625,25.790000915527344,175.6,5.98,5.14,4.77,,2.85,91.902,-36.6
2001-01-12,1318.550048828125,24.559999465942383,175.6,5.98,5.25,4.9,,2.8,91.902,-36.6
2001-01-16,1326.6500244140625,25.280000686645508,175.6,5.98,5.24,4.89,,2.73,91.902,-36.6
2001-01-17,1329.469970703125,24.93000030517578,175.6,5.98,5.19,4.84,,2.72,91.902,-36.6
2001-01-18,1347.969970703125,23.3700008392334,175.6,5.98,5.12,4.72,,2.72,91.902,-36.6
2001-01-19,1342.5400390625,23.239999771118164,175.6,5.98,5.19,4.75,,2.7,91.902,-36.6
2001-01-22,1342.9000244140625,23.25,175.6,5.98,5.25,4.75,,2.71,91.902,-36.6
2001-01-23,1360.4000244140625,21.56999969482422,175.6,5.98,5.3,4.82,,2.67,91.902,-36.6
2001-01-24,1364.300048828125,22.030000686645508,175.6,5.98,5.33,4.81,,2.61,91.902,-36.6
2001-01-25,1357.510009765625,22.639999389648438,175.6,5.98,5.29,4.78,,2.63,91.902,-36.6
2001-01-26,1354.949951171875,22.56999969482422,175.6,5.98,5.29,4.78,,2.65,91.902,-36.6
2001-01-29,1364.1700439453125,22.610000610351562,175.6,5.98,5.32,4.77,,2.65,91.902,-36.6
2001-01-30,1373.72998046875,22.56999969482422,175.6,5.98,5.24,4.7,,2.65,91.902,-36.6
2001-01-31,1366.010009765625,22.020000457763672,175.6,5.98,5.19,4.62,,2.62,91.902,-36.6
2001-02-01,1373.469970703125,21.65999984741211,176.0,5.49,5.1,4.55,,2.63,91.3034,-29.4
2001-02-02,1349.469970703125,21.950000762939453,176.0,5.49,5.17,4.65,,2.63,91.3034,-29.4
2001-02-05,1354.31005859375,22.190000534057617,176.0,5.49,5.18,4.68,,2.59,91.3034,-29.4
2001-02-06,1352.260009765625,21.979999542236328,176.0,5.49,5.22,4.72,,2.58,91.3034,-29.4
2001-02-07,1340.8900146484375,21.670000076293945,176.0,5.49,5.1,4.7,,2.77,91.3034,-29.4
2001-02-08,1332.530029296875,21.459999084472656,176.0,5.49,5.1,4.73,,2.78,91.3034,-29.4
2001-02-09,1314.760009765625,22.030000686645508,176.0,5.49,5.03,4.67,,2.79,91.3034,-29.4
2001-02-12,1330.31005859375,21.920000076293945,176.0,5.49,5.05,4.67,,2.82,91.3034,-29.4
2001-02-13,1318.800048828125,21.3700008392334,176.0,5.49,5.07,4.75,,2.82,91.3034,-29.4
2001-02-14,1315.9200439453125,21.520000457763672,176.0,5.49,5.13,4.84,,2.77,91.3034,-29.4
2001-02-15,1326.6099853515625,20.270000457763672,176.0,5.49,5.19,4.89,,2.77,91.3034,-29.4
2001-02-16,1301.530029296875,22.1200008392334,176.0,5.49,5.11,4.75,,2.81,91.3034,-29.4
2001-02-20,1278.93994140625,24.690000534057617,176.0,5.49,5.11,4.73,,2.81,91.3034,-29.4
2001-02-21,1255.27001953125,25.75,176.0,5.49,5.14,4.68,,2.82,91.3034,-29.4
2001-02-22,1252.8199462890625,26.760000228881836,176.0,5.49,5.15,4.63,,2.84,91.3034,-29.4
2001-02-23,1245.8599853515625,27.209999084472656,176.0,5.49,5.1,4.53,,2.86,91.3034,-29.4
2001-02-26,1267.6500244140625,25.43000030517578,176.0,5.49,5.05,4.46,,2.89,91.3034,-29.4
2001-02-27,1257.93994140625,26.489999771118164,176.0,5.49,4.96,4.44,,2.86,91.3034,-29.4
2001-02-28,1239.93994140625,28.350000381469727,176.0,5.49,4.92,4.41,,2.88,91.3034,-29.4
2001-03-01,1241.22998046875,28.079999923706055,176.1,5.31,4.87,4.41,,2.88,91.1162,-20.8
2001-03-02,1234.1800537109375,27.43000030517578,176.1,5.31,4.95,4.48,,2.87,91.1162,-20.8
2001-03-05,1241.4100341796875,27.1200008392334,176.1,5.31,4.98,4.49,,2.83,91.1162,-20.8
2001-03-06,1253.800048828125,25.889999389648438,176.1,5.31,4.99,4.49,,2.85,91.1162,-20.8
2001-03-07,1261.8900146484375,24.1200008392334,176.1,5.31,4.92,4.43,,2.85,91.1162,-20.8
2001-03-08,1264.739990234375,24.290000915527344,176.1,5.31,4.89,4.43,,2.87,91.1162,-20.8
2001-03-09,1233.4200439453125,25.6200008392334,176.1,5.31,4.95,4.47,,2.82,91.1162,-20.8
2001-03-12,1180.1600341796875,30.31999969482422,176.1,5.31,4.92,4.46,,2.86,91.1162,-20.8
2001-03-13,1197.6600341796875,27.549999237060547,176.1,5.31,4.95,4.46,,2.85,91.1162,-20.8
2001-03-14,1166.7099609375,29.610000610351562,176.1,5.31,4.84,4.32,,2.98,91.1162,-20.8
2001-03-15,1173.56005859375,28.559999465942383,176.1,5.31,4.81,4.22,,3.03,91.1162,-20.8
2001-03-16,1150.530029296875,29.90999984741211,176.1,5.31,4.78,4.26,,3.03,91.1162,-20.8
2001-03-19,1170.81005859375,29.780000686645508,176.1,5.31,4.82,4.32,,3.02,91.1162,-20.8
2001-03-20,1142.6199951171875,30.959999084472656,176.1,5.31,4.78,4.24,,3.06,91.1162,-20.8
2001-03-21,1122.1400146484375,31.93000030517578,176.1,5.31,4.77,4.21,,3.06,91.1162,-20.8
2001-03-22,1117.5799560546875,32.84000015258789,176.1,5.31,4.73,4.17,,3.07,91.1162,-20.8
2001-03-23,1139.8299560546875,30.450000762939453,176.1,5.31,4.8,4.24,,3.04,91.1162,-20.8
2001-03-26,1152.68994140625,29.040000915527344,176.1,5.31,4.85,4.27,,3.05,91.1162,-20.8
2001-03-27,1182.1700439453125,27.040000915527344,176.1,5.31,5.0,4.41,,2.98,91.1162,-20.8
2001-03-28,1153.2900390625,28.579999923706055,176.1,5.31,4.97,4.3,,3.03,91.1162,-20.8
2001-03-29,1147.949951171875,29.170000076293945,176.1,5.31,4.98,4.27,,3.02,91.1162,-20.8
2001-03-30,1160.3299560546875,28.639999389648438,176.1,5.31,4.93,4.18,,3.04,91.1162,-20.8
2001-04-02,1145.8699951171875,31.209999084472656,176.4,4.8,4.98,4.22,,3.0,90.7891,-10.8
2001-04-03,1106.4599609375,34.720001220703125,176.4,4.8,4.94,4.15,,3.03,90.7891,-10.8
2001-04-04,1103.25,34.06999969482422,176.4,4.8,4.94,4.12,,3.04,90.7891,-10.8
2001-04-05,1151.43994140625,29.940000534057617,176.4,4.8,4.98,4.19,,3.03,90.7891,-10.8
2001-04-06,1128.4300537109375,31.690000534057617,176.4,4.8,4.89,4.07,,3.06,90.7891,-10.8
2001-04-09,1137.5899658203125,31.90999984741211,176.4,4.8,4.93,4.1,,3.04,90.7891,-10.8
2001-04-10,1168.3800048828125,29.440000534057617,176.4,4.8,5.09,4.24,,2.99,90.7891,-10.8
2001-04-11,1165.8900146484375,28.459999084472656,176.4,4.8,5.12,4.29,,2.96,90.7891,-10.8
2001-04-12,1183.5,26.1200008392334,176.4,4.8,5.17,4.36,,2.92,90.7891,-10.8
2001-04-16,1179.6800537109375,26.329999923706055,176.4,4.8,5.28,4.49,,2.9,90.7891,-10.8
2001-04-17,1191.81005859375,25.610000610351562,176.4,4.8,5.21,4.41,,2.93,90.7891,-10.8
2001-04-18,1238.1600341796875,24.1299991607666,176.4,4.8,5.14,4.26,,2.95,90.7891,-10.8
2001-04-19,1253.68994140625,24.15999984741211,176.4,4.8,5.27,4.29,,2.91,90.7891,-10.8
2001-04-20,1242.97998046875,25.3799991607666,176.4,4.8,5.29,4.26,,2.87,90.7891,-10.8
2001-04-23,1224.3599853515625,28.15999984741211,176.4,4.8,5.2,4.15,,2.9,90.7891,-10.8
2001-04-24,1209.469970703125,28.489999771118164,176.4,4.8,5.22,4.16,,2.85,90.7891,-10.8
2001-04-25,1228.75,27.399999618530273,176.4,4.8,5.28,4.2,,2.85,90.7891,-10.8
2001-04-26,1234.52001953125,25.959999084472656,176.4,4.8,5.2,4.14,,2.83,90.7891,-10.8
2001-04-27,1253.050048828125,24.020000457763672,176.4,4.8,5.34,4.28,,2.76,90.7891,-10.8
2001-04-30,1249.4599609375,25.479999542236328,176.4,4.8,5.35,4.3,,2.73,90.7891,-10.8
2001-05-01,1266.43994140625,24.200000762939453,177.3,4.21,5.3,4.23,,2.75,90.3555,-11.8
2001-05-02,1267.4300537109375,24.229999542236328,177.3,4.21,5.31,4.27,,2.7,90.3555,-11.8
2001-05-03,1248.5799560546875,25.780000686645508,177.3,4.21,5.22,4.22,,2.7,90.3555,-11.8
2001-05-04,1266.6099853515625,23.90999984741211,177.3,4.21,5.21,4.14,,2.73,90.3555,-11.8
2001-05-07,1263.510009765625,24.860000610351562,177.3,4.21,5.21,4.12,,2.75,90.3555,-11.8
2001-05-08,1261.199951171875,24.440000534057617,177.3,4.21,5.24,4.1,,2.76,90.3555,-11.8
2001-05-09,1255.5400390625,24.350000381469727,177.3,4.21,5.2,4.07,,2.76,90.3555,-11.8
2001-05-10,1255.1800537109375,24.0,177.3,4.21,5.31,4.17,,2.74,90.3555,-11.8
2001-05-11,1245.6700439453125,23.540000915527344,177.3,4.21,5.51,4.36,,2.67,90.3555,-11.8
2001-05-14,1248.9200439453125,24.260000228881836,177.3,4.21,5.46,4.29,,2.68,90.3555,-11.8
2001-05-15,1249.43994140625,23.709999084472656,177.3,4.21,5.5,4.28,,2.69,90.3555,-11.8
2001-05-16,1284.989990234375,21.889999389648438,177.3,4.21,5.48,4.25,,2.66,90.3555,-11.8
2001-05-17,1288.489990234375,21.469999313354492,177.3,4.21,5.46,4.33,,2.61,90.3555,-11.8
2001-05-18,1291.9599609375,21.229999542236328,177.3,4.21,5.41,4.37,,2.62,90.3555,-11.8
2001-05-21,1312.8299560546875,20.760000228881836,177.3,4.21,5.41,4.37,,2.61,90.3555,-11.8
2001-05-22,1309.3800048828125,21.350000381469727,177.3,4.21,5.42,4.34,,2.63,90.3555,-11.8
2001-05-23,1289.050048828125,22.079999923706055,177.3,4.21,5.41,4.29,,2.69,90.3555,-11.8
2001-05-24,1293.1700439453125,20.56999969482422,177.3,4.21,5.52,4.32,,2.65,90.3555,-11.8
2001-05-25,1277.8900146484375,20.600000381469727,177.3,4.21,5.52,4.31,,2.65,90.3555,-11.8
2001-05-29,1267.9300537109375,22.139999389648438,177.3,4.21,5.54,4.33,,2.64,90.3555,-11.8
2001-05-30,1248.0799560546875,22.760000228881836,177.3,4.21,5.54,4.34,,2.63,90.3555,-11.8
2001-05-31,1255.8199462890625,22.639999389648438,177.3,4.21,5.43,4.22,,2.65,90.3555,-11.8
2001-06-01,1260.6700439453125,21.59000015258789,177.7,3.97,5.39,4.22,,2.63,89.8784,-7.0
2001-06-04,1267.1099853515625,21.3799991607666,177.7,3.97,5.35,4.19,,2.65,89.8784,-7.0
2001-06-05,1283.5699462890625,19.579999923706055,177.7,3.97,5.29,4.12,,2.66,89.8784,-7.0
2001-06-06,1270.030029296875,20.389999389648438,177.7,3.97,5.27,4.12,,2.69,89.8784,-7.0
2001-06-07,1276.9599609375,19.670000076293945,177.7,3.97,5.33,4.14,,2.68,89.8784,-7.0
2001-06-08,1264.9599609375,19.920000076293945,177.7,3.97,5.38,4.17,,2.65,89.8784,-7.0
2001-06-11,1254.3900146484375,20.700000762939453,177.7,3.97,5.32,4.11,,2.66,89.8784,-7.0
2001-06-12,1255.8499755859375,20.700000762939453,177.7,3.97,5.27,4.09,,2.68,89.8784,-7.0
2001-06-13,1241.5999755859375,21.450000762939453,177.7,3.97,5.28,4.08,,2.67,89.8784,-7.0
2001-06-14,1219.8699951171875,23.1200008392334,177.7,3.97,5.26,4.04,,2.67,89.8784,-7.0
2001-06-15,1214.3599853515625,22.809999465942383,177.7,3.97,5.27,4.01,,2.71,89.8784,-7.0
2001-06-18,1208.4300537109375,23.170000076293945,177.7,3.97,5.27,3.98,,2.73,89.8784,-7.0
2001-06-19,1212.5799560546875,22.34000015258789,177.7,3.97,5.26,3.99,,2.73,89.8784,-7.0
2001-06-20,1223.1400146484375,21.709999084472656,177.7,3.97,5.24,3.98,,2.74,89.8784,-7.0
2001-06-21,1237.0400390625,19.3799991607666,177.7,3.97,5.22,3.99,,2.74,89.8784,-7.0
2001-06-22,1225.3499755859375,20.020000457763672,177.7,3.97,5.14,3.93,,2.75,89.8784,-7.0
2001-06-25,1218.5999755859375,20.670000076293945,177.7,3.97,5.16,3.96,,2.75,89.8784,-7.0
2001-06-26,1216.760009765625,21.200000762939453,177.7,3.97,5.24,4.03,,2.72,89.8784,-7.0
2001-06-27,1211.0699462890625,20.8799991607666,177.7,3.97,5.26,4.06,,2.68,89.8784,-7.0
2001-06-28,1226.199951171875,20.010000228881836,177.7,3.97,5.35,4.22,,2.66,89.8784,-7.0
2001-06-29,1224.3800048828125,19.059999465942383,177.7,3.97,5.42,4.25,,2.65,89.8784,-7.0
2001-07-02,1236.719970703125,18.760000228881836,177.4,3.77,5.37,4.21,,2.67,89.3028,-12.6
2001-07-03,1234.449951171875,18.920000076293945,177.4,3.77,5.41,4.24,,2.67,89.3028,-12.6
2001-07-05,1219.239990234375,20.09000015258789,177.4,3.77,5.44,4.24,,2.67,89.3028,-12.6
2001-07-06,1190.5899658203125,21.6299991607666,177.4,3.77,5.41,4.16,,2.69,89.3028,-12.6
2001-07-09,1198.780029296875,22.479999542236328,177.4,3.77,5.37,4.15,,2.69,89.3028,-12.6
2001-07-10,1181.52001953125,23.25,177.4,3.77,5.32,4.08,,2.71,89.3028,-12.6
2001-07-11,1180.1800537109375,24.010000228881836,177.4,3.77,5.31,4.07,,2.74,89.3028,-12.6
2001-07-12,1208.1400146484375,22.09000015258789,177.4,3.77,5.27,4.07,,2.74,89.3028,-12.6
2001-07-13,1215.6800537109375,21.139999389648438,177.4,3.77,5.27,4.12,,2.71,89.3028,-12.6
2001-07-16,1202.449951171875,22.90999984741211,177.4,3.77,5.21,4.07,,2.74,89.3028,-12.6
2001-07-17,1214.43994140625,22.610000610351562,177.4,3.77,5.22,4.09,,2.73,89.3028,-12.6
2001-07-18,1207.7099609375,23.600000381469727,177.4,3.77,5.12,3.96,,2.78,89.3028,-12.6
2001-07-19,1215.02001953125,22.510000228881836,177.4,3.77,5.13,3.98,,2.78,89.3028,-12.6
2001-07-20,1210.8499755859375,22.34000015258789,177.4,3.77,5.15,3.98,,2.77,89.3028,-12.6
2001-07-23,1191.030029296875,23.739999771118164,177.4,3.77,5.13,3.98,,2.77,89.3028,-12.6
2001-07-24,1171.6500244140625,25.239999771118164,177.4,3.77,5.13,3.97,,2.74,89.3028,-12.6
2001-07-25,1190.489990234375,24.0,177.4,3.77,5.2,3.98,,2.74,89.3028,-12.6
2001-07-26,1202.9300537109375,23.010000228881836,177.4,3.77,5.19,3.94,,2.76,89.3028,-12.6
2001-07-27,1205.8199462890625,22.0,177.4,3.77,5.13,3.87,,2.77,89.3028,-12.6
2001-07-30,1204.52001953125,22.690000534057617,177.4,3.77,5.11,3.86,,2.76,89.3028,-12.6
2001-07-31,1211.22998046875,21.6200008392334,177.4,3.77,5.07,3.79,,2.78,89.3028,-12.6
2001-08-01,1215.9300537109375,20.559999465942383,177.4,3.65,5.11,3.83,,2.76,89.2003,-18.1
2001-08-02,1220.75,20.09000015258789,177.4,3.65,5.17,3.89,,2.74,89.2003,-18.1
2001-08-03,1214.3499755859375,19.889999389648438,177.4,3.65,5.2,3.91,,2.72,89.2003,-18.1
2001-08-06,1200.47998046875,21.889999389648438,177.4,3.65,5.19,3.88,,2.75,89.2003,-18.1
2001-08-07,1204.4000244140625,21.010000228881836,177.4,3.65,5.2,3.9,,2.74,89.2003,-18.1
2001-08-08,1183.530029296875,22.31999969482422,177.4,3.65,4.99,3.77,,2.88,89.2003,-18.1
2001-08-09,1183.4300537109375,21.75,177.4,3.65,5.04,3.77,,2.84,89.2003,-18.1
2001-08-10,1190.1600341796875,20.549999237060547,177.4,3.65,4.99,3.73,,2.87,89.2003,-18.1
2001-08-13,1191.2900390625,20.420000076293945,177.4,3.65,4.97,3.7,,2.89,89.2003,-18.1
2001-08-14,1186.72998046875,20.479999542236328,177.4,3.65,4.97,3.74,,2.89,89.2003,-18.1
2001-08-15,1178.02001953125,20.90999984741211,177.4,3.65,5.0,3.8,,2.86,89.2003,-18.1
2001-08-16,1181.6600341796875,21.540000915527344,177.4,3.65,4.95,3.75,,2.89,89.2003,-18.1
2001-08-17,1161.969970703125,23.84000015258789,177.4,3.65,4.84,3.67,,2.97,89.2003,-18.1
2001-08-20,1171.4100341796875,22.8700008392334,177.4,3.65,4.91,3.74,,2.93,89.2003,-18.1
2001-08-21,1157.260009765625,24.399999618530273,177.4,3.65,4.87,3.69,,2.98,89.2003,-18.1
2001-08-22,1165.31005859375,22.440000534057617,177.4,3.65,4.91,3.76,,2.94,89.2003,-18.1
2001-08-23,1162.0899658203125,22.229999542236328,177.4,3.65,4.89,3.72,,2.92,89.2003,-18.1
2001-08-24,1184.9300537109375,19.709999084472656,177.4,3.65,4.93,3.76,,2.91,89.2003,-18.1
2001-08-27,1179.2099609375,20.559999465942383,177.4,3.65,4.94,3.78,,2.91,89.2003,-18.1
2001-08-28,1161.510009765625,22.0,177.4,3.65,4.85,3.71,,2.95,89.2003,-18.1
2001-08-29,1148.56005859375,23.030000686645508,177.4,3.65,4.78,3.67,,2.97,89.2003,-18.1
2001-08-30,1129.030029296875,25.40999984741211,177.4,3.65,4.79,3.61,,2.97,89.2003,-18.1
2001-08-31,1133.5799560546875,24.920000076293945,177.4,3.65,4.85,3.64,,2.9,89.2003,-18.1
2001-09-04,1132.93994140625,25.850000381469727,178.1,3.07,4.99,3.83,,2.88,88.7485,-8.2
2001-09-05,1131.739990234375,26.350000381469727,178.1,3.07,4.97,3.79,,2.9,88.7485,-8.2
2001-09-06,1106.4000244140625,28.610000610351562,178.1,3.07,4.86,3.65,,2.94,88.7485,-8.2
2001-09-07,1085.780029296875,30.989999771118164,178.1,3.07,4.8,3.53,,2.99,88.7485,-8.2
2001-09-10,1092.5400390625,31.84000015258789,178.1,3.07,4.84,3.53,,2.99,88.7485,-8.2
2001-09-17,1038.77001953125,41.7599983215332,178.1,3.07,4.63,2.96,,3.45,88.7485,-8.2
2001-09-18,1032.739990234375,38.869998931884766,178.1,3.07,4.72,2.96,,3.48,88.7485,-8.2
2001-09-19,1016.0999755859375,40.560001373291016,178.1,3.07,4.69,2.81,,3.52,88.7485,-8.2
2001-09-20,984.5399780273438,43.7400016784668,178.1,3.07,4.75,2.91,,3.52,88.7485,-8.2
2001-09-21,965.7999877929688,42.65999984741211,178.1,3.07,4.7,2.91,,3.53,88.7485,-8.2
2001-09-24,1003.4500122070312,37.75,178.1,3.07,4.73,2.94,,3.48,88.7485,-8.2
2001-09-25,1012.27001953125,35.810001373291016,178.1,3.07,4.72,2.88,,3.48,88.7485,-8.2
2001-09-26,1007.0399780273438,35.2599983215332,178.1,3.07,4.65,2.82,,3.46,88.7485,-8.2
2001-09-27,1018.6099853515625,34.0,178.1,3.07,4.58,2.78,,3.47,88.7485,-8.2
2001-09-28,1040.93994140625,31.93000030517578,178.1,3.07,4.6,2.86,,3.42,88.7485,-8.2
2001-10-01,1038.550048828125,32.31999969482422,177.6,2.49,4.55,2.82,,3.44,88.5052,-23.6
2001-10-02,1051.3299560546875,31.18000030517578,177.6,2.49,4.53,2.77,,3.42,88.5052,-23.6
2001-10-03,1072.280029296875,31.34000015258789,177.6,2.49,4.5,2.77,,3.43,88.5052,-23.6
2001-10-04,1069.6300048828125,31.969999313354492,177.6,2.49,4.53,2.75,,3.38,88.5052,-23.6
2001-10-05,1071.3800048828125,33.38999938964844,177.6,2.49,4.52,2.71,,3.4,88.5052,-23.6
2001-10-08,1062.43994140625,35.119998931884766,177.6,2.49,4.52,2.71,,3.4,88.5052,-23.6
2001-10-09,1056.75,34.83000183105469,177.6,2.49,4.62,2.74,,3.36,88.5052,-23.6
2001-10-10,1080.989990234375,31.600000381469727,177.6,2.49,4.61,2.78,,3.34,88.5052,-23.6
2001-10-11,1097.4300537109375,31.5,177.6,2.49,4.69,2.88,,3.3,88.5052,-23.6
2001-10-12,1091.6500244140625,35.27000045776367,177.6,2.49,4.68,2.81,,3.33,88.5052,-23.6
2001-10-15,1089.97998046875,35.310001373291016,177.6,2.49,4.62,2.78,,3.34,88.5052,-23.6
2001-10-16,1097.5400390625,32.880001068115234,177.6,2.49,4.59,2.77,,3.33,88.5052,-23.6
2001-10-17,1077.0899658203125,35.08000183105469,177.6,2.49,4.59,2.8,,3.31,88.5052,-23.6
2001-10-18,1068.6099853515625,34.95000076293945,177.6,2.49,4.58,2.77,,3.31,88.5052,-23.6
2001-10-19,1073.47998046875,34.11000061035156,177.6,2.49,4.63,2.77,,3.29,88.5052,-23.6
2001-10-22,1089.9000244140625,32.25,177.6,2.49,4.63,2.79,,3.28,88.5052,-23.6
2001-10-23,1084.780029296875,32.0,177.6,2.49,4.66,2.81,,3.28,88.5052,-23.6
2001-10-24,1085.199951171875,30.950000762939453,177.6,2.49,4.61,2.72,,3.28,88.5052,-23.6
2001-10-25,1100.0899658203125,29.459999084472656,177.6,2.49,4.56,2.63,,3.3,88.5052,-23.6
2001-10-26,1104.6099853515625,28.420000076293945,177.6,2.49,4.53,2.63,,3.31,88.5052,-23.6
2001-10-29,1078.300048828125,31.639999389648438,177.6,2.49,4.5,2.55,,3.32,88.5052,-23.6
2001-10-30,1059.7900390625,33.459999084472656,177.6,2.49,4.44,2.48,,3.35,88.5052,-23.6
2001-10-31,1059.780029296875,33.560001373291016,177.6,2.49,4.3,2.44,,3.38,88.5052,-23.6
2001-11-01,1084.0999755859375,32.310001373291016,177.5,2.09,4.24,2.49,,3.37,87.97,-17.7
2001-11-02,1087.199951171875,30.709999084472656,177.5,2.09,4.37,2.48,,3.37,87.97,-17.7
2001-11-05,1102.8399658203125,30.5,177.5,2.09,4.31,2.46,,3.34,87.97,-17.7
2001-11-06,1118.8599853515625,28.799999237060547,177.5,2.09,4.3,2.37,,3.36,87.97,-17.7
2001-11-07,1115.800048828125,29.1299991607666,177.5,2.09,4.22,2.32,,3.35,87.97,-17.7
2001-11-08,1118.5400390625,28.6200008392334,177.5,2.09,4.32,2.42,,3.28,87.97,-17.7
2001-11-09,1120.31005859375,27.440000534057617,177.5,2.09,4.34,2.45,,3.27,87.97,-17.7
2001-11-12,1118.3299560546875,29.350000381469727,177.5,2.09,4.34,2.45,,3.27,87.97,-17.7
2001-11-13,1139.0899658203125,26.469999313354492,177.5,2.09,4.41,2.54,,3.24,87.97,-17.7
2001-11-14,1141.2099609375,26.559999465942383,177.5,2.09,4.54,2.7,,3.19,87.97,-17.7
2001-11-15,1142.239990234375,25.559999465942383,177.5,2.09,4.79,2.98,,3.1,87.97,-17.7
2001-11-16,1138.6500244140625,25.06999969482422,177.5,2.09,4.91,3.09,,3.07,87.97,-17.7
2001-11-19,1151.06005859375,24.459999084472656,177.5,2.09,4.8,2.92,,3.08,87.97,-17.7
2001-11-20,1142.6600341796875,24.1200008392334,177.5,2.09,4.88,2.96,,3.08,87.97,-17.7
2001-11-21,1137.030029296875,24.190000534057617,177.5,2.09,4.98,3.11,,3.01,87.97,-17.7
2001-11-23,1150.3399658203125,23.25,177.5,2.09,5.04,3.2,,2.97,87.97,-17.7
2001-11-26,1157.4200439453125,23.790000915527344,177.5,2.09,5.05,3.22,,2.96,87.97,-17.7
2001-11-27,1149.5,24.0,177.5,2.09,4.98,3.11,,3.01,87.97,-17.7
2001-11-28,1128.52001953125,25.899999618530273,177.5,2.09,4.98,3.12,,3.01,87.97,-17.7
2001-11-29,1140.199951171875,25.18000030517578,177.5,2.09,4.79,2.87,,3.07,87.97,-17.7
2001-11-30,1139.449951171875,23.84000015258789,177.5,2.09,4.78,2.84,,3.1,87.97,-17.7
2001-12-03,1129.9000244140625,25.770000457763672,177.4,1.82,4.75,2.82,,3.14,87.9324,-11.0
2001-12-04,1144.800048828125,24.079999923706055,177.4,1.82,4.7,2.81,,3.15,87.9324,-11.0
2001-12-05,1170.3499755859375,23.020000457763672,177.4,1.82,4.92,3.07,,3.07,87.9324,-11.0
2001-12-06,1167.0999755859375,23.709999084472656,177.4,1.82,5.04,3.19,,3.03,87.9324,-11.0
2001-12-07,1158.31005859375,23.489999771118164,177.4,1.82,5.2,3.19,,2.96,87.9324,-11.0
2001-12-10,1139.9300537109375,25.6200008392334,177.4,1.82,5.17,3.1,,3.0,87.9324,-11.0
2001-12-11,1136.760009765625,25.299999237060547,177.4,1.82,5.13,3.03,,3.01,87.9324,-11.0
2001-12-12,1137.0699462890625,24.8700008392334,177.4,1.82,5.02,2.97,,3.04,87.9324,-11.0
2001-12-13,1119.3800048828125,25.90999984741211,177.4,1.82,5.13,3.09,,2.98,87.9324,-11.0
2001-12-14,1123.0899658203125,24.6299991607666,177.4,1.82,5.24,3.2,,2.91,87.9324,-11.0
2001-12-17,1134.3599853515625,24.260000228881836,177.4,1.82,5.26,3.21,,2.97,87.9324,-11.0
2001-12-18,1142.9200439453125,23.290000915527344,177.4,1.82,5.16,3.13,,2.94,87.9324,-11.0
2001-12-19,1149.56005859375,22.579999923706055,177.4,1.82,5.08,3.11,,2.94,87.9324,-11.0
2001-12-20,1139.9300537109375,23.670000076293945,177.4,1.82,5.08,3.15,,2.92,87.9324,-11.0
2001-12-21,1144.8900146484375,22.5,177.4,1.82,5.12,3.17,,2.87,87.9324,-11.0
2001-12-24,1144.6500244140625,22.6200008392334,177.4,1.82,5.18,3.22,,2.87,87.9324,-11.0
2001-12-26,1149.3699951171875,22.290000915527344,177.4,1.82,5.22,3.26,,2.82,87.9324,-11.0
2001-12-27,1157.1300048828125,21.59000015258789,177.4,1.82,5.13,3.19,,2.88,87.9324,-11.0
2001-12-28,1161.02001953125,21.399999618530273,177.4,1.82,5.15,3.16,,2.87,87.9324,-11.0
2001-12-31,1148.0799560546875,23.799999237060547,177.4,1.82,5.07,3.07,,2.85,87.9324,-11.0
2002-01-02,1154.6700439453125,22.709999084472656,177.7,1.73,5.2,3.22,,2.82,88.5176,10.5
2002-01-03,1165.27001953125,21.34000015258789,177.7,1.73,5.16,3.19,,2.82,88.5176,10.5
2002-01-04,1172.510009765625,20.450000762939453,177.7,1.73,5.18,3.19,,2.78,88.5176,10.5
2002-01-07,1164.8900146484375,21.940000534057617,177.7,1.73,5.09,3.08,,2.8,88.5176,10.5
2002-01-08,1160.7099609375,21.829999923706055,177.7,1.73,5.1,3.07,,2.8,88.5176,10.5
2002-01-09,1155.1400146484375,22.1299991607666,177.7,1.73,5.1,3.03,,2.78,88.5176,10.5
2002-01-10,1156.550048828125,22.360000610351562,177.7,1.73,5.0,2.94,,2.82,88.5176,10.5
2002-01-11,1145.5999755859375,22.600000381469727,177.7,1.73,4.92,2.76,,2.86,88.5176,10.5
2002-01-14,1138.4100341796875,23.579999923706055,177.7,1.73,4.91,2.79,,2.88,88.5176,10.5
2002-01-15,1146.18994140625,22.700000762939453,177.7,1.73,4.88,2.79,,2.86,88.5176,10.5
2002-01-16,1127.5699462890625,23.450000762939453,177.7,1.73,4.88,2.84,,2.87,88.5176,10.5
2002-01-17,1138.8800048828125,22.25,177.7,1.73,4.98,2.96,,2.82,88.5176,10.5
2002-01-18,1127.5799560546875,22.520000457763672,177.7,1.73,4.94,2.91,,2.86,88.5176,10.5
2002-01-22,1119.31005859375,23.610000610351562,177.7,1.73,4.96,2.97,,2.85,88.5176,10.5
2002-01-23,1128.1800537109375,21.8799991607666,177.7,1.73,5.05,3.07,,2.87,88.5176,10.5
2002-01-24,1132.1500244140625,21.149999618530273,177.7,1.73,5.07,3.15,,2.85,88.5176,10.5
2002-01-25,1133.280029296875,21.010000228881836,177.7,1.73,5.1,3.17,,2.81,88.5176,10.5
2002-01-28,1133.06005859375,21.139999389648438,177.7,1.73,5.12,3.19,,2.78,88.5176,10.5
2002-01-29,1100.6400146484375,24.350000381469727,177.7,1.73,5.02,3.05,,2.84,88.5176,10.5
2002-01-30,1113.5699462890625,23.219999313354492,177.7,1.73,5.02,3.06,,2.89,88.5176,10.5
2002-01-31,1130.199951171875,21.09000015258789,177.7,1.73,5.07,3.16,,2.85,88.5176,10.5
2002-02-01,1122.199951171875,21.1200008392334,178.0,1.74,5.02,3.08,,2.86,88.5278,11.0
2002-02-04,1094.43994140625,24.8700008392334,178.0,1.74,4.94,2.99,,2.93,88.5278,11.0
2002-02-05,1090.02001953125,25.450000762939453,178.0,1.74,4.92,2.99,,2.98,88.5278,11.0
2002-02-06,1083.510009765625,26.09000015258789,178.0,1.74,4.92,2.98,,3.01,88.5278,11.0
2002-02-07,1080.1700439453125,25.110000610351562,178.0,1.74,4.93,2.99,,3.05,88.5278,11.0
2002-02-08,1096.219970703125,23.260000228881836,178.0,1.74,4.9,2.95,,3.03,88.5278,11.0
2002-02-11,1111.93994140625,21.780000686645508,178.0,1.74,4.91,2.95,,3.02,88.5278,11.0
2002-02-12,1107.5,21.6200008392334,178.0,1.74,4.97,3.04,,2.99,88.5278,11.0
2002-02-13,1118.510009765625,20.850000381469727,178.0,1.74,5.01,3.09,,2.93,88.5278,11.0
2002-02-14,1116.47998046875,21.770000457763672,178.0,1.74,4.95,3.07,,2.95,88.5278,11.0
2002-02-15,1104.1800537109375,22.3700008392334,178.0,1.74,4.86,2.97,,2.98,88.5278,11.0
2002-02-19,1083.3399658203125,24.43000030517578,178.0,1.74,4.88,2.98,,2.99,88.5278,11.0
2002-02-20,1097.97998046875,22.65999984741211,178.0,1.74,4.88,3.0,,3.01,88.5278,11.0
2002-02-21,1080.949951171875,23.799999237060547,178.0,1.74,4.88,3.0,,2.97,88.5278,11.0
2002-02-22,1089.8399658203125,22.860000610351562,178.0,1.74,4.84,2.97,,2.98,88.5278,11.0
2002-02-25,1109.4300537109375,21.84000015258789,178.0,1.74,4.86,3.01,,2.98,88.5278,11.0
2002-02-26,1109.3800048828125,21.68000030517578,178.0,1.74,4.93,3.08,,2.96,88.5278,11.0
2002-02-27,1109.8900146484375,21.489999771118164,178.0,1.74,4.84,3.09,,3.0,88.5278,11.0
2002-02-28,1106.72998046875,21.59000015258789,178.0,1.74,4.88,3.06,,2.98,88.5278,11.0
2002-03-01,1131.780029296875,19.959999084472656,178.5,1.73,4.98,3.18,,2.97,89.1686,12.4
2002-03-04,1153.8399658203125,20.5,178.5,1.73,5.02,3.24,,2.94,89.1686,12.4
2002-03-05,1146.1400146484375,20.299999237060547,178.5,1.73,5.02,3.25,,2.9,89.1686,12.4
2002-03-06,1162.77001953125,19.940000534057617,178.5,1.73,5.06,3.26,,2.91,89.1686,12.4
2002-03-07,1157.5400390625,20.040000915527344,178.5,1.73,5.22,3.36,,2.83,89.1686,12.4
2002-03-08,1164.31005859375,19.270000457763672,178.5,1.73,5.33,3.6,,2.79,89.1686,12.4
2002-03-11,1168.260009765625,19.84000015258789,178.5,1.73,5.33,3.59,,2.78,89.1686,12.4
2002-03-12,1165.5799560546875,19.59000015258789,178.5,1.73,5.32,3.56,,2.78,89.1686,12.4
2002-03-13,1154.0899658203125,19.459999084472656,178.5,1.73,5.28,3.49,,2.82,89.1686,12.4
2002-03-14,1153.0400390625,19.200000762939453,178.5,1.73,5.4,3.63,,2.79,89.1686,12.4
2002-03-15,1166.1600341796875,18.420000076293945,178.5,1.73,5.35,3.63,,2.81,89.1686,12.4
2002-03-18,1165.550048828125,18.93000030517578,178.5,1.73,5.32,3.67,,2.8,89.1686,12.4
2002-03-19,1170.2900390625,18.15999984741211,178.5,1.73,5.33,3.64,,2.83,89.1686,12.4
2002-03-20,1151.8499755859375,18.459999084472656,178.5,1.73,5.4,3.71,,2.81,89.1686,12.4
2002-03-21,1153.5899658203125,18.149999618530273,178.5,1.73,5.39,3.73,,2.78,89.1686,12.4
2002-03-22,1148.699951171875,17.770000457763672,178.5,1.73,5.4,3.77,,2.78,89.1686,12.4
2002-03-25,1131.8699951171875,18.479999542236328,178.5,1.73,5.41,3.78,,2.74,89.1686,12.4
2002-03-26,1138.489990234375,18.1299991607666,178.5,1.73,5.35,3.68,,2.76,89.1686,12.4
2002-03-27,1144.5799560546875,17.700000762939453,178.5,1.73,5.35,3.66,,2.81,89.1686,12.4
2002-03-28,1147.3900146484375,17.399999618530273,178.5,1.73,5.42,3.72,,2.81,89.1686,12.4
2002-04-01,1146.5400390625,18.729999542236328,179.3,1.75,5.44,3.74,,2.78,89.604,12.6
2002-04-02,1136.760009765625,19.15999984741211,179.3,1.75,5.36,3.63,,2.81,89.604,12.6
2002-04-03,1125.4000244140625,20.200000762939453,179.3,1.75,5.3,3.55,,2.83,89.604,12.6
2002-04-04,1126.3399658203125,19.780000686645508,179.3,1.75,5.28,3.57,,2.84,89.604,12.6
2002-04-05,1122.72998046875,19.1299991607666,179.3,1.75,5.22,3.49,,2.85,89.604,12.6
2002-04-08,1125.2900390625,19.610000610351562,179.3,1.75,5.25,3.51,,2.85,89.604,12.6
2002-04-09,1117.800048828125,19.469999313354492,179.3,1.75,5.22,3.48,,2.85,89.604,12.6
2002-04-10,1130.469970703125,18.190000534057617,179.3,1.75,5.24,3.48,,2.84,89.604,12.6
2002-04-11,1103.68994140625,20.299999237060547,179.3,1.75,5.22,3.47,,2.83,89.604,12.6
2002-04-12,1111.010009765625,19.420000076293945,179.3,1.75,5.18,3.41,,2.86,89.604,12.6
2002-04-15,1102.550048828125,19.81999969482422,179.3,1.75,5.15,3.38,,2.84,89.604,12.6
2002-04-16,1128.3699951171875,18.110000610351562,179.3,1.75,5.2,3.43,,2.81,89.604,12.6
2002-04-17,1126.0699462890625,18.43000030517578,179.3,1.75,5.24,3.41,,2.79,89.604,12.6
2002-04-18,1124.469970703125,19.290000915527344,179.3,1.75,5.23,3.38,,2.82,89.604,12.6
2002-04-19,1125.1700439453125,18.299999237060547,179.3,1.75,5.21,3.36,,2.8,89.604,12.6
2002-04-22,1107.8299560546875,19.770000457763672,179.3,1.75,5.19,3.37,,2.77,89.604,12.6
2002-04-23,1100.9599609375,20.280000686645508,179.3,1.75,5.18,3.39,,2.78,89.604,12.6
2002-04-24,1093.1400146484375,20.770000457763672,179.3,1.75,5.11,3.28,,2.81,89.604,12.6
2002-04-25,1091.47998046875,20.950000762939453,179.3,1.75,5.1,3.25,,2.83,89.604,12.6
2002-04-26,1076.3199462890625,22.139999389648438,179.3,1.75,5.08,3.22,,2.83,89.604,12.6
2002-04-29,1065.449951171875,24.049999237060547,179.3,1.75,5.13,3.26,,2.82,89.604,12.6
2002-04-30,1076.9200439453125,21.90999984741211,179.3,1.75,5.11,3.24,,2.84,89.604,12.6
2002-05-01,1086.4599609375,20.059999465942383,179.5,1.75,5.08,3.21,,2.86,89.964,10.1
2002-05-02,1084.56005859375,20.06999969482422,179.5,1.75,5.13,3.25,,2.84,89.964,10.1
2002-05-03,1073.4300537109375,20.190000534057617,179.5,1.75,5.08,3.17,,2.89,89.964,10.1
2002-05-06,1052.6700439453125,22.559999465942383,179.5,1.75,5.1,3.19,,2.86,89.964,10.1
2002-05-07,1049.489990234375,21.940000534057617,179.5,1.75,5.09,3.14,,2.86,89.964,10.1
2002-05-08,1088.8499755859375,20.389999389648438,179.5,1.75,5.24,3.32,,2.86,89.964,10.1
2002-05-09,1073.010009765625,21.559999465942383,179.5,1.75,5.2,3.27,,2.89,89.964,10.1
2002-05-10,1054.989990234375,22.40999984741211,179.5,1.75,5.15,3.19,,2.93,89.964,10.1
2002-05-13,1074.56005859375,20.719999313354492,179.5,1.75,5.23,3.28,,2.9,89.964,10.1
2002-05-14,1097.280029296875,19.350000381469727,179.5,1.75,5.32,3.4,,2.89,89.964,10.1
2002-05-15,1091.0699462890625,19.190000534057617,179.5,1.75,5.28,3.37,,2.91,89.964,10.1
2002-05-16,1098.22998046875,18.5,179.5,1.75,5.2,3.28,,2.96,89.964,10.1
2002-05-17,1106.5899658203125,17.700000762939453,179.5,1.75,5.27,3.41,,2.94,89.964,10.1
2002-05-20,1091.8800048828125,19.239999771118164,179.5,1.75,5.21,3.33,,2.96,89.964,10.1
2002-05-21,1079.8800048828125,20.049999237060547,179.5,1.75,5.18,3.28,,2.95,89.964,10.1
2002-05-22,1086.02001953125,19.579999923706055,179.5,1.75,5.13,3.23,,2.98,89.964,10.1
2002-05-23,1097.0799560546875,18.229999542236328,179.5,1.75,5.16,3.28,,2.97,89.964,10.1
2002-05-24,1083.8199462890625,18.899999618530273,179.5,1.75,5.16,3.28,,2.96,89.964,10.1
2002-05-28,1074.550048828125,20.309999465942383,179.5,1.75,5.16,3.3,,2.95,89.964,10.1
2002-05-29,1067.6600341796875,20.389999389648438,179.5,1.75,5.11,3.24,,2.97,89.964,10.1
2002-05-30,1064.6600341796875,20.610000610351562,179.5,1.75,5.06,3.17,,3.0,89.964,10.1
2002-05-31,1067.1400146484375,19.979999542236328,179.5,1.75,5.08,3.22,,2.98,89.964,10.1
2002-06-03,1040.6800537109375,23.3700008392334,179.6,1.75,5.06,3.19,,3.0,90.7061,20.4
2002-06-04,1040.68994140625,23.889999389648438,179.6,1.75,5.04,3.13,,3.01,90.7061,20.4
2002-06-05,1049.9000244140625,22.610000610351562,179.6,1.75,5.08,3.16,,2.99,90.7061,20.4
2002-06-06,1029.1500244140625,24.15999984741211,179.6,1.75,5.04,3.13,,2.99,90.7061,20.4
2002-06-07,1027.530029296875,23.510000228881836,179.6,1.75,5.1,3.16,,2.96,90.7061,20.4
2002-06-10,1030.739990234375,23.719999313354492,179.6,1.75,5.07,3.15,,2.95,90.7061,20.4
2002-06-11,1013.5999755859375,24.450000762939453,179.6,1.75,5.02,3.09,,2.95,90.7061,20.4
2002-06-12,1020.260009765625,24.149999618530273,179.6,1.75,4.98,3.05,,3.0,90.7061,20.4
2002-06-13,1009.5599975585938,25.020000457763672,179.6,1.75,4.94,3.0,,3.0,90.7061,20.4
2002-06-14,1007.27001953125,25.959999084472656,179.6,1.75,4.83,2.92,,3.02,90.7061,20.4
2002-06-17,1036.1700439453125,24.639999389648438,179.6,1.75,4.89,2.96,,2.97,90.7061,20.4
2002-06-18,1037.1400146484375,24.239999771118164,179.6,1.75,4.88,2.93,,3.02,90.7061,20.4
2002-06-19,1019.989990234375,26.059999465942383,179.6,1.75,4.76,2.81,,3.06,90.7061,20.4
2002-06-20,1006.2899780273438,27.479999542236328,179.6,1.75,4.85,2.93,,3.05,90.7061,20.4
2002-06-21,989.1400146484375,27.229999542236328,179.6,1.75,4.79,2.88,,3.05,90.7061,20.4
2002-06-24,992.719970703125,26.979999542236328,179.6,1.75,4.87,2.93,,3.03,90.7061,20.4
2002-06-25,976.1400146484375,27.84000015258789,179.6,1.75,4.88,2.92,,3.03,90.7061,20.4
2002-06-26,973.530029296875,28.420000076293945,179.6,1.75,4.75,2.77,,3.12,90.7061,20.4
2002-06-27,990.6400146484375,26.290000915527344,179.6,1.75,4.84,2.85,,3.14,90.7061,20.4
2002-06-28,989.8200073242188,25.399999618530273,179.6,1.75,4.86,2.9,,3.13,90.7061,20.4
2002-07-01,968.6500244140625,27.110000610351562,180.0,1.73,4.85,2.88,,3.14,90.6769,5.9
2002-07-02,948.0900268554688,28.959999084472656,180.0,1.73,4.77,2.78,,3.18,90.6769,5.9
2002-07-03,953.989990234375,29.420000076293945,180.0,1.73,4.78,2.78,,3.17,90.6769,5.9
2002-07-05,989.030029296875,27.110000610351562,180.0,1.73,4.9,2.9,,3.15,90.6769,5.9
2002-07-08,976.97998046875,28.25,180.0,1.73,4.84,2.84,,3.19,90.6769,5.9
2002-07-09,952.8300170898438,30.219999313354492,180.0,1.73,4.78,2.74,,3.19,90.6769,5.9
2002-07-10,920.469970703125,34.099998474121094,180.0,1.73,4.66,2.61,,3.21,90.6769,5.9
2002-07-11,927.3699951171875,33.849998474121094,180.0,1.73,4.66,2.61,,3.21,90.6769,5.9
2002-07-12,921.3900146484375,32.939998626708984,180.0,1.73,4.63,2.56,,3.24,90.6769,5.9
2002-07-15,917.9299926757812,35.029998779296875,180.0,1.73,4.66,2.55,,3.26,90.6769,5.9
2002-07-16,900.9400024414062,36.650001525878906,180.0,1.73,4.75,2.66,,3.24,90.6769,5.9
2002-07-17,906.0399780273438,35.45000076293945,180.0,1.73,4.71,2.63,,3.27,90.6769,5.9
2002-07-18,881.5599975585938,35.119998931884766,180.0,1.73,4.66,2.55,,3.3,90.6769,5.9
2002-07-19,847.75,38.16999816894531,180.0,1.73,4.61,2.48,,3.25,90.6769,5.9
2002-07-22,819.8499755859375,41.869998931884766,180.0,1.73,4.51,2.4,,3.3,90.6769,5.9
2002-07-23,797.7000122070312,44.91999816894531,180.0,1.73,4.47,2.34,,3.33,90.6769,5.9
2002-07-24,843.4299926757812,39.86000061035156,180.0,1.73,4.49,2.38,,3.35,90.6769,5.9
2002-07-25,838.6799926757812,39.27000045776367,180.0,1.73,4.43,2.28,,3.35,90.6769,5.9
2002-07-26,852.8400268554688,35.5099983215332,180.0,1.73,4.43,2.2,,3.34,90.6769,5.9
2002-07-29,898.9600219726562,31.329999923706055,180.0,1.73,4.62,2.41,,3.25,90.6769,5.9
2002-07-30,902.780029296875,31.920000076293945,180.0,1.73,4.65,2.44,,3.21,90.6769,5.9
2002-07-31,911.6199951171875,32.029998779296875,180.0,1.73,4.51,2.23,,3.25,90.6769,5.9
2002-08-01,884.6599731445312,36.95000076293945,180.5,1.74,4.47,2.15,,3.27,90.5762,-1.3
2002-08-02,864.239990234375,41.290000915527344,180.5,1.74,4.33,1.99,,3.34,90.5762,-1.3
2002-08-05,834.5999755859375,45.08000183105469,180.5,1.74,4.29,1.93,,3.36,90.5762,-1.3
2002-08-06,859.5700073242188,42.029998779296875,180.5,1.74,4.42,2.11,,3.3,90.5762,-1.3
2002-08-07,876.77001953125,38.72999954223633,180.5,1.74,4.35,1.98,,3.35,90.5762,-1.3
2002-08-08,905.4600219726562,36.33000183105469,180.5,1.74,4.4,2.1,,3.33,90.5762,-1.3
2002-08-09,908.6400146484375,35.33000183105469,180.5,1.74,4.27,2.1,,3.36,90.5762,-1.3
2002-08-12,903.7999877929688,37.04999923706055,180.5,1.74,4.22,2.1,,3.33,90.5762,-1.3
2002-08-13,884.2100219726562,35.81999969482422,180.5,1.74,4.12,2.0,,3.39,90.5762,-1.3
2002-08-14,919.6199951171875,32.36000061035156,180.5,1.74,4.06,2.12,,3.37,90.5762,-1.3
2002-08-15,930.25,29.43000030517578,180.5,1.74,4.17,2.22,,3.35,90.5762,-1.3
2002-08-16,928.77001953125,28.809999465942383,180.5,1.74,4.32,2.28,,3.32,90.5762,-1.3
2002-08-19,950.7000122070312,28.610000610351562,180.5,1.74,4.29,2.25,,3.32,90.5762,-1.3
2002-08-20,937.4299926757812,29.59000015258789,180.5,1.74,4.17,2.12,,3.36,90.5762,-1.3
2002-08-21,949.3599853515625,28.229999542236328,180.5,1.74,4.2,2.12,,3.32,90.5762,-1.3
2002-08-22,962.7000122070312,27.75,180.5,1.74,4.3,2.22,,3.28,90.5762,-1.3
2002-08-23,940.8599853515625,29.31999969482422,180.5,1.74,4.25,2.19,,3.27,90.5762,-1.3
2002-08-26,947.9500122070312,29.889999389648438,180.5,1.74,4.22,2.19,,3.29,90.5762,-1.3
2002-08-27,934.8200073242188,30.110000610351562,180.5,1.74,4.29,2.26,,3.28,90.5762,-1.3
2002-08-28,917.8699951171875,33.31999969482422,180.5,1.74,4.22,2.23,,3.3,90.5762,-1.3
2002-08-29,917.7999877929688,33.66999816894531,180.5,1.74,4.16,2.14,,3.33,90.5762,-1.3
2002-08-30,916.0700073242188,32.63999938964844,180.5,1.74,4.14,2.14,,3.32,90.5762,-1.3
2002-09-03,878.02001953125,39.970001220703125,180.8,1.75,3.98,2.01,,3.39,90.6531,4.3
2002-09-04,893.4000244140625,37.439998626708984,180.8,1.75,3.96,2.02,,3.4,90.6531,4.3
2002-09-05,879.1500244140625,38.86000061035156,180.8,1.75,3.91,1.95,,3.47,90.6531,4.3
2002-09-06,893.9199829101562,36.33000183105469,180.8,1.75,4.05,2.08,,3.42,90.6531,4.3
2002-09-09,902.9600219726562,36.45000076293945,180.8,1.75,4.05,2.13,,3.41,90.6531,4.3
2002-09-10,909.5800170898438,35.08000183105469,180.8,1.75,4.0,2.12,,3.43,90.6531,4.3
2002-09-11,909.4500122070312,34.810001373291016,180.8,1.75,4.07,2.18,,3.42,90.6531,4.3
2002-09-12,886.9099731445312,37.5,180.8,1.75,3.98,2.12,,3.45,90.6531,4.3
2002-09-13,889.8099975585938,35.81999969482422,180.8,1.75,3.92,2.07,,3.44,90.6531,4.3
2002-09-16,891.0999755859375,36.7400016784668,180.8,1.75,3.9,2.07,,3.47,90.6531,4.3
2002-09-17,873.52001953125,38.0099983215332,180.8,1.75,3.87,2.06,,3.51,90.6531,4.3
2002-09-18,869.4600219726562,37.52000045776367,180.8,1.75,3.86,2.04,,3.51,90.6531,4.3
2002-09-19,843.3200073242188,40.650001525878906,180.8,1.75,3.79,1.93,,3.55,90.6531,4.3
2002-09-20,845.3900146484375,38.97999954223633,180.8,1.75,3.79,1.94,,3.59,90.6531,4.3
2002-09-23,833.7000122070312,39.68000030517578,180.8,1.75,3.7,1.93,,3.63,90.6531,4.3
2002-09-24,819.2899780273438,40.52000045776367,180.8,1.75,3.69,1.93,,3.65,90.6531,4.3
2002-09-25,839.6599731445312,37.33000183105469,180.8,1.75,3.77,2.0,,3.67,90.6531,4.3
2002-09-26,854.9500122070312,34.599998474121094,180.8,1.75,3.79,1.97,,3.64,90.6531,4.3
2002-09-27,827.3699951171875,36.970001220703125,180.8,1.75,3.69,1.82,,3.71,90.6531,4.3
2002-09-30,815.280029296875,39.689998626708984,180.8,1.75,3.63,1.72,,3.76,90.6531,4.3
2002-10-01,847.9099731445312,34.119998931884766,181.2,1.75,3.72,1.8,,3.74,90.4643,-7.6
2002-10-02,827.9099731445312,36.83000183105469,181.2,1.75,3.71,1.75,,3.73,90.4643,-7.6
2002-10-03,818.9500122070312,37.310001373291016,181.2,1.75,3.7,1.75,,3.76,90.4643,-7.6
2002-10-04,800.5800170898438,39.459999084472656,181.2,1.75,3.69,1.78,,3.78,90.4643,-7.6
2002-10-07,785.280029296875,42.63999938964844,181.2,1.75,3.64,1.77,,3.86,90.4643,-7.6
2002-10-08,798.5499877929688,41.02000045776367,181.2,1.75,3.65,1.8,,3.89,90.4643,-7.6
2002-10-09,776.760009765625,42.130001068115234,181.2,1.75,3.61,1.72,,3.9,90.4643,-7.6
2002-10-10,803.9199829101562,37.54999923706055,181.2,1.75,3.68,1.75,,3.9,90.4643,-7.6
2002-10-11,835.3200073242188,35.70000076293945,181.2,1.75,3.83,1.85,,3.88,90.4643,-7.6
2002-10-14,841.4400024414062,36.040000915527344,181.2,1.75,3.83,1.85,,3.88,90.4643,-7.6
2002-10-15,881.27001953125,34.02000045776367,181.2,1.75,4.07,2.08,,3.74,90.4643,-7.6
2002-10-16,860.02001953125,36.0,181.2,1.75,4.06,2.02,,3.77,90.4643,-7.6
2002-10-17,879.2000122070312,34.099998474121094,181.2,1.75,4.16,2.1,,3.73,90.4643,-7.6
2002-10-18,884.3900146484375,33.529998779296875,181.2,1.75,4.14,2.09,,3.76,90.4643,-7.6
2002-10-21,899.719970703125,33.11000061035156,181.2,1.75,4.24,2.23,,3.7,90.4643,-7.6
2002-10-22,890.1599731445312,34.09000015258789,181.2,1.75,4.27,2.21,,3.71,90.4643,-7.6
2002-10-23,896.1400146484375,33.20000076293945,181.2,1.75,4.26,2.2,,3.73,90.4643,-7.6
2002-10-24,882.5,34.029998779296875,181.2,1.75,4.16,2.09,,3.77,90.4643,-7.6
2002-10-25,897.6500244140625,30.0,181.2,1.75,4.12,1.98,,3.78,90.4643,-7.6
2002-10-28,890.22998046875,31.06999969482422,181.2,1.75,4.1,1.88,,3.81,90.4643,-7.6
2002-10-29,882.1500244140625,32.27000045776367,181.2,1.75,3.97,1.79,,3.85,90.4643,-7.6
2002-10-30,890.7100219726562,31.229999542236328,181.2,1.75,3.99,1.74,,3.83,90.4643,-7.6
2002-10-31,885.760009765625,31.139999389648438,181.2,1.75,3.93,1.68,,3.82,90.4643,-7.6
2002-11-01,900.9600219726562,29.299999237060547,181.5,1.34,4.01,1.76,,3.76,90.9711,7.4
2002-11-04,908.3499755859375,30.81999969482422,181.5,1.34,4.07,1.79,,3.72,90.9711,7.4
2002-11-05,915.3900146484375,31.229999542236328,181.5,1.34,4.1,1.82,,3.72,90.9711,7.4
2002-11-06,923.760009765625,30.729999542236328,181.5,1.34,4.09,1.87,,3.72,90.9711,7.4
2002-11-07,902.6500244140625,31.420000076293945,181.5,1.34,3.88,1.86,,3.73,90.9711,7.4
2002-11-08,894.739990234375,29.40999984741211,181.5,1.34,3.85,1.87,,3.66,90.9711,7.4
2002-11-11,876.1900024414062,31.299999237060547,181.5,1.34,3.85,1.87,,3.66,90.9711,7.4
2002-11-12,882.9500122070312,30.579999923706055,181.5,1.34,3.84,1.79,,3.68,90.9711,7.4
2002-11-13,882.530029296875,31.239999771118164,181.5,1.34,3.84,1.76,,3.67,90.9711,7.4
2002-11-14,904.27001953125,28.670000076293945,181.5,1.34,4.03,1.89,,3.58,90.9711,7.4
2002-11-15,909.8300170898438,26.649999618530273,181.5,1.34,4.05,1.91,,3.54,90.9711,7.4
2002-11-18,900.3599853515625,27.65999984741211,181.5,1.34,4.02,1.91,,3.52,90.9711,7.4
2002-11-19,896.739990234375,27.40999984741211,181.5,1.34,3.99,1.91,,3.5,90.9711,7.4
2002-11-20,914.1500244140625,25.31999969482422,181.5,1.34,4.08,1.98,,3.48,90.9711,7.4
2002-11-21,933.760009765625,23.809999465942383,181.5,1.34,4.14,2.05,,3.46,90.9711,7.4
2002-11-22,930.5499877929688,23.15999984741211,181.5,1.34,4.18,2.1,,3.43,90.9711,7.4
2002-11-25,932.8699951171875,24.06999969482422,181.5,1.34,4.19,2.09,,3.42,90.9711,7.4
2002-11-26,913.3099975585938,25.969999313354492,181.5,1.34,4.08,1.97,,3.45,90.9711,7.4
2002-11-27,938.8699951171875,27.25,181.5,1.34,4.26,2.13,,3.39,90.9711,7.4
2002-11-29,936.3099975585938,27.5,181.5,1.34,4.22,2.08,,3.38,90.9711,7.4
2002-12-02,934.530029296875,27.459999084472656,181.8,1.24,4.22,2.07,,3.37,90.4652,7.2
2002-12-03,920.75,28.329999923706055,181.8,1.24,4.24,2.08,,3.35,90.4652,7.2
2002-12-04,917.5800170898438,28.920000076293945,181.8,1.24,4.18,2.02,,3.38,90.4652,7.2
2002-12-05,906.5499877929688,30.100000381469727,181.8,1.24,4.13,1.97,,3.38,90.4652,7.2
2002-12-06,912.22998046875,28.8799991607666,181.8,1.24,4.09,1.89,,3.42,90.4652,7.2
2002-12-09,892.0,30.780000686645508,181.8,1.24,4.06,1.88,,3.42,90.4652,7.2
2002-12-10,904.4500122070312,28.760000228881836,181.8,1.24,4.06,1.9,,3.4,90.4652,7.2
2002-12-11,904.9600219726562,27.760000228881836,181.8,1.24,4.01,1.85,,3.4,90.4652,7.2
2002-12-12,901.5800170898438,27.290000915527344,181.8,1.24,4.01,1.85,,3.42,90.4652,7.2
2002-12-13,889.47998046875,28.18000030517578,181.8,1.24,4.07,1.87,,3.42,90.4652,7.2
2002-12-16,910.4000244140625,26.239999771118164,181.8,1.24,4.15,1.94,,3.37,90.4652,7.2
2002-12-17,902.989990234375,26.65999984741211,181.8,1.24,4.13,1.89,,3.37,90.4652,7.2
2002-12-18,891.1199951171875,28.290000915527344,181.8,1.24,4.06,1.81,,3.4,90.4652,7.2
2002-12-19,884.25,30.209999084472656,181.8,1.24,3.96,1.74,,3.44,90.4652,7.2
2002-12-20,895.760009765625,26.709999084472656,181.8,1.24,3.97,1.76,,3.42,90.4652,7.2
2002-12-23,897.3800048828125,26.200000762939453,181.8,1.24,3.98,1.79,,3.44,90.4652,7.2
2002-12-24,892.469970703125,26.489999771118164,181.8,1.24,3.95,1.73,,3.44,90.4652,7.2
2002-12-26,889.6599731445312,27.3700008392334,181.8,1.24,3.93,1.7,,3.45,90.4652,7.2
2002-12-27,875.4000244140625,29.549999237060547,181.8,1.24,3.83,1.6,,3.49,90.4652,7.2
2002-12-30,879.3900146484375,29.6200008392334,181.8,1.24,3.82,1.61,,3.48,90.4652,7.2
2002-12-31,879.8200073242188,28.6200008392334,181.8,1.24,3.83,1.61,,3.48,90.4652,7.2
2003-01-02,909.030029296875,25.389999389648438,182.6,1.24,4.07,1.8,1.3,3.37,91.2361,5.5
2003-01-03,908.5900268554688,24.68000030517578,182.6,1.24,4.05,1.79,1.28,3.39,91.2361,5.5
2003-01-06,929.010009765625,24.90999984741211,182.6,1.24,4.09,1.84,1.31,3.38,91.2361,5.5
2003-01-07,922.9299926757812,25.1299991607666,182.6,1.24,4.04,1.77,1.28,3.39,91.2361,5.5
2003-01-08,909.9299926757812,25.530000686645508,182.6,1.24,4.0,1.71,1.33,3.35,91.2361,5.5
2003-01-09,927.5700073242188,24.25,182.6,1.24,4.19,1.87,1.41,3.29,91.2361,5.5
2003-01-10,927.5700073242188,24.31999969482422,182.6,1.24,4.16,1.79,1.4,3.31,91.2361,5.5
2003-01-13,926.260009765625,24.899999618530273,182.6,1.24,4.15,1.81,1.4,3.29,91.2361,5.5
2003-01-14,931.6599731445312,24.56999969482422,182.6,1.24,4.1,1.76,1.38,3.31,91.2361,5.5
2003-01-15,918.219970703125,25.510000228881836,182.6,1.24,4.1,1.75,1.41,3.29,91.2361,5.5
2003-01-16,914.5999755859375,25.010000228881836,182.6,1.24,4.1,1.75,1.4,3.29,91.2361,5.5
2003-01-17,901.780029296875,25.700000762939453,182.6,1.24,4.05,1.7,1.45,3.29,91.2361,5.5
2003-01-21,887.6199951171875,27.59000015258789,182.6,1.24,4.01,1.67,1.38,3.31,91.2361,5.5
2003-01-22,878.3599853515625,29.010000228881836,182.6,1.24,3.95,1.66,1.34,3.33,91.2361,5.5
2003-01-23,887.3400268554688,27.530000686645508,182.6,1.24,3.98,1.69,1.42,3.33,91.2361,5.5
2003-01-24,861.4000244140625,31.510000228881836,182.6,1.24,3.94,1.66,1.46,3.33,91.2361,5.5
2003-01-27,847.47998046875,34.689998626708984,182.6,1.24,3.98,1.7,1.47,3.27,91.2361,5.5
2003-01-28,858.5399780273438,31.93000030517578,182.6,1.24,4.0,1.7,1.47,3.23,91.2361,5.5
2003-01-29,864.3599853515625,31.260000228881836,182.6,1.24,4.06,1.77,1.52,3.18,91.2361,5.5
2003-01-30,844.6099853515625,31.31999969482422,182.6,1.24,4.0,1.7,1.46,3.19,91.2361,5.5
2003-01-31,855.7000122070312,31.170000076293945,182.6,1.24,4.0,1.72,1.49,3.16,91.2361,5.5
2003-02-03,860.3200073242188,31.020000457763672,183.6,1.26,4.01,1.72,1.52,3.14,91.3445,-1.6
2003-02-04,848.2000122070312,32.7599983215332,183.6,1.26,3.96,1.68,1.54,3.12,91.3445,-1.6
2003-02-05,843.5900268554688,33.040000915527344,183.6,1.26,4.02,1.73,1.61,3.11,91.3445,-1.6
2003-02-06,838.1500244140625,33.349998474121094,183.6,1.26,3.97,1.68,1.62,3.12,91.3445,-1.6
2003-02-07,829.6900024414062,34.0099983215332,183.6,1.26,3.96,1.63,1.6,3.11,91.3445,-1.6
2003-02-10,835.969970703125,33.9900016784668,183.6,1.26,3.99,1.68,1.66,3.11,91.3445,-1.6
2003-02-11,829.2000122070312,33.68000030517578,183.6,1.26,3.98,1.65,1.62,3.13,91.3445,-1.6
2003-02-12,818.6799926757812,34.33000183105469,183.6,1.26,3.93,1.62,1.6,3.16,91.3445,-1.6
2003-02-13,817.3699951171875,33.70000076293945,183.6,1.26,3.89,1.57,1.56,3.17,91.3445,-1.6
2003-02-14,834.8900146484375,32.619998931884766,183.6,1.26,3.95,1.62,1.62,3.16,91.3445,-1.6
2003-02-18,851.1699829101562,31.110000610351562,183.6,1.26,3.94,1.66,1.63,3.16,91.3445,-1.6
2003-02-19,845.1300048828125,31.309999465942383,183.6,1.26,3.88,1.61,1.62,3.16,91.3445,-1.6
2003-02-20,837.0999755859375,31.15999984741211,183.6,1.26,3.85,1.59,1.69,3.18,91.3445,-1.6
2003-02-21,848.1699829101562,30.25,183.6,1.26,3.9,1.63,1.73,3.16,91.3445,-1.6
2003-02-24,832.5800170898438,31.979999542236328,183.6,1.26,3.86,1.6,1.78,3.17,91.3445,-1.6
2003-02-25,838.5700073242188,31.739999771118164,183.6,1.26,3.81,1.58,1.77,3.18,91.3445,-1.6
2003-02-26,827.5499877929688,31.940000534057617,183.6,1.26,3.78,1.57,1.74,3.18,91.3445,-1.6
2003-02-27,837.280029296875,30.530000686645508,183.6,1.26,3.76,1.58,1.77,3.2,91.3445,-1.6
2003-02-28,841.1500244140625,29.6299991607666,183.6,1.26,3.71,1.53,1.75,3.21,91.3445,-1.6
2003-03-03,834.8099975585938,30.43000030517578,183.9,1.25,3.68,1.52,1.73,3.23,91.1044,-3.9
2003-03-04,821.989990234375,31.829999923706055,183.9,1.25,3.65,1.49,1.72,3.25,91.1044,-3.9
2003-03-05,829.8499755859375,30.3799991607666,183.9,1.25,3.63,1.46,1.68,3.25,91.1044,-3.9
2003-03-06,822.0999755859375,31.3700008392334,183.9,1.25,3.67,1.47,1.73,3.24,91.1044,-3.9
2003-03-07,828.8900146484375,31.079999923706055,183.9,1.25,3.63,1.39,1.74,3.26,91.1044,-3.9
2003-03-10,807.47998046875,33.310001373291016,183.9,1.25,3.59,1.35,1.72,3.29,91.1044,-3.9
2003-03-11,800.72998046875,33.61000061035156,183.9,1.25,3.6,1.38,1.76,3.28,91.1044,-3.9
2003-03-12,804.1900024414062,33.5099983215332,183.9,1.25,3.6,1.45,1.79,3.26,91.1044,-3.9
2003-03-13,831.9000244140625,31.760000228881836,183.9,1.25,3.74,1.59,1.87,3.21,91.1044,-3.9
2003-03-14,833.27001953125,30.979999542236328,183.9,1.25,3.72,1.56,1.57,3.22,91.1044,-3.9
2003-03-17,862.7899780273438,31.75,183.9,1.25,3.82,1.63,1.67,3.17,91.1044,-3.9
2003-03-18,866.4500122070312,30.43000030517578,183.9,1.25,3.91,1.72,1.63,3.11,91.1044,-3.9
2003-03-19,874.02001953125,31.540000915527344,183.9,1.25,3.98,1.72,1.59,3.04,91.1044,-3.9
2003-03-20,875.6699829101562,30.440000534057617,183.9,1.25,4.01,1.75,1.67,3.05,91.1044,-3.9
2003-03-21,895.7899780273438,28.670000076293945,183.9,1.25,4.11,1.8,1.7,2.99,91.1044,-3.9
2003-03-24,864.22998046875,30.389999389648438,183.9,1.25,3.98,1.71,1.66,3.03,91.1044,-3.9
2003-03-25,874.739990234375,28.75,183.9,1.25,3.97,1.69,1.64,3.04,91.1044,-3.9
2003-03-26,869.9500122070312,28.229999542236328,183.9,1.25,3.96,1.68,1.65,3.01,91.1044,-3.9
2003-03-27,868.52001953125,27.959999084472656,183.9,1.25,3.95,1.62,1.71,3.0,91.1044,-3.9
2003-03-28,863.5,27.75,183.9,1.25,3.92,1.56,1.72,3.01,91.1044,-3.9
2003-03-31,848.1799926757812,29.149999618530273,183.9,1.25,3.83,1.51,1.65,3.04,91.1044,-3.9
2003-04-01,858.47998046875,28.360000610351562,183.2,1.26,3.84,1.5,1.64,3.02,90.5617,-6.7
2003-04-02,880.9000244140625,28.020000457763672,183.2,1.26,3.94,1.6,1.66,2.98,90.5617,-6.7
2003-04-03,876.4500122070312,28.209999084472656,183.2,1.26,3.93,1.55,1.64,3.01,90.5617,-6.7
2003-04-04,878.8499755859375,29.1299991607666,183.2,1.26,3.96,1.55,1.63,2.99,90.5617,-6.7
2003-04-07,879.9299926757812,28.450000762939453,183.2,1.26,4.03,1.65,1.61,2.95,90.5617,-6.7
2003-04-08,878.2899780273438,27.1299991607666,183.2,1.26,3.95,1.59,1.57,2.97,90.5617,-6.7
2003-04-09,865.989990234375,27.110000610351562,183.2,1.26,3.93,1.55,1.55,2.97,90.5617,-6.7
2003-04-10,871.5800170898438,25.600000381469727,183.2,1.26,3.95,1.6,1.64,2.96,90.5617,-6.7
2003-04-11,868.2999877929688,24.440000534057617,183.2,1.26,4.0,1.65,1.62,2.93,90.5617,-6.7
2003-04-14,885.22998046875,23.40999984741211,183.2,1.26,4.04,1.74,1.66,2.92,90.5617,-6.7
2003-04-15,890.8099975585938,22.559999465942383,183.2,1.26,3.98,1.69,1.62,2.92,90.5617,-6.7
2003-04-16,879.9099731445312,22.520000457763672,183.2,1.26,3.96,1.67,1.58,2.9,90.5617,-6.7
2003-04-17,893.5800170898438,21.5,183.2,1.26,3.98,1.71,1.58,2.86,90.5617,-6.7
2003-04-21,892.010009765625,21.950000762939453,183.2,1.26,4.0,1.71,1.57,2.84,90.5617,-6.7
2003-04-22,911.3699951171875,20.700000762939453,183.2,1.26,4.01,1.7,1.51,2.83,90.5617,-6.7
2003-04-23,919.02001953125,20.799999237060547,183.2,1.26,4.02,1.7,1.54,2.79,90.5617,-6.7
2003-04-24,911.4299926757812,20.329999923706055,183.2,1.26,3.93,1.62,1.46,2.8,90.5617,-6.7
2003-04-25,898.8099975585938,20.799999237060547,183.2,1.26,3.91,1.57,1.46,2.82,90.5617,-6.7
2003-04-28,914.8400268554688,20.84000015258789,183.2,1.26,3.92,1.59,1.48,2.79,90.5617,-6.7
2003-04-29,917.8400268554688,20.760000228881836,183.2,1.26,3.96,1.62,1.47,2.77,90.5617,-6.7
2003-04-30,916.9199829101562,21.209999084472656,183.2,1.26,3.89,1.51,1.45,2.76,90.5617,-6.7
2003-05-01,916.2999877929688,21.59000015258789,182.9,1.26,3.88,1.5,1.3,2.77,90.537,-0.6
2003-05-02,930.0800170898438,20.6299991607666,182.9,1.26,3.94,1.56,1.34,2.73,90.537,-0.6
2003-05-05,926.5499877929688,21.1299991607666,182.9,1.26,3.92,1.55,1.5,2.71,90.537,-0.6
2003-05-06,934.3900146484375,20.799999237060547,182.9,1.26,3.84,1.45,1.42,2.74,90.537,-0.6
2003-05-07,929.6199951171875,21.0,182.9,1.26,3.72,1.45,1.38,2.78,90.537,-0.6
2003-05-08,920.27001953125,21.239999771118164,182.9,1.26,3.7,1.49,1.34,2.67,90.537,-0.6
2003-05-09,933.4099731445312,19.690000534057617,182.9,1.26,3.69,1.45,1.4,2.81,90.537,-0.6
2003-05-12,945.1099853515625,19.520000457763672,182.9,1.26,3.64,1.46,1.37,2.83,90.537,-0.6
2003-05-13,942.2999877929688,19.90999984741211,182.9,1.26,3.63,1.47,1.39,2.83,90.537,-0.6
2003-05-14,939.280029296875,20.0,182.9,1.26,3.53,1.41,1.32,2.83,90.537,-0.6
2003-05-15,946.6699829101562,19.239999771118164,182.9,1.26,3.53,1.46,1.39,2.83,90.537,-0.6
2003-05-16,944.2999877929688,18.399999618530273,182.9,1.26,3.46,1.38,1.31,2.84,90.537,-0.6
2003-05-19,920.77001953125,20.510000228881836,182.9,1.26,3.46,1.35,1.34,2.86,90.537,-0.6
2003-05-20,919.72998046875,21.290000915527344,182.9,1.26,3.38,1.31,1.35,2.86,90.537,-0.6
2003-05-21,923.4199829101562,21.209999084472656,182.9,1.26,3.39,1.38,1.34,2.86,90.537,-0.6
2003-05-22,931.8699951171875,19.780000686645508,182.9,1.26,3.34,1.36,1.3,2.85,90.537,-0.6
2003-05-23,933.219970703125,19.170000076293945,182.9,1.26,3.34,1.38,1.31,2.81,90.537,-0.6
2003-05-27,951.47998046875,19.989999771118164,182.9,1.26,3.41,1.33,1.25,2.83,90.537,-0.6
2003-05-28,953.219970703125,20.030000686645508,182.9,1.26,3.44,1.35,1.23,2.83,90.537,-0.6
2003-05-29,949.6400146484375,20.43000030517578,182.9,1.26,3.34,1.3,1.23,2.87,90.537,-0.6
2003-05-30,963.5900268554688,19.469999313354492,182.9,1.26,3.37,1.33,1.26,2.85,90.537,-0.6
2003-06-02,967.0,20.850000381469727,183.1,1.22,3.43,1.33,1.29,2.85,90.6527,3.7
2003-06-03,971.5599975585938,20.84000015258789,183.1,1.22,3.34,1.2,1.25,2.88,90.6527,3.7
2003-06-04,986.239990234375,20.6200008392334,183.1,1.22,3.3,1.2,1.25,2.87,90.6527,3.7
2003-06-05,990.1400146484375,20.829999923706055,183.1,1.22,3.34,1.25,1.31,2.87,90.6527,3.7
2003-06-06,987.760009765625,21.25,183.1,1.22,3.37,1.27,1.33,2.83,90.6527,3.7
2003-06-09,975.9299926757812,22.149999618530273,183.1,1.22,3.29,1.19,1.32,2.87,90.6527,3.7
2003-06-10,984.8400268554688,20.639999389648438,183.1,1.22,3.2,1.13,1.31,2.89,90.6527,3.7
2003-06-11,997.47998046875,20.209999084472656,183.1,1.22,3.21,1.16,1.36,2.87,90.6527,3.7
2003-06-12,998.510009765625,20.40999984741211,183.1,1.22,3.18,1.13,1.32,2.88,90.6527,3.7
2003-06-13,988.6099853515625,20.65999984741211,183.1,1.22,3.13,1.1,1.37,2.88,90.6527,3.7
2003-06-16,1010.739990234375,20.219999313354492,183.1,1.22,3.18,1.18,1.35,2.87,90.6527,3.7
2003-06-17,1011.6599731445312,20.010000228881836,183.1,1.22,3.27,1.25,1.35,2.85,90.6527,3.7
2003-06-18,1010.0900268554688,19.760000228881836,183.1,1.22,3.37,1.27,1.36,2.83,90.6527,3.7
2003-06-19,994.7000122070312,19.799999237060547,183.1,1.22,3.35,1.17,1.39,2.87,90.6527,3.7
2003-06-20,995.6900024414062,19.139999389648438,183.1,1.22,3.4,1.22,1.39,2.86,90.6527,3.7
2003-06-23,981.6400146484375,20.579999923706055,183.1,1.22,3.32,1.17,1.36,2.88,90.6527,3.7
2003-06-24,983.4500122070312,20.75,183.1,1.22,3.29,1.14,1.37,2.87,90.6527,3.7
2003-06-25,975.3200073242188,20.809999465942383,183.1,1.22,3.38,1.3,1.45,2.85,90.6527,3.7
2003-06-26,985.8200073242188,19.399999618530273,183.1,1.22,3.55,1.41,1.47,2.8,90.6527,3.7
2003-06-27,976.219970703125,19.15999984741211,183.1,1.22,3.58,1.38,1.48,2.8,90.6527,3.7
2003-06-30,974.5,19.520000457763672,183.1,1.22,3.54,1.32,1.45,2.81,90.6527,3.7
2003-07-01,982.3200073242188,19.459999084472656,183.7,1.01,3.56,1.3,1.45,2.81,91.1185,7.7
2003-07-02,993.75,19.030000686645508,183.7,1.01,3.56,1.3,1.43,2.75,91.1185,7.7
2003-07-03,985.7000122070312,19.389999389648438,183.7,1.01,3.67,1.32,1.44,2.72,91.1185,7.7
2003-07-07,1004.4199829101562,20.059999465942383,183.7,1.01,3.74,1.36,1.44,2.7,91.1185,7.7
2003-07-08,1007.8400268554688,19.479999542236328,183.7,1.01,3.75,1.39,1.41,2.68,91.1185,7.7
2003-07-09,1002.2100219726562,18.93000030517578,183.7,1.01,3.73,1.37,1.46,2.68,91.1185,7.7
2003-07-10,988.7000122070312,19.190000534057617,183.7,1.01,3.7,1.33,1.45,2.71,91.1185,7.7
2003-07-11,998.1400146484375,18.469999313354492,183.7,1.01,3.66,1.29,1.42,2.73,91.1185,7.7
2003-07-14,1003.8599853515625,19.59000015258789,183.7,1.01,3.74,1.35,1.47,2.72,91.1185,7.7
2003-07-15,1000.4199829101562,19.549999237060547,183.7,1.01,3.94,1.45,1.53,2.66,91.1185,7.7
2003-07-16,994.0900268554688,19.760000228881836,183.7,1.01,3.97,1.49,1.56,2.62,91.1185,7.7
2003-07-17,981.72998046875,20.219999313354492,183.7,1.01,3.98,1.47,1.57,2.61,91.1185,7.7
2003-07-18,993.3200073242188,19.110000610351562,183.7,1.01,4.0,1.51,1.65,2.61,91.1185,7.7
2003-07-21,978.7999877929688,19.780000686645508,183.7,1.01,4.19,1.61,1.63,2.57,91.1185,7.7
2003-07-22,988.1099853515625,19.170000076293945,183.7,1.01,4.17,1.57,1.59,2.56,91.1185,7.7
2003-07-23,988.6099853515625,18.639999389648438,183.7,1.01,4.12,1.54,1.67,2.59,91.1185,7.7
2003-07-24,981.5999755859375,18.600000381469727,183.7,1.01,4.2,1.54,1.67,2.55,91.1185,7.7
2003-07-25,998.6799926757812,17.75,183.7,1.01,4.22,1.52,1.76,2.57,91.1185,7.7
2003-07-28,996.52001953125,18.360000610351562,183.7,1.01,4.31,1.61,1.72,2.58,91.1185,7.7
2003-07-29,989.280029296875,18.670000076293945,183.7,1.01,4.42,1.67,1.7,2.55,91.1185,7.7
2003-07-30,987.489990234375,18.850000381469727,183.7,1.01,4.34,1.64,1.73,2.55,91.1185,7.7
2003-07-31,990.3099975585938,19.489999771118164,183.7,1.01,4.49,1.8,1.75,2.58,91.1185,7.7
2003-08-01,980.1500244140625,20.75,184.5,1.03,4.44,1.85,1.75,2.57,90.9197,20.2
2003-08-04,982.8200073242188,21.270000457763672,184.5,1.03,4.35,1.71,1.72,2.62,90.9197,20.2
2003-08-05,965.4600219726562,22.68000030517578,184.5,1.03,4.47,1.88,1.75,2.62,90.9197,20.2
2003-08-06,967.0800170898438,21.5,184.5,1.03,4.32,1.78,1.72,2.64,90.9197,20.2
2003-08-07,974.1199951171875,20.260000228881836,184.5,1.03,4.3,1.74,1.78,2.64,90.9197,20.2
2003-08-08,977.5900268554688,19.59000015258789,184.5,1.03,4.27,1.72,1.74,2.69,90.9197,20.2
2003-08-11,980.5900268554688,19.75,184.5,1.03,4.38,1.81,1.82,2.61,90.9197,20.2
2003-08-12,990.3499755859375,17.940000534057617,184.5,1.03,4.37,1.71,1.81,2.63,90.9197,20.2
2003-08-13,984.030029296875,18.770000457763672,184.5,1.03,4.58,1.86,1.88,2.56,90.9197,20.2
2003-08-14,990.510009765625,18.469999313354492,184.5,1.03,4.55,1.86,1.89,2.59,90.9197,20.2
2003-08-15,990.6699829101562,18.270000457763672,184.5,1.03,4.55,1.85,1.92,2.55,90.9197,20.2
2003-08-18,999.739990234375,18.18000030517578,184.5,1.03,4.49,1.87,1.88,2.6,90.9197,20.2
2003-08-19,1002.3499755859375,17.860000610351562,184.5,1.03,4.38,1.81,1.87,2.61,90.9197,20.2
2003-08-20,1000.2999877929688,17.81999969482422,184.5,1.03,4.45,1.84,1.94,2.56,90.9197,20.2
2003-08-21,1003.27001953125,17.84000015258789,184.5,1.03,4.53,1.98,2.06,2.51,90.9197,20.2
2003-08-22,993.0599975585938,18.549999237060547,184.5,1.03,4.48,1.97,2.05,2.49,90.9197,20.2
2003-08-25,993.7100219726562,19.530000686645508,184.5,1.03,4.53,2.02,2.03,2.5,90.9197,20.2
2003-08-26,996.72998046875,19.489999771118164,184.5,1.03,4.5,1.96,2.03,2.49,90.9197,20.2
2003-08-27,996.7899780273438,19.1299991607666,184.5,1.03,4.54,2.05,2.01,2.47,90.9197,20.2
2003-08-28,1002.8400268554688,18.479999542236328,184.5,1.03,4.42,1.93,1.98,2.49,90.9197,20.2
2003-08-29,1008.010009765625,18.6299991607666,184.5,1.03,4.45,1.95,1.99,2.46,90.9197,20.2
2003-09-02,1021.989990234375,19.020000457763672,185.1,1.01,4.61,2.04,2.0,2.39,91.5059,20.6
2003-09-03,1026.27001953125,19.440000534057617,185.1,1.01,4.6,2.02,2.03,2.4,91.5059,20.6
2003-09-04,1027.969970703125,18.709999084472656,185.1,1.01,4.52,1.91,2.01,2.46,91.5059,20.6
2003-09-05,1021.3900146484375,18.170000076293945,185.1,1.01,4.35,1.72,1.97,2.52,91.5059,20.6
2003-09-08,1031.6400146484375,18.260000228881836,185.1,1.01,4.41,1.75,1.94,2.48,91.5059,20.6
2003-09-09,1023.1699829101562,18.850000381469727,185.1,1.01,4.37,1.71,1.94,2.53,91.5059,20.6
2003-09-10,1010.9199829101562,20.010000228881836,185.1,1.01,4.28,1.64,1.9,2.55,91.5059,20.6
2003-09-11,1016.4199829101562,19.25,185.1,1.01,4.35,1.71,1.92,2.48,91.5059,20.6
2003-09-12,1018.6300048828125,18.68000030517578,185.1,1.01,4.27,1.66,1.88,2.56,91.5059,20.6
2003-09-15,1014.8099975585938,19.280000686645508,185.1,1.01,4.28,1.63,1.87,2.55,91.5059,20.6
2003-09-16,1029.3199462890625,18.030000686645508,185.1,1.01,4.29,1.63,1.8,2.57,91.5059,20.6
2003-09-17,1025.969970703125,18.149999618530273,185.1,1.01,4.2,1.63,1.77,2.56,91.5059,20.6
2003-09-18,1039.5799560546875,17.56999969482422,185.1,1.01,4.19,1.68,1.79,2.54,91.5059,20.6
2003-09-19,1036.300048828125,17.540000915527344,185.1,1.01,4.17,1.7,1.81,2.52,91.5059,20.6
2003-09-22,1022.8200073242188,19.649999618530273,185.1,1.01,4.26,1.7,1.84,2.52,91.5059,20.6
2003-09-23,1029.030029296875,19.469999313354492,185.1,1.01,4.24,1.68,1.84,2.5,91.5059,20.6
2003-09-24,1009.3800048828125,21.219999313354492,185.1,1.01,4.16,1.66,1.86,2.5,91.5059,20.6
2003-09-25,1003.27001953125,22.260000228881836,185.1,1.01,4.12,1.65,1.91,2.52,91.5059,20.6
2003-09-26,996.8499755859375,22.229999542236328,185.1,1.01,4.04,1.6,1.91,2.55,91.5059,20.6
2003-09-29,1006.5800170898438,21.670000076293945,185.1,1.01,4.09,1.61,1.91,2.56,91.5059,20.6
2003-09-30,995.969970703125,22.719999313354492,185.1,1.01,3.96,1.5,1.86,2.57,91.5059,20.6
2003-10-01,1018.219970703125,21.06999969482422,184.9,1.01,3.96,1.47,1.84,2.56,91.6186,28.3
2003-10-02,1020.239990234375,20.799999237060547,184.9,1.01,4.03,1.48,1.83,2.54,91.6186,28.3
2003-10-03,1029.8499755859375,19.5,184.9,1.01,4.21,1.65,1.89,2.52,91.6186,28.3
2003-10-06,1034.3499755859375,19.510000228881836,184.9,1.01,4.17,1.6,1.87,2.51,91.6186,28.3
2003-10-07,1039.25,19.40999984741211,184.9,1.01,4.27,1.67,1.91,2.49,91.6186,28.3
2003-10-08,1033.780029296875,19.18000030517578,184.9,1.01,4.27,1.65,1.89,2.51,91.6186,28.3
2003-10-09,1038.72998046875,18.81999969482422,184.9,1.01,4.32,1.69,1.92,2.5,91.6186,28.3
2003-10-10,1038.06005859375,18.450000762939453,184.9,1.01,4.29,1.65,1.97,2.48,91.6186,28.3
2003-10-13,1045.3499755859375,17.549999237060547,184.9,1.01,4.29,1.65,1.97,2.48,91.6186,28.3
2003-10-14,1049.47998046875,17.3700008392334,184.9,1.01,4.37,1.73,2.0,2.48,91.6186,28.3
2003-10-15,1046.760009765625,17.690000534057617,184.9,1.01,4.43,1.79,2.02,2.44,91.6186,28.3
2003-10-16,1050.0699462890625,17.190000534057617,184.9,1.01,4.47,1.96,2.08,2.4,91.6186,28.3
2003-10-17,1039.3199462890625,17.6200008392334,184.9,1.01,4.41,1.9,2.07,2.38,91.6186,28.3
2003-10-20,1044.6800537109375,17.040000915527344,184.9,1.01,4.41,1.88,2.06,2.36,91.6186,28.3
2003-10-21,1046.030029296875,16.549999237060547,184.9,1.01,4.38,1.89,2.04,2.39,91.6186,28.3
2003-10-22,1030.3599853515625,17.670000076293945,184.9,1.01,4.29,1.8,1.97,2.43,91.6186,28.3
2003-10-23,1033.77001953125,17.68000030517578,184.9,1.01,4.34,1.84,2.01,2.41,91.6186,28.3
2003-10-24,1028.9100341796875,17.709999084472656,184.9,1.01,4.24,1.76,1.99,2.42,91.6186,28.3
2003-10-27,1031.1300048828125,18.049999237060547,184.9,1.01,4.3,1.83,2.02,2.39,91.6186,28.3
2003-10-28,1046.7900390625,16.81999969482422,184.9,1.01,4.23,1.71,2.0,2.41,91.6186,28.3
2003-10-29,1048.1099853515625,16.43000030517578,184.9,1.01,4.31,1.79,2.03,2.39,91.6186,28.3
2003-10-30,1046.93994140625,16.329999923706055,184.9,1.01,4.36,1.86,2.05,2.36,91.6186,28.3
2003-10-31,1050.7099609375,16.100000381469727,184.9,1.01,4.33,1.85,2.06,2.36,91.6186,28.3
2003-11-03,1059.02001953125,16.549999237060547,185.0,1.0,4.4,1.9,2.07,2.32,92.2329,26.8
2003-11-04,1053.25,16.549999237060547,185.0,1.0,4.33,1.86,2.06,2.36,92.2329,26.8
2003-11-05,1051.81005859375,16.860000610351562,185.0,1.0,4.38,1.94,2.01,2.35,92.2329,26.8
2003-11-06,1058.050048828125,16.739999771118164,185.0,1.0,4.45,2.01,2.02,2.34,92.2329,26.8
2003-11-07,1053.2099609375,16.93000030517578,185.0,1.0,4.48,2.04,2.05,2.32,92.2329,26.8
2003-11-10,1047.1099853515625,17.6200008392334,185.0,1.0,4.49,2.06,2.09,2.33,92.2329,26.8
2003-11-11,1046.5699462890625,17.540000915527344,185.0,1.0,4.49,2.06,2.09,2.33,92.2329,26.8
2003-11-12,1058.530029296875,16.75,185.0,1.0,4.44,2.05,2.09,2.33,92.2329,26.8
2003-11-13,1058.4100341796875,16.469999313354492,185.0,1.0,4.3,1.92,2.05,2.35,92.2329,26.8
2003-11-14,1050.3499755859375,16.940000534057617,185.0,1.0,4.22,1.84,2.02,2.37,92.2329,26.8
2003-11-17,1043.6300048828125,18.600000381469727,185.0,1.0,4.18,1.8,2.02,2.39,92.2329,26.8
2003-11-18,1034.1500244140625,19.110000610351562,185.0,1.0,4.17,1.83,2.0,2.38,92.2329,26.8
2003-11-19,1042.43994140625,18.799999237060547,185.0,1.0,4.24,1.9,2.0,2.37,92.2329,26.8
2003-11-20,1033.6500244140625,19.479999542236328,185.0,1.0,4.16,1.83,1.91,2.4,92.2329,26.8
2003-11-21,1035.280029296875,18.979999542236328,185.0,1.0,4.15,1.84,1.92,2.39,92.2329,26.8
2003-11-24,1052.0799560546875,17.440000534057617,185.0,1.0,4.23,1.94,1.98,2.38,92.2329,26.8
2003-11-25,1053.8900146484375,16.709999084472656,185.0,1.0,4.19,1.89,1.99,2.38,92.2329,26.8
2003-11-26,1058.449951171875,16.229999542236328,185.0,1.0,4.25,1.97,2.01,2.35,92.2329,26.8
2003-11-28,1058.199951171875,16.31999969482422,185.0,1.0,4.34,2.06,2.02,2.33,92.2329,26.8
2003-12-01,1070.1199951171875,16.770000457763672,185.5,0.98,4.4,2.12,2.04,2.3,92.2602,26.5
2003-12-02,1066.6199951171875,16.270000457763672,185.5,0.98,4.38,2.07,2.05,2.3,92.2602,26.5
2003-12-03,1064.72998046875,16.6299991607666,185.5,0.98,4.41,2.09,2.06,2.29,92.2602,26.5
2003-12-04,1069.719970703125,16.299999237060547,185.5,0.98,4.38,2.06,2.07,2.29,92.2602,26.5
2003-12-05,1061.5,17.09000015258789,185.5,0.98,4.23,1.88,2.03,2.33,92.2602,26.5
2003-12-08,1069.300048828125,16.540000915527344,185.5,0.98,4.29,1.94,2.06,2.33,92.2602,26.5
2003-12-09,1060.1800537109375,17.6299991607666,185.5,0.98,4.32,1.97,2.09,2.34,92.2602,26.5
2003-12-10,1059.050048828125,17.8700008392334,185.5,0.98,4.3,1.94,2.09,2.35,92.2602,26.5
2003-12-11,1071.2099609375,16.729999542236328,185.5,0.98,4.27,1.83,2.11,2.35,92.2602,26.5
2003-12-12,1074.1400146484375,16.40999984741211,185.5,0.98,4.26,1.84,2.1,2.34,92.2602,26.5
2003-12-15,1068.0400390625,17.229999542236328,185.5,0.98,4.28,1.88,2.08,2.34,92.2602,26.5
2003-12-16,1075.1300048828125,15.930000305175781,185.5,0.98,4.24,1.83,2.02,2.35,92.2602,26.5
2003-12-17,1076.47998046875,15.579999923706055,185.5,0.98,4.19,1.83,2.0,2.35,92.2602,26.5
2003-12-18,1089.1800537109375,16.15999984741211,185.5,0.98,4.16,1.85,1.97,2.32,92.2602,26.5
2003-12-19,1088.6600341796875,16.420000076293945,185.5,0.98,4.15,1.82,1.98,2.33,92.2602,26.5
2003-12-22,1092.93994140625,16.940000534057617,185.5,0.98,4.18,1.84,1.98,2.34,92.2602,26.5
2003-12-23,1096.02001953125,16.489999771118164,185.5,0.98,4.28,1.96,2.04,2.31,92.2602,26.5
2003-12-24,1094.0400390625,16.65999984741211,185.5,0.98,4.2,1.83,2.01,2.34,92.2602,26.5
2003-12-26,1095.8900146484375,17.450000762939453,185.5,0.98,4.17,1.82,2.01,2.33,92.2602,26.5
2003-12-29,1109.47998046875,17.09000015258789,185.5,0.98,4.24,1.86,2.02,2.33,92.2602,26.5
2003-12-30,1109.6400146484375,17.68000030517578,185.5,0.98,4.29,1.86,2.03,2.33,92.2602,26.5
2003-12-31,1111.9200439453125,18.309999465942383,185.5,0.98,4.27,1.84,2.03,2.34,92.2602,26.5
2004-01-02,1108.47998046875,18.219999313354492,186.3,1.0,4.38,1.94,2.08,2.32,92.4006,36.1
2004-01-05,1122.219970703125,17.489999771118164,186.3,1.0,4.41,1.95,2.09,2.27,92.4006,36.1
2004-01-06,1123.6700439453125,16.729999542236328,186.3,1.0,4.29,1.84,2.05,2.32,92.4006,36.1
2004-01-07,1126.3299560546875,15.5,186.3,1.0,4.27,1.84,2.05,2.3,92.4006,36.1
2004-01-08,1131.9200439453125,15.609999656677246,186.3,1.0,4.27,1.85,1.99,2.26,92.4006,36.1
2004-01-09,1121.8599853515625,16.75,186.3,1.0,4.11,1.68,1.93,2.31,92.4006,36.1
2004-01-12,1127.22998046875,16.81999969482422,186.3,1.0,4.11,1.68,1.93,2.32,92.4006,36.1
2004-01-13,1121.219970703125,18.040000915527344,186.3,1.0,4.05,1.63,1.95,2.35,92.4006,36.1
2004-01-14,1130.52001953125,16.75,186.3,1.0,4.01,1.65,1.91,2.33,92.4006,36.1
2004-01-15,1132.050048828125,15.5600004196167,186.3,1.0,3.99,1.67,1.96,2.33,92.4006,36.1
2004-01-16,1139.8299560546875,15.0,186.3,1.0,4.04,1.7,2.01,2.3,92.4006,36.1
2004-01-20,1138.77001953125,15.210000038146973,186.3,1.0,4.08,1.69,2.04,2.31,92.4006,36.1
2004-01-21,1147.6199951171875,14.34000015258789,186.3,1.0,4.05,1.69,2.06,2.33,92.4006,36.1
2004-01-22,1143.93994140625,14.710000038146973,186.3,1.0,3.99,1.66,2.02,2.33,92.4006,36.1
2004-01-23,1141.550048828125,14.84000015258789,186.3,1.0,4.09,1.71,2.05,2.3,92.4006,36.1
2004-01-26,1155.3699951171875,14.550000190734863,186.3,1.0,4.16,1.75,2.06,2.28,92.4006,36.1
2004-01-27,1144.050048828125,15.350000381469727,186.3,1.0,4.11,1.7,2.09,2.26,92.4006,36.1
2004-01-28,1128.47998046875,16.780000686645508,186.3,1.0,4.22,1.87,2.13,2.23,92.4006,36.1
2004-01-29,1134.1099853515625,17.139999389648438,186.3,1.0,4.22,1.88,2.15,2.19,92.4006,36.1
2004-01-30,1131.1300048828125,16.6299991607666,186.3,1.0,4.16,1.84,2.16,2.19,92.4006,36.1
2004-02-02,1135.260009765625,17.110000610351562,186.7,1.01,4.18,1.83,2.22,2.17,92.958,27.7
2004-02-03,1136.030029296875,17.34000015258789,186.7,1.01,4.13,1.78,2.19,2.18,92.958,27.7
2004-02-04,1126.52001953125,17.8700008392334,186.7,1.01,4.15,1.8,2.2,2.16,92.958,27.7
2004-02-05,1128.5899658203125,17.709999084472656,186.7,1.01,4.2,1.85,2.22,2.13,92.958,27.7
2004-02-06,1142.760009765625,16.0,186.7,1.01,4.12,1.77,2.17,2.16,92.958,27.7
2004-02-09,1139.81005859375,16.389999389648438,186.7,1.01,4.09,1.76,2.16,2.16,92.958,27.7
2004-02-10,1145.5400390625,15.9399995803833,186.7,1.01,4.13,1.82,2.17,2.15,92.958,27.7
2004-02-11,1157.760009765625,15.390000343322754,186.7,1.01,4.05,1.73,2.15,2.19,92.958,27.7
2004-02-12,1152.1099853515625,15.3100004196167,186.7,1.01,4.1,1.75,2.17,2.18,92.958,27.7
2004-02-13,1145.81005859375,15.579999923706055,186.7,1.01,4.05,1.7,2.16,2.2,92.958,27.7
2004-02-17,1156.989990234375,15.399999618530273,186.7,1.01,4.05,1.7,2.18,2.19,92.958,27.7
2004-02-18,1151.8199462890625,15.59000015258789,186.7,1.01,4.05,1.72,2.19,2.19,92.958,27.7
2004-02-19,1147.06005859375,15.800000190734863,186.7,1.01,4.05,1.7,2.2,2.19,92.958,27.7
2004-02-20,1144.1099853515625,16.040000915527344,186.7,1.01,4.1,1.75,2.24,2.18,92.958,27.7
2004-02-23,1140.989990234375,16.290000915527344,186.7,1.01,4.05,1.69,2.23,2.2,92.958,27.7
2004-02-24,1139.0899658203125,15.899999618530273,186.7,1.01,4.04,1.69,2.23,2.19,92.958,27.7
2004-02-25,1143.6700439453125,14.930000305175781,186.7,1.01,4.02,1.67,2.24,2.21,92.958,27.7
2004-02-26,1144.9100341796875,14.829999923706055,186.7,1.01,4.05,1.69,2.29,2.2,92.958,27.7
2004-02-27,1144.93994140625,14.550000190734863,186.7,1.01,3.99,1.66,2.38,2.21,92.958,27.7
2004-03-01,1155.969970703125,14.4399995803833,187.1,1.0,4.0,1.67,2.4,2.2,92.5861,29.6
2004-03-02,1149.0999755859375,14.859999656677246,187.1,1.0,4.05,1.74,2.42,2.19,92.5861,29.6
2004-03-03,1151.030029296875,14.550000190734863,187.1,1.0,4.07,1.74,2.42,2.18,92.5861,29.6
2004-03-04,1154.8699951171875,14.399999618530273,187.1,1.0,4.04,1.73,2.35,2.18,92.5861,29.6
2004-03-05,1156.8599853515625,14.479999542236328,187.1,1.0,3.85,1.57,2.28,2.25,92.5861,29.6
2004-03-08,1147.199951171875,15.789999961853027,187.1,1.0,3.78,1.52,2.25,2.3,92.5861,29.6
2004-03-09,1140.5799560546875,16.600000381469727,187.1,1.0,3.73,1.51,2.2,2.3,92.5861,29.6
2004-03-10,1123.8900146484375,18.670000076293945,187.1,1.0,3.74,1.54,2.18,2.31,92.5861,29.6
2004-03-11,1106.780029296875,20.670000076293945,187.1,1.0,3.74,1.52,2.15,2.32,92.5861,29.6
2004-03-12,1120.5699462890625,18.299999237060547,187.1,1.0,3.78,1.54,2.14,2.31,92.5861,29.6
2004-03-15,1104.489990234375,21.1299991607666,187.1,1.0,3.78,1.56,2.2,2.31,92.5861,29.6
2004-03-16,1110.699951171875,20.34000015258789,187.1,1.0,3.7,1.51,2.2,2.34,92.5861,29.6
2004-03-17,1123.75,18.110000610351562,187.1,1.0,3.71,1.53,2.27,2.33,92.5861,29.6
2004-03-18,1122.3199462890625,18.530000686645508,187.1,1.0,3.76,1.55,2.32,2.32,92.5861,29.6
2004-03-19,1109.780029296875,19.149999618530273,187.1,1.0,3.8,1.56,2.27,2.3,92.5861,29.6
2004-03-22,1095.4000244140625,21.579999923706055,187.1,1.0,3.74,1.52,2.24,2.32,92.5861,29.6
2004-03-23,1093.949951171875,20.670000076293945,187.1,1.0,3.73,1.52,2.24,2.33,92.5861,29.6
2004-03-24,1091.3299560546875,19.809999465942383,187.1,1.0,3.73,1.5,2.27,2.33,92.5861,29.6
2004-03-25,1109.18994140625,17.8799991607666,187.1,1.0,3.75,1.51,2.26,2.34,92.5861,29.6
2004-03-26,1108.06005859375,17.329999923706055,187.1,1.0,3.85,1.59,2.3,2.31,92.5861,29.6
2004-03-29,1122.469970703125,16.5,187.1,1.0,3.91,1.63,2.31,2.28,92.5861,29.6
2004-03-30,1127.0,16.280000686645508,187.1,1.0,3.91,1.63,2.29,2.28,92.5861,29.6
2004-03-31,1126.2099609375,16.739999771118164,187.1,1.0,3.86,1.6,2.29,2.29,92.5861,29.6
2004-04-01,1132.1700439453125,16.649999618530273,187.4,1.0,3.91,1.65,2.34,2.27,92.93,32.3
2004-04-02,1141.81005859375,15.640000343322754,187.4,1.0,4.15,1.86,2.38,2.17,92.93,32.3
2004-04-05,1150.5699462890625,14.970000267028809,187.4,1.0,4.24,1.91,2.4,2.13,92.93,32.3
2004-04-06,1148.1600341796875,15.319999694824219,187.4,1.0,4.19,1.86,2.37,2.16,92.93,32.3
2004-04-07,1140.530029296875,15.760000228881836,187.4,1.0,4.19,1.87,2.28,2.15,92.93,32.3
2004-04-08,1139.3199462890625,16.260000228881836,187.4,1.0,4.21,1.88,2.34,2.15,92.93,32.3
2004-04-12,1145.199951171875,15.279999732971191,187.4,1.0,4.25,1.91,2.35,2.13,92.93,32.3
2004-04-13,1129.43994140625,17.260000228881836,187.4,1.0,4.35,2.01,2.39,2.11,92.93,32.3
2004-04-14,1128.1700439453125,15.619999885559082,187.4,1.0,4.4,2.13,2.43,2.08,92.93,32.3
2004-04-15,1128.8399658203125,15.739999771118164,187.4,1.0,4.42,2.1,2.42,2.09,92.93,32.3
2004-04-16,1134.6099853515625,14.9399995803833,187.4,1.0,4.37,2.03,2.44,2.11,92.93,32.3
2004-04-19,1135.8199462890625,15.420000076293945,187.4,1.0,4.39,2.07,2.46,2.12,92.93,32.3
2004-04-20,1118.1500244140625,16.670000076293945,187.4,1.0,4.43,2.11,2.38,2.1,92.93,32.3
2004-04-21,1124.0899658203125,15.600000381469727,187.4,1.0,4.45,2.22,2.45,2.09,92.93,32.3
2004-04-22,1139.9300537109375,14.609999656677246,187.4,1.0,4.4,2.15,2.36,2.1,92.93,32.3
2004-04-23,1140.5999755859375,14.010000228881836,187.4,1.0,4.48,2.29,2.29,2.07,92.93,32.3
2004-04-26,1135.530029296875,14.770000457763672,187.4,1.0,4.46,2.28,2.37,2.06,92.93,32.3
2004-04-27,1138.1099853515625,15.069999694824219,187.4,1.0,4.43,2.21,2.38,2.08,92.93,32.3
2004-04-28,1122.4100341796875,16.290000915527344,187.4,1.0,4.5,2.3,2.34,2.06,92.93,32.3
2004-04-29,1113.8900146484375,16.600000381469727,187.4,1.0,4.55,2.34,2.34,2.06,92.93,32.3
2004-04-30,1107.300048828125,17.190000534057617,187.4,1.0,4.53,2.31,2.34,2.05,92.93,32.3
2004-05-03,1117.489990234375,16.6200008392334,188.2,1.0,4.53,2.34,2.35,2.05,93.6013,28.9
2004-05-04,1119.550048828125,16.549999237060547,188.2,1.0,4.56,2.32,2.4,2.07,93.6013,28.9
2004-05-05,1121.530029296875,15.770000457763672,188.2,1.0,4.61,2.34,2.42,2.05,93.6013,28.9
2004-05-06,1113.989990234375,17.049999237060547,188.2,1.0,4.63,2.39,2.38,2.06,93.6013,28.9
2004-05-07,1098.699951171875,18.1299991607666,188.2,1.0,4.79,2.64,2.46,1.97,93.6013,28.9
2004-05-10,1087.1199951171875,19.770000457763672,188.2,1.0,4.81,2.61,2.42,1.98,93.6013,28.9
2004-05-11,1095.449951171875,18.56999969482422,188.2,1.0,4.79,2.61,2.45,1.99,93.6013,28.9
2004-05-12,1097.280029296875,18.139999389648438,188.2,1.0,4.83,2.62,2.54,2.0,93.6013,28.9
2004-05-13,1096.43994140625,18.860000610351562,188.2,1.0,4.85,2.67,2.58,2.02,93.6013,28.9
2004-05-14,1095.699951171875,18.469999313354492,188.2,1.0,4.79,2.59,2.51,2.03,93.6013,28.9
2004-05-17,1084.0999755859375,19.959999084472656,188.2,1.0,4.7,2.51,2.5,2.08,93.6013,28.9
2004-05-18,1091.489990234375,19.329999923706055,188.2,1.0,4.74,2.58,2.54,2.05,93.6013,28.9
2004-05-19,1088.6800537109375,18.93000030517578,188.2,1.0,4.79,2.61,2.61,2.03,93.6013,28.9
2004-05-20,1089.18994140625,18.670000076293945,188.2,1.0,4.72,2.55,2.61,2.05,93.6013,28.9
2004-05-21,1093.56005859375,18.489999771118164,188.2,1.0,4.76,2.6,2.57,2.03,93.6013,28.9
2004-05-24,1095.4100341796875,18.079999923706055,188.2,1.0,4.75,2.59,2.63,2.02,93.6013,28.9
2004-05-25,1113.050048828125,15.960000038146973,188.2,1.0,4.73,2.58,2.6,2.02,93.6013,28.9
2004-05-26,1114.93994140625,15.970000267028809,188.2,1.0,4.67,2.52,2.58,2.05,93.6013,28.9
2004-05-27,1121.280029296875,15.279999732971191,188.2,1.0,4.6,2.46,2.55,2.05,93.6013,28.9
2004-05-28,1120.6800537109375,15.5,188.2,1.0,4.66,2.54,2.55,2.03,93.6013,28.9
2004-06-01,1121.199951171875,16.299999237060547,188.9,1.03,4.71,2.6,2.64,2.05,92.871,30.6
2004-06-02,1124.989990234375,16.079999923706055,188.9,1.03,4.74,2.65,2.62,2.06,92.871,30.6
2004-06-03,1116.6400146484375,17.030000686645508,188.9,1.03,4.71,2.63,2.58,2.08,92.871,30.6
2004-06-04,1122.5,16.780000686645508,188.9,1.03,4.78,2.7,2.6,2.06,92.871,30.6
2004-06-07,1140.4200439453125,15.390000343322754,188.9,1.03,4.78,2.67,2.58,2.05,92.871,30.6
2004-06-08,1142.1800537109375,15.010000228881836,188.9,1.03,4.78,2.73,2.53,2.04,92.871,30.6
2004-06-09,1131.3299560546875,15.390000343322754,188.9,1.03,4.82,2.79,2.54,2.03,92.871,30.6
2004-06-10,1136.469970703125,15.039999961853027,188.9,1.03,4.81,2.81,2.55,2.03,92.871,30.6
2004-06-14,1125.2900390625,16.06999969482422,188.9,1.03,4.89,2.97,2.55,2.01,92.871,30.6
2004-06-15,1132.010009765625,15.050000190734863,188.9,1.03,4.69,2.77,2.52,2.06,92.871,30.6
2004-06-16,1133.56005859375,14.789999961853027,188.9,1.03,4.74,2.84,2.53,2.04,92.871,30.6
2004-06-17,1132.050048828125,15.149999618530273,188.9,1.03,4.71,2.81,2.51,2.03,92.871,30.6
2004-06-18,1135.02001953125,14.989999771118164,188.9,1.03,4.72,2.81,2.54,2.03,92.871,30.6
2004-06-21,1130.300048828125,15.260000228881836,188.9,1.03,4.7,2.8,2.51,2.05,92.871,30.6
2004-06-22,1134.4100341796875,14.3100004196167,188.9,1.03,4.72,2.8,2.51,2.05,92.871,30.6
2004-06-23,1144.06005859375,13.979999542236328,188.9,1.03,4.71,2.78,2.48,2.06,92.871,30.6
2004-06-24,1140.6500244140625,14.8100004196167,188.9,1.03,4.66,2.74,2.45,2.06,92.871,30.6
2004-06-25,1134.4300537109375,15.1899995803833,188.9,1.03,4.66,2.74,2.42,2.07,92.871,30.6
2004-06-28,1133.3499755859375,16.06999969482422,188.9,1.03,4.76,2.86,2.45,2.04,92.871,30.6
2004-06-29,1136.199951171875,15.470000267028809,188.9,1.03,4.7,2.83,2.42,2.06,92.871,30.6
2004-06-30,1140.8399658203125,14.34000015258789,188.9,1.03,4.62,2.7,2.43,2.09,92.871,30.6
2004-07-01,1128.93994140625,15.199999809265137,189.1,1.26,4.57,2.64,2.44,2.12,93.5649,34.7
2004-07-02,1125.3800048828125,15.079999923706055,189.1,1.26,4.48,2.54,2.41,2.13,93.5649,34.7
2004-07-06,1116.2099609375,16.25,189.1,1.26,4.49,2.56,2.42,2.14,93.5649,34.7
2004-07-07,1118.3299560546875,15.8100004196167,189.1,1.26,4.5,2.56,2.44,2.13,93.5649,34.7
2004-07-08,1109.1099853515625,16.200000762939453,189.1,1.26,4.49,2.55,2.43,2.14,93.5649,34.7
2004-07-09,1112.81005859375,15.779999732971191,189.1,1.26,4.49,2.55,2.41,2.14,93.5649,34.7
2004-07-12,1114.3499755859375,14.960000038146973,189.1,1.26,4.46,2.53,2.38,2.15,93.5649,34.7
2004-07-13,1115.1400146484375,14.460000038146973,189.1,1.26,4.5,2.58,2.4,2.14,93.5649,34.7
2004-07-14,1111.469970703125,13.760000228881836,189.1,1.26,4.5,2.62,2.41,2.12,93.5649,34.7
2004-07-15,1106.68994140625,14.710000038146973,189.1,1.26,4.5,2.64,2.42,2.12,93.5649,34.7
2004-07-16,1101.3900146484375,14.34000015258789,189.1,1.26,4.38,2.54,2.37,2.15,93.5649,34.7
2004-07-19,1100.9000244140625,15.170000076293945,189.1,1.26,4.38,2.56,2.36,2.14,93.5649,34.7
2004-07-20,1108.6700439453125,14.170000076293945,189.1,1.26,4.47,2.67,2.36,2.12,93.5649,34.7
2004-07-21,1093.8800048828125,16.40999984741211,189.1,1.26,4.5,2.71,2.37,2.12,93.5649,34.7
2004-07-22,1096.8399658203125,15.75,189.1,1.26,4.48,2.69,2.37,2.13,93.5649,34.7
2004-07-23,1086.199951171875,16.5,189.1,1.26,4.45,2.69,2.38,2.13,93.5649,34.7
2004-07-26,1084.0699462890625,17.299999237060547,189.1,1.26,4.49,2.75,2.36,2.11,93.5649,34.7
2004-07-27,1094.8299560546875,16.549999237060547,189.1,1.26,4.62,2.82,2.38,2.09,93.5649,34.7
2004-07-28,1095.4200439453125,16.149999618530273,189.1,1.26,4.61,2.78,2.4,2.1,93.5649,34.7
2004-07-29,1100.4300537109375,15.680000305175781,189.1,1.26,4.6,2.75,2.43,2.09,93.5649,34.7
2004-07-30,1101.719970703125,15.319999694824219,189.1,1.26,4.5,2.68,2.41,2.1,93.5649,34.7
2004-08-02,1106.6199951171875,15.369999885559082,189.2,1.43,4.48,2.66,2.42,2.13,93.6277,25.0
2004-08-03,1099.68994140625,16.030000686645508,189.2,1.43,4.45,2.66,2.43,2.14,93.6277,25.0
2004-08-04,1098.6300048828125,16.209999084472656,189.2,1.43,4.45,2.66,2.39,2.14,93.6277,25.0
2004-08-05,1080.699951171875,18.31999969482422,189.2,1.43,4.43,2.64,2.41,2.14,93.6277,25.0
2004-08-06,1063.969970703125,19.34000015258789,189.2,1.43,4.24,2.4,2.34,2.22,93.6277,25.0
2004-08-09,1065.219970703125,18.889999389648438,189.2,1.43,4.28,2.45,2.37,2.19,93.6277,25.0
2004-08-10,1079.0400390625,17.469999313354492,189.2,1.43,4.32,2.55,2.35,2.18,93.6277,25.0
2004-08-11,1075.7900390625,18.040000915527344,189.2,1.43,4.3,2.54,2.38,2.17,93.6277,25.0
2004-08-12,1063.22998046875,19.079999923706055,189.2,1.43,4.27,2.52,2.4,2.19,93.6277,25.0
2004-08-13,1064.800048828125,17.979999542236328,189.2,1.43,4.22,2.47,2.41,2.2,93.6277,25.0
2004-08-16,1079.3399658203125,17.56999969482422,189.2,1.43,4.26,2.51,2.39,2.2,93.6277,25.0
2004-08-17,1081.7099609375,17.020000457763672,189.2,1.43,4.21,2.44,2.33,2.21,93.6277,25.0
2004-08-18,1095.1700439453125,16.229999542236328,189.2,1.43,4.23,2.44,2.32,2.2,93.6277,25.0
2004-08-19,1091.22998046875,16.959999084472656,189.2,1.43,4.22,2.43,2.39,2.2,93.6277,25.0
2004-08-20,1098.3499755859375,16.0,189.2,1.43,4.24,2.46,2.36,2.19,93.6277,25.0
2004-08-23,1095.6800537109375,15.880000114440918,189.2,1.43,4.28,2.5,2.33,2.19,93.6277,25.0
2004-08-24,1096.18994140625,15.329999923706055,189.2,1.43,4.28,2.5,2.3,2.18,93.6277,25.0
2004-08-25,1104.9599609375,14.979999542236328,189.2,1.43,4.26,2.51,2.29,2.18,93.6277,25.0
2004-08-26,1105.0899658203125,14.90999984741211,189.2,1.43,4.22,2.48,2.28,2.19,93.6277,25.0
2004-08-27,1107.77001953125,14.710000038146973,189.2,1.43,4.23,2.48,2.29,2.18,93.6277,25.0
2004-08-30,1099.1500244140625,15.4399995803833,189.2,1.43,4.19,2.47,2.28,2.19,93.6277,25.0
2004-08-31,1104.239990234375,15.289999961853027,189.2,1.43,4.13,2.41,2.27,2.19,93.6277,25.0
2004-09-01,1105.9100341796875,14.90999984741211,189.8,1.61,4.13,2.41,2.28,2.2,93.7467,19.6
2004-09-02,1118.31005859375,14.279999732971191,189.8,1.61,4.2,2.46,2.32,2.17,93.7467,19.6
2004-09-03,1113.6300048828125,13.90999984741211,189.8,1.61,4.3,2.61,2.36,2.15,93.7467,19.6
2004-09-07,1121.300048828125,14.069999694824219,189.8,1.61,4.26,2.58,2.34,2.13,93.7467,19.6
2004-09-08,1116.27001953125,14.0600004196167,189.8,1.61,4.18,2.5,2.3,2.15,93.7467,19.6
2004-09-09,1118.3800048828125,14.010000228881836,189.8,1.61,4.22,2.5,2.3,2.15,93.7467,19.6
2004-09-10,1123.9200439453125,13.760000228881836,189.8,1.61,4.19,2.5,2.26,2.16,93.7467,19.6
2004-09-13,1125.8199462890625,13.170000076293945,189.8,1.61,4.16,2.5,2.27,2.15,93.7467,19.6
2004-09-14,1128.3299560546875,13.5600004196167,189.8,1.61,4.15,2.47,2.24,2.15,93.7467,19.6
2004-09-15,1120.3699951171875,14.640000343322754,189.8,1.61,4.18,2.51,2.23,2.14,93.7467,19.6
2004-09-16,1123.5,14.390000343322754,189.8,1.61,4.08,2.44,2.17,2.16,93.7467,19.6
2004-09-17,1128.550048828125,14.029999732971191,189.8,1.61,4.14,2.53,2.18,2.13,93.7467,19.6
2004-09-20,1122.199951171875,14.430000305175781,189.8,1.61,4.07,2.46,2.19,2.14,93.7467,19.6
2004-09-21,1129.300048828125,13.65999984741211,189.8,1.61,4.05,2.49,2.14,2.14,93.7467,19.6
2004-09-22,1113.56005859375,14.739999771118164,189.8,1.61,4.0,2.5,2.17,2.13,93.7467,19.6
2004-09-23,1108.3599853515625,14.800000190734863,189.8,1.61,4.02,2.57,2.19,2.13,93.7467,19.6
2004-09-24,1110.1099853515625,14.279999732971191,189.8,1.61,4.04,2.62,2.2,2.12,93.7467,19.6
2004-09-27,1103.52001953125,14.619999885559082,189.8,1.61,4.01,2.59,2.25,2.13,93.7467,19.6
2004-09-28,1110.06005859375,13.829999923706055,189.8,1.61,4.02,2.55,2.28,2.14,93.7467,19.6
2004-09-29,1114.800048828125,13.210000038146973,189.8,1.61,4.1,2.61,2.3,2.12,93.7467,19.6
2004-09-30,1114.5799560546875,13.34000015258789,189.8,1.61,4.14,2.63,2.33,2.11,93.7467,19.6
2004-10-01,1131.5,12.75,190.8,1.76,4.21,2.63,2.35,2.09,94.5465,26.9
2004-10-04,1135.1700439453125,13.40999984741211,190.8,1.76,4.19,2.65,2.31,2.1,94.5465,26.9
2004-10-05,1134.47998046875,13.949999809265137,190.8,1.76,4.18,2.65,2.33,2.1,94.5465,26.9
2004-10-06,1142.050048828125,13.279999732971191,190.8,1.76,4.23,2.7,2.33,2.09,94.5465,26.9
2004-10-07,1130.6500244140625,14.5,190.8,1.76,4.26,2.72,2.35,2.09,94.5465,26.9
2004-10-08,1122.1400146484375,15.050000190734863,190.8,1.76,4.15,2.61,2.32,2.1,94.5465,26.9
2004-10-11,1124.3900146484375,14.710000038146973,190.8,1.76,4.15,2.61,2.32,2.1,94.5465,26.9
2004-10-12,1121.8399658203125,15.050000190734863,190.8,1.76,4.12,2.56,2.31,2.11,94.5465,26.9
2004-10-13,1113.6500244140625,15.420000076293945,190.8,1.76,4.09,2.53,2.32,2.12,94.5465,26.9
2004-10-14,1103.2900390625,16.43000030517578,190.8,1.76,4.03,2.48,2.32,2.13,94.5465,26.9
2004-10-15,1108.199951171875,15.039999961853027,190.8,1.76,4.07,2.53,2.34,2.12,94.5465,26.9
2004-10-18,1114.02001953125,14.710000038146973,190.8,1.76,4.07,2.55,2.32,2.13,94.5465,26.9
2004-10-19,1103.22998046875,15.130000114440918,190.8,1.76,4.07,2.57,2.33,2.1,94.5465,26.9
2004-10-20,1103.6600341796875,14.850000381469727,190.8,1.76,4.01,2.53,2.34,2.13,94.5465,26.9
2004-10-21,1106.489990234375,14.539999961853027,190.8,1.76,4.01,2.57,2.44,2.12,94.5465,26.9
2004-10-22,1095.739990234375,15.279999732971191,190.8,1.76,4.0,2.55,2.43,2.12,94.5465,26.9
2004-10-25,1094.800048828125,16.579999923706055,190.8,1.76,3.99,2.54,2.42,2.13,94.5465,26.9
2004-10-26,1111.0899658203125,16.389999389648438,190.8,1.76,4.01,2.54,2.45,2.11,94.5465,26.9
2004-10-27,1125.4000244140625,15.720000267028809,190.8,1.76,4.11,2.63,2.47,2.08,94.5465,26.9
2004-10-28,1127.43994140625,15.390000343322754,190.8,1.76,4.09,2.59,2.49,2.1,94.5465,26.9
2004-10-29,1130.199951171875,16.270000457763672,190.8,1.76,4.05,2.56,2.49,2.09,94.5465,26.9
2004-11-01,1130.510009765625,16.270000457763672,191.7,1.93,4.11,2.61,2.52,2.09,94.7813,19.1
2004-11-02,1130.56005859375,16.18000030517578,191.7,1.93,4.1,2.6,2.56,2.09,94.7813,19.1
2004-11-03,1143.199951171875,14.039999961853027,191.7,1.93,4.09,2.6,2.57,2.08,94.7813,19.1
2004-11-04,1161.6700439453125,13.970000267028809,191.7,1.93,4.1,2.63,2.53,2.05,94.7813,19.1
2004-11-05,1166.1700439453125,13.84000015258789,191.7,1.93,4.21,2.8,2.6,2.02,94.7813,19.1
2004-11-08,1164.8900146484375,13.800000190734863,191.7,1.93,4.22,2.8,2.59,2.03,94.7813,19.1
2004-11-09,1164.0799560546875,13.609999656677246,191.7,1.93,4.22,2.8,2.57,2.03,94.7813,19.1
2004-11-10,1162.9100341796875,13.079999923706055,191.7,1.93,4.25,2.82,2.59,2.04,94.7813,19.1
2004-11-11,1173.47998046875,13.039999961853027,191.7,1.93,4.25,2.82,2.59,2.04,94.7813,19.1
2004-11-12,1184.1700439453125,13.329999923706055,191.7,1.93,4.2,2.86,2.59,2.02,94.7813,19.1
2004-11-15,1183.81005859375,13.380000114440918,191.7,1.93,4.2,2.89,2.62,2.01,94.7813,19.1
2004-11-16,1175.4300537109375,13.210000038146973,191.7,1.93,4.21,2.91,2.64,2.0,94.7813,19.1
2004-11-17,1181.93994140625,13.210000038146973,191.7,1.93,4.14,2.85,2.61,2.01,94.7813,19.1
2004-11-18,1183.550048828125,12.979999542236328,191.7,1.93,4.12,2.86,2.6,2.01,94.7813,19.1
2004-11-19,1170.3399658203125,13.5,191.7,1.93,4.2,2.95,2.64,1.99,94.7813,19.1
2004-11-22,1177.239990234375,12.970000267028809,191.7,1.93,4.18,2.95,2.67,1.96,94.7813,19.1
2004-11-23,1176.93994140625,12.670000076293945,191.7,1.93,4.19,2.98,2.65,1.96,94.7813,19.1
2004-11-24,1181.760009765625,12.720000267028809,191.7,1.93,4.2,3.01,2.68,1.95,94.7813,19.1
2004-11-26,1182.6500244140625,12.779999732971191,191.7,1.93,4.24,3.03,2.7,1.96,94.7813,19.1
2004-11-29,1178.5699462890625,13.300000190734863,191.7,1.93,4.34,3.07,2.74,1.93,94.7813,19.1
2004-11-30,1173.8199462890625,13.239999771118164,191.7,1.93,4.36,3.02,2.76,1.95,94.7813,19.1
2004-12-01,1191.3699951171875,12.970000267028809,191.7,2.16,4.38,3.01,2.73,1.95,95.5365,25.5
2004-12-02,1190.3299560546875,12.979999542236328,191.7,2.16,4.4,3.04,2.72,1.94,95.5365,25.5
2004-12-03,1191.1700439453125,12.960000038146973,191.7,2.16,4.27,2.94,2.68,1.96,95.5365,25.5
2004-12-06,1190.25,13.1899995803833,191.7,2.16,4.24,2.93,2.66,1.96,95.5365,25.5
2004-12-07,1177.0699462890625,13.670000076293945,191.7,2.16,4.23,2.95,2.66,1.96,95.5365,25.5
2004-12-08,1182.81005859375,13.1899995803833,191.7,2.16,4.14,2.91,2.66,1.94,95.5365,25.5
2004-12-09,1189.239990234375,12.880000114440918,191.7,2.16,4.19,2.93,2.64,1.94,95.5365,25.5
2004-12-10,1188.0,12.760000228881836,191.7,2.16,4.16,2.95,2.59,1.95,95.5365,25.5
2004-12-13,1198.6800537109375,12.539999961853027,191.7,2.16,4.16,2.98,2.62,1.94,95.5365,25.5
2004-12-14,1203.3800048828125,12.729999542236328,191.7,2.16,4.14,2.99,2.64,1.94,95.5365,25.5
2004-12-15,1205.719970703125,12.350000381469727,191.7,2.16,4.09,2.97,2.65,1.91,95.5365,25.5
2004-12-16,1203.2099609375,12.270000457763672,191.7,2.16,4.19,3.01,2.68,1.92,95.5365,25.5
2004-12-17,1194.199951171875,11.949999809265137,191.7,2.16,4.21,3.03,2.69,1.92,95.5365,25.5
2004-12-20,1194.6500244140625,11.829999923706055,191.7,2.16,4.21,3.06,2.7,1.9,95.5365,25.5
2004-12-21,1205.449951171875,11.550000190734863,191.7,2.16,4.18,3.05,2.71,1.91,95.5365,25.5
2004-12-22,1209.5699462890625,11.449999809265137,191.7,2.16,4.21,3.04,2.68,1.91,95.5365,25.5
2004-12-23,1210.1300048828125,11.229999542236328,191.7,2.16,4.23,3.02,2.7,1.91,95.5365,25.5
2004-12-27,1204.9200439453125,12.140000343322754,191.7,2.16,4.3,3.07,2.71,1.9,95.5365,25.5
2004-12-28,1213.5400390625,12.0,191.7,2.16,4.31,3.08,2.71,1.9,95.5365,25.5
2004-12-29,1213.449951171875,11.619999885559082,191.7,2.16,4.33,3.12,2.7,1.89,95.5365,25.5
2004-12-30,1213.550048828125,12.5600004196167,191.7,2.16,4.27,3.1,2.67,1.89,95.5365,25.5
2004-12-31,1211.9200439453125,13.289999961853027,191.7,2.16,4.24,3.08,2.64,1.86,95.5365,25.5
2005-01-03,1202.0799560546875,14.079999923706055,191.6,2.28,4.23,3.1,2.62,1.86,95.8801,13.5
2005-01-04,1188.050048828125,13.979999542236328,191.6,2.28,4.29,3.2,2.62,1.85,95.8801,13.5
2005-01-05,1183.739990234375,14.09000015258789,191.6,2.28,4.29,3.22,2.6,1.83,95.8801,13.5
2005-01-06,1187.8900146484375,13.579999923706055,191.6,2.28,4.29,3.18,2.59,1.84,95.8801,13.5
2005-01-07,1186.18994140625,13.489999771118164,191.6,2.28,4.29,3.2,2.57,1.83,95.8801,13.5
2005-01-10,1190.25,13.229999542236328,191.6,2.28,4.29,3.23,2.62,1.82,95.8801,13.5
2005-01-11,1182.989990234375,13.1899995803833,191.6,2.28,4.26,3.24,2.6,1.81,95.8801,13.5
2005-01-12,1187.699951171875,12.5600004196167,191.6,2.28,4.25,3.22,2.6,1.81,95.8801,13.5
2005-01-13,1177.449951171875,12.84000015258789,191.6,2.28,4.2,3.21,2.6,1.8,95.8801,13.5
2005-01-14,1184.52001953125,12.430000305175781,191.6,2.28,4.23,3.24,2.58,1.79,95.8801,13.5
2005-01-18,1195.97998046875,12.470000267028809,191.6,2.28,4.21,3.26,2.57,1.77,95.8801,13.5
2005-01-19,1184.6300048828125,13.180000305175781,191.6,2.28,4.2,3.26,2.56,1.76,95.8801,13.5
2005-01-20,1175.4100341796875,13.829999923706055,191.6,2.28,4.17,3.21,2.52,1.8,95.8801,13.5
2005-01-21,1167.8699951171875,14.359999656677246,191.6,2.28,4.16,3.16,2.51,1.79,95.8801,13.5
2005-01-24,1163.75,14.649999618530273,191.6,2.28,4.14,3.2,2.52,1.77,95.8801,13.5
2005-01-25,1168.4100341796875,14.0600004196167,191.6,2.28,4.2,3.23,2.55,1.78,95.8801,13.5
2005-01-26,1174.0699462890625,13.4399995803833,191.6,2.28,4.21,3.27,2.58,1.76,95.8801,13.5
2005-01-27,1174.550048828125,13.239999771118164,191.6,2.28,4.22,3.28,2.59,1.75,95.8801,13.5
2005-01-28,1171.3599853515625,13.239999771118164,191.6,2.28,4.16,3.25,2.58,1.75,95.8801,13.5
2005-01-31,1181.27001953125,12.819999694824219,191.6,2.28,4.14,3.29,2.58,1.75,95.8801,13.5
2005-02-01,1189.4100341796875,12.029999732971191,192.4,2.5,4.15,3.29,2.56,1.74,96.5761,21.1
2005-02-02,1193.18994140625,11.65999984741211,192.4,2.5,4.15,3.32,2.55,1.73,96.5761,21.1
2005-02-03,1189.8900146484375,11.789999961853027,192.4,2.5,4.18,3.34,2.56,1.7,96.5761,21.1
2005-02-04,1203.030029296875,11.210000038146973,192.4,2.5,4.09,3.29,2.57,1.69,96.5761,21.1
2005-02-07,1201.719970703125,11.729999542236328,192.4,2.5,4.07,3.31,2.56,1.65,96.5761,21.1
2005-02-08,1202.300048828125,11.600000381469727,192.4,2.5,4.05,3.33,2.61,1.63,96.5761,21.1
2005-02-09,1191.989990234375,12.0,192.4,2.5,4.0,3.24,2.63,1.64,96.5761,21.1
2005-02-10,1197.010009765625,11.510000228881836,192.4,2.5,4.07,3.29,2.66,1.67,96.5761,21.1
2005-02-11,1205.300048828125,11.430000305175781,192.4,2.5,4.1,3.34,2.7,1.65,96.5761,21.1
2005-02-14,1206.1400146484375,11.520000457763672,192.4,2.5,4.08,3.38,2.72,1.63,96.5761,21.1
2005-02-15,1210.1199951171875,11.270000457763672,192.4,2.5,4.1,3.37,2.65,1.64,96.5761,21.1
2005-02-16,1210.3399658203125,11.100000381469727,192.4,2.5,4.16,3.41,2.68,1.62,96.5761,21.1
2005-02-17,1200.75,11.770000457763672,192.4,2.5,4.19,3.38,2.7,1.64,96.5761,21.1
2005-02-18,1201.5899658203125,11.180000305175781,192.4,2.5,4.27,3.45,2.78,1.62,96.5761,21.1
2005-02-22,1184.1600341796875,13.140000343322754,192.4,2.5,4.29,3.46,2.81,1.64,96.5761,21.1
2005-02-23,1190.800048828125,12.390000343322754,192.4,2.5,4.27,3.46,2.81,1.64,96.5761,21.1
2005-02-24,1200.199951171875,11.569999694824219,192.4,2.5,4.29,3.52,2.81,1.62,96.5761,21.1
2005-02-25,1211.3699951171875,11.489999771118164,192.4,2.5,4.27,3.54,2.8,1.62,96.5761,21.1
2005-02-28,1203.5999755859375,12.079999923706055,192.4,2.5,4.36,3.59,2.82,1.59,96.5761,21.1
2005-03-01,1210.4100341796875,12.039999961853027,193.1,2.63,4.38,3.59,2.85,1.58,96.4456,15.1
2005-03-02,1210.0799560546875,12.5,193.1,2.63,4.38,3.57,2.86,1.6,96.4456,15.1
2005-03-03,1210.469970703125,12.930000305175781,193.1,2.63,4.39,3.59,2.87,1.59,96.4456,15.1
2005-03-04,1222.1199951171875,11.9399995803833,193.1,2.63,4.32,3.57,2.85,1.57,96.4456,15.1
2005-03-07,1225.31005859375,12.260000228881836,193.1,2.63,4.31,3.61,2.86,1.55,96.4456,15.1
2005-03-08,1219.4300537109375,12.399999618530273,193.1,2.63,4.38,3.62,2.89,1.54,96.4456,15.1
2005-03-09,1207.010009765625,12.699999809265137,193.1,2.63,4.52,3.66,2.93,1.53,96.4456,15.1
2005-03-10,1209.25,12.489999771118164,193.1,2.63,4.48,3.68,2.88,1.51,96.4456,15.1
2005-03-11,1200.0799560546875,12.800000190734863,193.1,2.63,4.56,3.73,2.88,1.48,96.4456,15.1
2005-03-14,1206.8299560546875,12.390000343322754,193.1,2.63,4.52,3.75,2.86,1.5,96.4456,15.1
2005-03-15,1197.75,13.149999618530273,193.1,2.63,4.54,3.75,2.88,1.51,96.4456,15.1
2005-03-16,1188.0699462890625,13.489999771118164,193.1,2.63,4.52,3.72,2.89,1.53,96.4456,15.1
2005-03-17,1190.2099609375,13.289999961853027,193.1,2.63,4.47,3.7,2.91,1.57,96.4456,15.1
2005-03-18,1189.6500244140625,13.140000343322754,193.1,2.63,4.51,3.72,2.92,1.59,96.4456,15.1
2005-03-21,1183.780029296875,13.609999656677246,193.1,2.63,4.53,3.72,2.9,1.6,96.4456,15.1
2005-03-22,1171.7099609375,14.270000457763672,193.1,2.63,4.63,3.86,2.94,1.56,96.4456,15.1
2005-03-23,1172.530029296875,14.0600004196167,193.1,2.63,4.61,3.84,2.86,1.57,96.4456,15.1
2005-03-24,1171.4200439453125,13.420000076293945,193.1,2.63,4.6,3.88,2.85,1.58,96.4456,15.1
2005-03-28,1174.280029296875,13.75,193.1,2.63,4.64,3.9,2.85,1.58,96.4456,15.1
2005-03-29,1165.3599853515625,14.489999771118164,193.1,2.63,4.6,3.87,2.85,1.6,96.4456,15.1
2005-03-30,1181.4100341796875,13.640000343322754,193.1,2.63,4.56,3.86,2.84,1.61,96.4456,15.1
2005-03-31,1180.5899658203125,14.020000457763672,193.1,2.63,4.5,3.8,2.87,1.64,96.4456,15.1
2005-04-01,1172.9200439453125,14.09000015258789,193.7,2.79,4.46,3.75,2.85,1.65,96.6532,25.2
2005-04-04,1176.1199951171875,14.109999656677246,193.7,2.79,4.47,3.74,2.85,1.65,96.6532,25.2
2005-04-05,1181.3900146484375,13.680000305175781,193.7,2.79,4.48,3.75,2.83,1.66,96.6532,25.2
2005-04-06,1184.0699462890625,13.149999618530273,193.7,2.79,4.44,3.7,2.79,1.67,96.6532,25.2
2005-04-07,1191.1400146484375,12.329999923706055,193.7,2.79,4.49,3.72,2.77,1.65,96.6532,25.2
2005-04-08,1181.199951171875,12.619999885559082,193.7,2.79,4.5,3.77,2.8,1.64,96.6532,25.2
2005-04-11,1181.2099609375,11.979999542236328,193.7,2.79,4.45,3.75,2.78,1.67,96.6532,25.2
2005-04-12,1187.760009765625,11.300000190734863,193.7,2.79,4.38,3.71,2.76,1.66,96.6532,25.2
2005-04-13,1173.7900390625,13.3100004196167,193.7,2.79,4.38,3.66,2.72,1.69,96.6532,25.2
2005-04-14,1162.050048828125,14.529999732971191,193.7,2.79,4.37,3.6,2.73,1.75,96.6532,25.2
2005-04-15,1142.6199951171875,17.739999771118164,193.7,2.79,4.27,3.54,2.7,1.78,96.6532,25.2
2005-04-18,1145.97998046875,16.559999465942383,193.7,2.79,4.27,3.55,2.71,1.75,96.6532,25.2
2005-04-19,1152.780029296875,14.960000038146973,193.7,2.79,4.21,3.5,2.72,1.76,96.6532,25.2
2005-04-20,1137.5,16.920000076293945,193.7,2.79,4.22,3.52,2.75,1.78,96.6532,25.2
2005-04-21,1159.949951171875,14.40999984741211,193.7,2.79,4.32,3.65,2.8,1.73,96.6532,25.2
2005-04-22,1152.1199951171875,15.380000114440918,193.7,2.79,4.26,3.62,2.81,1.74,96.6532,25.2
2005-04-25,1162.0999755859375,14.619999885559082,193.7,2.79,4.26,3.64,2.79,1.71,96.6532,25.2
2005-04-26,1151.8299560546875,14.90999984741211,193.7,2.79,4.28,3.67,2.79,1.7,96.6532,25.2
2005-04-27,1156.3800048828125,14.869999885559082,193.7,2.79,4.25,3.64,2.75,1.72,96.6532,25.2
2005-04-28,1143.219970703125,16.860000610351562,193.7,2.79,4.19,3.59,2.74,1.75,96.6532,25.2
2005-04-29,1156.8499755859375,15.3100004196167,193.7,2.79,4.21,3.66,2.73,1.76,96.6532,25.2
2005-05-02,1162.1600341796875,15.119999885559082,193.6,3.0,4.21,3.64,2.7,1.77,96.7402,9.3
2005-05-03,1161.1700439453125,14.529999732971191,193.6,3.0,4.21,3.68,2.66,1.77,96.7402,9.3
2005-05-04,1175.6500244140625,13.850000381469727,193.6,3.0,4.2,3.63,2.66,1.83,96.7402,9.3
2005-05-05,1172.6300048828125,13.979999542236328,193.6,3.0,4.19,3.58,2.64,1.84,96.7402,9.3
2005-05-06,1171.3499755859375,14.050000190734863,193.6,3.0,4.28,3.73,2.68,1.82,96.7402,9.3
2005-05-09,1178.8399658203125,13.75,193.6,3.0,4.29,3.76,2.71,1.78,96.7402,9.3
2005-05-10,1166.219970703125,14.90999984741211,193.6,3.0,4.23,3.69,2.69,1.82,96.7402,9.3
2005-05-11,1171.1099853515625,14.449999809265137,193.6,3.0,4.21,3.68,2.67,1.81,96.7402,9.3
2005-05-12,1159.3599853515625,16.1200008392334,193.6,3.0,4.18,3.66,2.6,1.83,96.7402,9.3
2005-05-13,1154.050048828125,16.31999969482422,193.6,3.0,4.12,3.61,2.53,1.88,96.7402,9.3
2005-05-16,1165.68994140625,15.680000305175781,193.6,3.0,4.13,3.61,2.53,1.89,96.7402,9.3
2005-05-17,1173.800048828125,14.569999694824219,193.6,3.0,4.12,3.61,2.54,1.91,96.7402,9.3
2005-05-18,1185.56005859375,13.630000114440918,193.6,3.0,4.07,3.56,2.49,1.92,96.7402,9.3
2005-05-19,1191.0799560546875,13.319999694824219,193.6,3.0,4.11,3.64,2.5,1.91,96.7402,9.3
2005-05-20,1189.280029296875,13.140000343322754,193.6,3.0,4.13,3.69,2.55,1.89,96.7402,9.3
2005-05-23,1193.8599853515625,12.949999809265137,193.6,3.0,4.07,3.65,2.5,1.89,96.7402,9.3
2005-05-24,1194.0699462890625,12.6899995803833,193.6,3.0,4.04,3.61,2.48,1.91,96.7402,9.3
2005-05-25,1190.010009765625,12.579999923706055,193.6,3.0,4.08,3.61,2.5,1.91,96.7402,9.3
2005-05-26,1197.6199951171875,12.239999771118164,193.6,3.0,4.08,3.64,2.47,1.91,96.7402,9.3
2005-05-27,1198.780029296875,12.149999618530273,193.6,3.0,4.08,3.64,2.5,1.91,96.7402,9.3
2005-05-31,1191.5,13.289999961853027,193.6,3.0,4.0,3.6,2.47,1.9,96.7402,9.3
2005-06-01,1202.219970703125,12.359999656677246,193.7,3.04,3.91,3.5,2.44,1.91,97.1753,-1.3
2005-06-02,1204.2900390625,11.84000015258789,193.7,3.04,3.89,3.52,2.42,1.89,97.1753,-1.3
2005-06-03,1196.02001953125,12.149999618530273,193.7,3.04,3.98,3.57,2.42,1.84,97.1753,-1.3
2005-06-06,1197.510009765625,12.279999732971191,193.7,3.04,3.96,3.59,2.43,1.82,97.1753,-1.3
2005-06-07,1197.260009765625,12.390000343322754,193.7,3.04,3.92,3.57,2.39,1.82,97.1753,-1.3
2005-06-08,1194.6700439453125,12.699999809265137,193.7,3.04,3.95,3.6,2.39,1.82,97.1753,-1.3
2005-06-09,1200.9300537109375,12.079999923706055,193.7,3.04,3.98,3.64,2.39,1.83,97.1753,-1.3
2005-06-10,1198.1099853515625,11.960000038146973,193.7,3.04,4.05,3.71,2.37,1.84,97.1753,-1.3
2005-06-13,1200.8199462890625,11.649999618530273,193.7,3.04,4.09,3.71,2.38,1.84,97.1753,-1.3
2005-06-14,1203.9100341796875,11.789999961853027,193.7,3.04,4.13,3.71,2.39,1.87,97.1753,-1.3
2005-06-15,1206.5799560546875,11.460000038146973,193.7,3.04,4.12,3.72,2.38,1.87,97.1753,-1.3
2005-06-16,1210.9599609375,11.149999618530273,193.7,3.04,4.09,3.7,2.39,1.86,97.1753,-1.3
2005-06-17,1216.9599609375,11.479999542236328,193.7,3.04,4.09,3.72,2.43,1.85,97.1753,-1.3
2005-06-20,1216.0999755859375,11.470000267028809,193.7,3.04,4.11,3.72,2.42,1.85,97.1753,-1.3
2005-06-21,1213.6099853515625,11.079999923706055,193.7,3.04,4.06,3.71,2.4,1.85,97.1753,-1.3
2005-06-22,1213.8800048828125,11.050000190734863,193.7,3.04,3.95,3.62,2.32,1.89,97.1753,-1.3
2005-06-23,1200.72998046875,12.130000114440918,193.7,3.04,3.96,3.63,2.34,1.88,97.1753,-1.3
2005-06-24,1191.5699462890625,12.180000305175781,193.7,3.04,3.92,3.59,2.32,1.89,97.1753,-1.3
2005-06-27,1190.68994140625,12.520000457763672,193.7,3.04,3.9,3.6,2.35,1.89,97.1753,-1.3
2005-06-28,1201.5699462890625,11.579999923706055,193.7,3.04,3.97,3.65,2.36,1.87,97.1753,-1.3
2005-06-29,1199.8499755859375,11.770000457763672,193.7,3.04,3.99,3.65,2.35,1.87,97.1753,-1.3
2005-06-30,1191.3299560546875,12.039999961853027,193.7,3.04,3.94,3.66,2.31,1.87,97.1753,-1.3
2005-07-01,1194.43994140625,11.399999618530273,194.9,3.26,4.06,3.76,2.34,1.83,96.8676,8.1
2005-07-05,1204.989990234375,11.680000305175781,194.9,3.26,4.11,3.79,2.35,1.84,96.8676,8.1
2005-07-06,1194.93994140625,12.270000457763672,194.9,3.26,4.08,3.77,2.34,1.85,96.8676,8.1
2005-07-07,1197.8699951171875,12.489999771118164,194.9,3.26,4.05,3.71,2.33,1.84,96.8676,8.1
2005-07-08,1211.8599853515625,11.449999809265137,194.9,3.26,4.11,3.78,2.33,1.83,96.8676,8.1
2005-07-11,1219.43994140625,11.279999732971191,194.9,3.26,4.11,3.81,2.36,1.81,96.8676,8.1
2005-07-12,1222.2099609375,10.949999809265137,194.9,3.26,4.15,3.82,2.37,1.8,96.8676,8.1
2005-07-13,1223.2900390625,10.84000015258789,194.9,3.26,4.17,3.84,2.35,1.79,96.8676,8.1
2005-07-14,1226.5,10.8100004196167,194.9,3.26,4.19,3.86,2.27,1.78,96.8676,8.1
2005-07-15,1227.9200439453125,10.329999923706055,194.9,3.26,4.18,3.86,2.23,1.77,96.8676,8.1
2005-07-18,1221.1300048828125,10.770000457763672,194.9,3.26,4.22,3.89,2.22,1.8,96.8676,8.1
2005-07-19,1229.3499755859375,10.449999809265137,194.9,3.26,4.2,3.88,2.25,1.78,96.8676,8.1
2005-07-20,1235.199951171875,10.229999542236328,194.9,3.26,4.17,3.9,2.27,1.77,96.8676,8.1
2005-07-21,1227.0400390625,10.970000267028809,194.9,3.26,4.28,3.96,2.32,1.76,96.8676,8.1
2005-07-22,1233.6800537109375,10.520000457763672,194.9,3.26,4.23,3.92,2.32,1.75,96.8676,8.1
2005-07-25,1229.030029296875,11.100000381469727,194.9,3.26,4.25,3.95,2.3,1.72,96.8676,8.1
2005-07-26,1231.1600341796875,10.989999771118164,194.9,3.26,4.24,3.95,2.3,1.72,96.8676,8.1
2005-07-27,1236.7900390625,10.359999656677246,194.9,3.26,4.27,3.99,2.31,1.71,96.8676,8.1
2005-07-28,1243.719970703125,10.520000457763672,194.9,3.26,4.2,3.96,2.31,1.68,96.8676,8.1
2005-07-29,1234.1800537109375,11.569999694824219,194.9,3.26,4.28,4.02,2.32,1.67,96.8676,8.1
2005-08-01,1235.3499755859375,12.079999923706055,196.1,3.5,4.32,4.04,2.37,1.67,97.1833,11.2
2005-08-02,1244.1199951171875,11.75,196.1,3.5,4.34,4.06,2.37,1.68,97.1833,11.2
2005-08-03,1245.0400390625,11.829999923706055,196.1,3.5,4.3,4.02,2.38,1.7,97.1833,11.2
2005-08-04,1235.8599853515625,12.520000457763672,196.1,3.5,4.32,4.04,2.38,1.69,97.1833,11.2
2005-08-05,1226.4200439453125,12.479999542236328,196.1,3.5,4.4,4.11,2.41,1.67,97.1833,11.2
2005-08-08,1223.1300048828125,13.210000038146973,196.1,3.5,4.42,4.16,2.43,1.67,97.1833,11.2
2005-08-09,1231.3800048828125,12.399999618530273,196.1,3.5,4.41,4.13,2.39,1.66,97.1833,11.2
2005-08-10,1229.1300048828125,12.380000114440918,196.1,3.5,4.4,4.13,2.39,1.68,97.1833,11.2
2005-08-11,1237.81005859375,12.420000076293945,196.1,3.5,4.32,4.1,2.38,1.71,97.1833,11.2
2005-08-12,1230.3900146484375,12.739999771118164,196.1,3.5,4.24,4.05,2.38,1.71,97.1833,11.2
2005-08-15,1233.8699951171875,12.260000228881836,196.1,3.5,4.27,4.08,2.41,1.71,97.1833,11.2
2005-08-16,1219.3399658203125,13.520000457763672,196.1,3.5,4.23,4.03,2.42,1.71,97.1833,11.2
2005-08-17,1220.239990234375,13.300000190734863,196.1,3.5,4.28,4.07,2.42,1.71,97.1833,11.2
2005-08-18,1219.02001953125,13.420000076293945,196.1,3.5,4.21,4.01,2.4,1.73,97.1833,11.2
2005-08-19,1219.7099609375,13.420000076293945,196.1,3.5,4.21,4.03,2.42,1.72,97.1833,11.2
2005-08-22,1221.72998046875,13.420000076293945,196.1,3.5,4.22,4.03,2.41,1.72,97.1833,11.2
2005-08-23,1217.5899658203125,13.34000015258789,196.1,3.5,4.2,4.01,2.42,1.72,97.1833,11.2
2005-08-24,1209.5899658203125,14.170000076293945,196.1,3.5,4.19,3.99,2.42,1.72,97.1833,11.2
2005-08-25,1212.3699951171875,13.729999542236328,196.1,3.5,4.18,4.0,2.44,1.7,97.1833,11.2
2005-08-26,1205.0999755859375,13.720000267028809,196.1,3.5,4.2,4.06,2.44,1.69,97.1833,11.2
2005-08-29,1212.280029296875,13.520000457763672,196.1,3.5,4.2,4.06,2.45,1.68,97.1833,11.2
2005-08-30,1208.4100341796875,13.649999618530273,196.1,3.5,4.16,3.97,2.51,1.67,97.1833,11.2
2005-08-31,1220.3299560546875,12.600000381469727,196.1,3.5,4.02,3.84,2.44,1.77,97.1833,11.2
2005-09-01,1221.5899658203125,13.149999618530273,198.8,3.62,4.02,3.72,2.47,1.81,95.3005,7.1
2005-09-02,1218.02001953125,13.569999694824219,198.8,3.62,4.03,3.75,2.53,1.84,95.3005,7.1
2005-09-06,1233.3900146484375,12.930000305175781,198.8,3.62,4.09,3.8,2.49,1.83,95.3005,7.1
2005-09-07,1236.3599853515625,12.520000457763672,198.8,3.62,4.15,3.87,2.5,1.83,95.3005,7.1
2005-09-08,1231.6700439453125,12.930000305175781,198.8,3.62,4.15,3.87,2.56,1.83,95.3005,7.1
2005-09-09,1241.47998046875,11.979999542236328,198.8,3.62,4.14,3.88,2.62,1.82,95.3005,7.1
2005-09-12,1240.56005859375,11.649999618530273,198.8,3.62,4.18,3.92,2.61,1.82,95.3005,7.1
2005-09-13,1231.199951171875,12.390000343322754,198.8,3.62,4.14,3.88,2.59,1.83,95.3005,7.1
2005-09-14,1227.1600341796875,12.90999984741211,198.8,3.62,4.17,3.9,2.6,1.83,95.3005,7.1
2005-09-15,1227.72998046875,12.489999771118164,198.8,3.62,4.22,3.9,2.62,1.84,95.3005,7.1
2005-09-16,1237.9100341796875,11.220000267028809,198.8,3.62,4.26,3.97,2.65,1.85,95.3005,7.1
2005-09-19,1231.02001953125,12.140000343322754,198.8,3.62,4.25,3.93,2.67,1.85,95.3005,7.1
2005-09-20,1221.3399658203125,12.640000343322754,198.8,3.62,4.26,4.0,2.63,1.81,95.3005,7.1
2005-09-21,1210.199951171875,13.789999961853027,198.8,3.62,4.19,3.96,2.65,1.84,95.3005,7.1
2005-09-22,1214.6199951171875,13.329999923706055,198.8,3.62,4.19,3.95,2.63,1.84,95.3005,7.1
2005-09-23,1215.2900390625,12.960000038146973,198.8,3.62,4.25,4.02,2.64,1.83,95.3005,7.1
2005-09-26,1215.6300048828125,13.039999961853027,198.8,3.62,4.3,4.07,2.63,1.83,95.3005,7.1
2005-09-27,1215.6600341796875,12.760000228881836,198.8,3.62,4.3,4.08,2.66,1.84,95.3005,7.1
2005-09-28,1216.8900146484375,12.630000114440918,198.8,3.62,4.26,4.09,2.67,1.82,95.3005,7.1
2005-09-29,1227.6800537109375,12.239999771118164,198.8,3.62,4.29,4.13,2.69,1.83,95.3005,7.1
2005-09-30,1228.81005859375,11.920000076293945,198.8,3.62,4.34,4.18,2.72,1.81,95.3005,7.1
2005-10-03,1226.699951171875,12.460000038146973,199.1,3.78,4.39,4.21,2.71,1.82,96.4572,4.8
2005-10-04,1214.469970703125,13.199999809265137,199.1,3.78,4.38,4.22,2.68,1.81,96.4572,4.8
2005-10-05,1196.3900146484375,14.550000190734863,199.1,3.78,4.36,4.21,2.66,1.81,96.4572,4.8
2005-10-06,1191.489990234375,14.960000038146973,199.1,3.78,4.37,4.2,2.59,1.82,96.4572,4.8
2005-10-07,1195.9000244140625,14.59000015258789,199.1,3.78,4.35,4.18,2.59,1.82,96.4572,4.8
2005-10-10,1187.3299560546875,15.550000190734863,199.1,3.78,4.35,4.18,2.59,1.82,96.4572,4.8
2005-10-11,1184.8699951171875,15.630000114440918,199.1,3.78,4.39,4.22,2.6,1.8,96.4572,4.8
2005-10-12,1177.6800537109375,16.219999313354492,199.1,3.78,4.45,4.24,2.61,1.83,96.4572,4.8
2005-10-13,1176.8399658203125,16.469999313354492,199.1,3.78,4.48,4.24,2.59,1.86,96.4572,4.8
2005-10-14,1186.5699462890625,14.869999885559082,199.1,3.78,4.48,4.27,2.63,1.87,96.4572,4.8
2005-10-17,1190.0999755859375,14.670000076293945,199.1,3.78,4.5,4.29,2.68,1.84,96.4572,4.8
2005-10-18,1178.1400146484375,15.329999923706055,199.1,3.78,4.49,4.27,2.68,1.84,96.4572,4.8
2005-10-19,1195.760009765625,13.5,199.1,3.78,4.47,4.25,2.66,1.86,96.4572,4.8
2005-10-20,1177.800048828125,16.110000610351562,199.1,3.78,4.46,4.27,2.65,1.86,96.4572,4.8
2005-10-21,1179.5899658203125,16.1299991607666,199.1,3.78,4.39,4.22,2.6,1.85,96.4572,4.8
2005-10-24,1199.3800048828125,14.739999771118164,199.1,3.78,4.45,4.25,2.61,1.85,96.4572,4.8
2005-10-25,1196.5400390625,14.529999732971191,199.1,3.78,4.54,4.34,2.6,1.81,96.4572,4.8
2005-10-26,1191.3800048828125,14.59000015258789,199.1,3.78,4.6,4.38,2.62,1.84,96.4572,4.8
2005-10-27,1178.9000244140625,16.020000457763672,199.1,3.78,4.57,4.36,2.62,1.84,96.4572,4.8
2005-10-28,1198.4100341796875,14.25,199.1,3.78,4.58,4.4,2.64,1.83,96.4572,4.8
2005-10-31,1207.010009765625,15.319999694824219,199.1,3.78,4.57,4.4,2.64,1.83,96.4572,4.8
2005-11-01,1202.760009765625,14.850000381469727,198.1,4.0,4.58,4.42,2.63,1.84,97.5414,10.3
2005-11-02,1214.760009765625,13.479999542236328,198.1,4.0,4.61,4.43,2.63,1.84,97.5414,10.3
2005-11-03,1219.93994140625,13.0,198.1,4.0,4.65,4.47,2.64,1.82,97.5414,10.3
2005-11-04,1220.1400146484375,13.170000076293945,198.1,4.0,4.66,4.47,2.66,1.82,97.5414,10.3
2005-11-07,1222.81005859375,13.100000381469727,198.1,4.0,4.65,4.47,2.64,1.82,97.5414,10.3
2005-11-08,1218.5899658203125,13.079999923706055,198.1,4.0,4.57,4.43,2.59,1.83,97.5414,10.3
2005-11-09,1220.6500244140625,12.800000190734863,198.1,4.0,4.64,4.49,2.56,1.82,97.5414,10.3
2005-11-10,1230.9599609375,11.899999618530273,198.1,4.0,4.55,4.44,2.47,1.84,97.5414,10.3
2005-11-11,1234.719970703125,11.630000114440918,198.1,4.0,4.55,4.44,2.47,1.84,97.5414,10.3
2005-11-14,1233.760009765625,12.180000305175781,198.1,4.0,4.61,4.5,2.44,1.83,97.5414,10.3
2005-11-15,1229.010009765625,12.229999542236328,198.1,4.0,4.56,4.47,2.43,1.83,97.5414,10.3
2005-11-16,1231.2099609375,12.260000228881836,198.1,4.0,4.49,4.42,2.4,1.84,97.5414,10.3
2005-11-17,1242.800048828125,11.25,198.1,4.0,4.46,4.37,2.39,1.85,97.5414,10.3
2005-11-18,1248.27001953125,11.119999885559082,198.1,4.0,4.5,4.4,2.38,1.86,97.5414,10.3
2005-11-21,1254.8499755859375,10.819999694824219,198.1,4.0,4.46,4.39,2.4,1.87,97.5414,10.3
2005-11-22,1261.22998046875,10.600000381469727,198.1,4.0,4.43,4.32,2.41,1.91,97.5414,10.3
2005-11-23,1265.6099853515625,10.960000038146973,198.1,4.0,4.47,4.36,2.41,1.91,97.5414,10.3
2005-11-25,1268.25,10.880000114440918,198.1,4.0,4.43,4.33,2.4,1.91,97.5414,10.3
2005-11-28,1257.4599609375,11.84000015258789,198.1,4.0,4.41,4.33,2.38,1.89,97.5414,10.3
2005-11-29,1257.47998046875,11.890000343322754,198.1,4.0,4.48,4.4,2.37,1.88,97.5414,10.3
2005-11-30,1249.47998046875,12.0600004196167,198.1,4.0,4.49,4.42,2.35,1.89,97.5414,10.3
2005-12-01,1264.6700439453125,11.239999771118164,198.1,4.16,4.52,4.45,2.37,1.87,98.0452,12.9
2005-12-02,1265.0799560546875,11.010000228881836,198.1,4.16,4.52,4.43,2.36,1.87,98.0452,12.9
2005-12-05,1262.0899658203125,11.600000381469727,198.1,4.16,4.57,4.47,2.41,1.86,98.0452,12.9
2005-12-06,1263.699951171875,11.520000457763672,198.1,4.16,4.49,4.42,2.36,1.88,98.0452,12.9
2005-12-07,1257.3699951171875,12.180000305175781,198.1,4.16,4.52,4.42,2.31,1.88,98.0452,12.9
2005-12-08,1255.8399658203125,12.210000038146973,198.1,4.16,4.47,4.37,2.28,1.88,98.0452,12.9
2005-12-09,1259.3699951171875,11.6899995803833,198.1,4.16,4.54,4.43,2.31,1.88,98.0452,12.9
2005-12-12,1260.4300537109375,11.470000267028809,198.1,4.16,4.56,4.45,2.34,1.86,98.0452,12.9
2005-12-13,1267.4300537109375,11.109999656677246,198.1,4.16,4.54,4.43,2.34,1.88,98.0452,12.9
2005-12-14,1272.739990234375,10.479999542236328,198.1,4.16,4.45,4.37,2.32,1.88,98.0452,12.9
2005-12-15,1270.93994140625,10.729999542236328,198.1,4.16,4.47,4.37,2.32,1.87,98.0452,12.9
2005-12-16,1267.3199462890625,10.680000305175781,198.1,4.16,4.45,4.37,2.28,1.85,98.0452,12.9
2005-12-19,1259.9200439453125,11.380000114440918,198.1,4.16,4.45,4.38,2.28,1.84,98.0452,12.9
2005-12-20,1259.6199951171875,11.1899995803833,198.1,4.16,4.47,4.42,2.3,1.84,98.0452,12.9
2005-12-21,1262.7900390625,10.8100004196167,198.1,4.16,4.49,4.43,2.29,1.84,98.0452,12.9
2005-12-22,1268.1199951171875,10.289999961853027,198.1,4.16,4.44,4.4,2.28,1.83,98.0452,12.9
2005-12-23,1268.6600341796875,10.270000457763672,198.1,4.16,4.38,4.37,2.26,1.83,98.0452,12.9
2005-12-27,1256.5400390625,11.569999694824219,198.1,4.16,4.34,4.35,2.25,1.83,98.0452,12.9
2005-12-28,1258.1700439453125,11.350000381469727,198.1,4.16,4.38,4.37,2.23,1.82,98.0452,12.9
2005-12-29,1254.4200439453125,11.609999656677246,198.1,4.16,4.37,4.38,2.26,1.82,98.0452,12.9
2005-12-30,1248.2900390625,12.069999694824219,198.1,4.16,4.39,4.41,2.3,1.82,98.0452,12.9
2006-01-03,1268.800048828125,11.140000343322754,199.3,4.29,4.37,4.34,2.3,1.84,98.1999,5.4
2006-01-04,1273.4599609375,11.369999885559082,199.3,4.29,4.36,4.31,2.31,1.84,98.1999,5.4
2006-01-05,1273.47998046875,11.3100004196167,199.3,4.29,4.36,4.32,2.28,1.84,98.1999,5.4
2006-01-06,1285.449951171875,11.0,199.3,4.29,4.38,4.36,2.33,1.84,98.1999,5.4
2006-01-09,1290.1500244140625,11.130000114440918,199.3,4.29,4.38,4.36,2.35,1.84,98.1999,5.4
2006-01-10,1289.68994140625,10.859999656677246,199.3,4.29,4.43,4.41,2.38,1.84,98.1999,5.4
2006-01-11,1294.1800537109375,10.9399995803833,199.3,4.29,4.46,4.44,2.39,1.84,98.1999,5.4
2006-01-12,1286.06005859375,11.199999809265137,199.3,4.29,4.42,4.39,2.41,1.83,98.1999,5.4
2006-01-13,1287.6099853515625,11.229999542236328,199.3,4.29,4.36,4.34,2.38,1.82,98.1999,5.4
2006-01-17,1282.9300537109375,11.90999984741211,199.3,4.29,4.34,4.33,2.4,1.83,98.1999,5.4
2006-01-18,1277.9300537109375,12.25,199.3,4.29,4.34,4.33,2.4,1.84,98.1999,5.4
2006-01-19,1285.0400390625,11.979999542236328,199.3,4.29,4.38,4.37,2.41,1.83,98.1999,5.4
2006-01-20,1261.489990234375,14.5600004196167,199.3,4.29,4.37,4.37,2.47,1.81,98.1999,5.4
2006-01-23,1263.8199462890625,13.930000305175781,199.3,4.29,4.36,4.35,2.46,1.82,98.1999,5.4
2006-01-24,1266.8599853515625,13.3100004196167,199.3,4.29,4.4,4.37,2.45,1.81,98.1999,5.4
2006-01-25,1264.6800537109375,12.869999885559082,199.3,4.29,4.49,4.46,2.43,1.8,98.1999,5.4
2006-01-26,1273.8299560546875,12.420000076293945,199.3,4.29,4.53,4.49,2.47,1.8,98.1999,5.4
2006-01-27,1283.719970703125,11.970000267028809,199.3,4.29,4.52,4.51,2.52,1.78,98.1999,5.4
2006-01-30,1285.18994140625,12.390000343322754,199.3,4.29,4.54,4.52,2.54,1.79,98.1999,5.4
2006-01-31,1280.0799560546875,12.949999809265137,199.3,4.29,4.53,4.54,2.58,1.78,98.1999,5.4
2006-02-01,1282.4599609375,12.359999656677246,199.4,4.49,4.57,4.59,2.57,1.76,98.2413,15.3
2006-02-02,1270.8399658203125,13.229999542236328,199.4,4.49,4.57,4.59,2.55,1.74,98.2413,15.3
2006-02-03,1264.030029296875,12.960000038146973,199.4,4.49,4.54,4.59,2.57,1.72,98.2413,15.3
2006-02-06,1265.02001953125,13.039999961853027,199.4,4.49,4.55,4.62,2.58,1.69,98.2413,15.3
2006-02-07,1254.780029296875,13.59000015258789,199.4,4.49,4.57,4.61,2.57,1.71,98.2413,15.3
2006-02-08,1265.6500244140625,12.829999923706055,199.4,4.49,4.56,4.64,2.54,1.75,98.2413,15.3
2006-02-09,1263.780029296875,13.119999885559082,199.4,4.49,4.54,4.66,2.55,1.73,98.2413,15.3
2006-02-10,1266.989990234375,12.869999885559082,199.4,4.49,4.59,4.69,2.57,1.71,98.2413,15.3
2006-02-13,1262.8599853515625,13.350000381469727,199.4,4.49,4.58,4.68,2.55,1.72,98.2413,15.3
2006-02-14,1275.530029296875,12.25,199.4,4.49,4.62,4.69,2.52,1.71,98.2413,15.3
2006-02-15,1280.0,12.3100004196167,199.4,4.49,4.61,4.71,2.52,1.7,98.2413,15.3
2006-02-16,1289.3800048828125,11.479999542236328,199.4,4.49,4.59,4.69,2.56,1.71,98.2413,15.3
2006-02-17,1287.239990234375,12.010000228881836,199.4,4.49,4.54,4.66,2.6,1.7,98.2413,15.3
2006-02-21,1283.030029296875,12.40999984741211,199.4,4.49,4.57,4.71,2.62,1.68,98.2413,15.3
2006-02-22,1292.6700439453125,11.880000114440918,199.4,4.49,4.53,4.68,2.64,1.68,98.2413,15.3
2006-02-23,1287.7900390625,11.869999885559082,199.4,4.49,4.56,4.72,2.66,1.67,98.2413,15.3
2006-02-24,1289.4300537109375,11.460000038146973,199.4,4.49,4.58,4.74,2.7,1.64,98.2413,15.3
2006-02-27,1294.1199951171875,11.59000015258789,199.4,4.49,4.59,4.74,2.7,1.65,98.2413,15.3
2006-02-28,1280.6600341796875,12.34000015258789,199.4,4.49,4.55,4.69,2.68,1.65,98.2413,15.3
2006-03-01,1291.239990234375,11.539999961853027,199.7,4.59,4.59,4.71,2.71,1.66,98.4628,14.7
2006-03-02,1289.1400146484375,11.720000267028809,199.7,4.59,4.64,4.72,2.74,1.66,98.4628,14.7
2006-03-03,1287.22998046875,11.960000038146973,199.7,4.59,4.68,4.76,2.76,1.67,98.4628,14.7
2006-03-06,1278.260009765625,12.739999771118164,199.7,4.59,4.74,4.77,2.73,1.67,98.4628,14.7
2006-03-07,1275.8800048828125,12.65999984741211,199.7,4.59,4.74,4.77,2.71,1.67,98.4628,14.7
2006-03-08,1278.469970703125,12.319999694824219,199.7,4.59,4.73,4.72,2.66,1.68,98.4628,14.7
2006-03-09,1272.22998046875,12.680000305175781,199.7,4.59,4.74,4.72,2.66,1.67,98.4628,14.7
2006-03-10,1281.4200439453125,11.850000381469727,199.7,4.59,4.76,4.74,2.62,1.67,98.4628,14.7
2006-03-13,1284.1300048828125,11.369999885559082,199.7,4.59,4.77,4.74,2.61,1.69,98.4628,14.7
2006-03-14,1297.47998046875,10.739999771118164,199.7,4.59,4.71,4.66,2.61,1.68,98.4628,14.7
2006-03-15,1303.02001953125,11.350000381469727,199.7,4.59,4.73,4.69,2.62,1.7,98.4628,14.7
2006-03-16,1305.3299560546875,11.979999542236328,199.7,4.59,4.65,4.62,2.62,1.72,98.4628,14.7
2006-03-17,1307.25,12.119999885559082,199.7,4.59,4.68,4.65,2.62,1.7,98.4628,14.7
2006-03-20,1305.0799560546875,11.789999961853027,199.7,4.59,4.66,4.65,2.6,1.7,98.4628,14.7
2006-03-21,1297.22998046875,11.619999885559082,199.7,4.59,4.71,4.72,2.57,1.7,98.4628,14.7
2006-03-22,1305.0400390625,11.210000038146973,199.7,4.59,4.7,4.74,2.56,1.69,98.4628,14.7
2006-03-23,1301.6700439453125,11.170000076293945,199.7,4.59,4.73,4.77,2.58,1.7,98.4628,14.7
2006-03-24,1302.949951171875,11.1899995803833,199.7,4.59,4.67,4.72,2.55,1.7,98.4628,14.7
2006-03-27,1301.6099853515625,11.460000038146973,199.7,4.59,4.7,4.72,2.55,1.7,98.4628,14.7
2006-03-28,1293.22998046875,11.579999923706055,199.7,4.59,4.79,4.81,2.57,1.68,98.4628,14.7
2006-03-29,1302.8900146484375,10.949999809265137,199.7,4.59,4.81,4.82,2.55,1.71,98.4628,14.7
2006-03-30,1300.25,11.569999694824219,199.7,4.59,4.86,4.84,2.58,1.7,98.4628,14.7
2006-03-31,1294.8699951171875,11.390000343322754,199.7,4.59,4.86,4.82,2.58,1.69,98.4628,14.7
2006-04-03,1297.81005859375,11.569999694824219,200.7,4.79,4.88,4.86,2.59,1.68,98.7618,14.2
2006-04-04,1305.9300537109375,11.140000343322754,200.7,4.79,4.87,4.84,2.55,1.69,98.7618,14.2
2006-04-05,1311.56005859375,11.130000114440918,200.7,4.79,4.84,4.81,2.56,1.7,98.7618,14.2
2006-04-06,1309.0400390625,11.449999809265137,200.7,4.79,4.9,4.84,2.59,1.7,98.7618,14.2
2006-04-07,1295.5,12.260000228881836,200.7,4.79,4.97,4.89,2.58,1.7,98.7618,14.2
2006-04-10,1296.6199951171875,12.1899995803833,200.7,4.79,4.97,4.89,2.6,1.7,98.7618,14.2
2006-04-11,1286.5699462890625,13.0,200.7,4.79,4.93,4.88,2.63,1.71,98.7618,14.2
2006-04-12,1288.1199951171875,12.760000228881836,200.7,4.79,4.98,4.91,2.66,1.71,98.7618,14.2
2006-04-13,1289.1199951171875,12.380000114440918,200.7,4.79,5.05,4.96,2.66,1.69,98.7618,14.2
2006-04-17,1285.3299560546875,12.579999923706055,200.7,4.79,5.01,4.91,2.68,1.7,98.7618,14.2
2006-04-18,1307.280029296875,11.399999618530273,200.7,4.79,4.99,4.84,2.69,1.7,98.7618,14.2
2006-04-19,1309.9300537109375,11.319999694824219,200.7,4.79,5.04,4.86,2.75,1.7,98.7618,14.2
2006-04-20,1311.4599609375,11.640000343322754,200.7,4.79,5.04,4.89,2.72,1.7,98.7618,14.2
2006-04-21,1311.280029296875,11.59000015258789,200.7,4.79,5.01,4.9,2.73,1.7,98.7618,14.2
2006-04-24,1308.1099853515625,11.75,200.7,4.79,4.99,4.89,2.69,1.67,98.7618,14.2
2006-04-25,1301.739990234375,11.75,200.7,4.79,5.07,4.95,2.6,1.68,98.7618,14.2
2006-04-26,1305.4100341796875,11.760000228881836,200.7,4.79,5.12,4.99,2.63,1.64,98.7618,14.2
2006-04-27,1309.719970703125,11.84000015258789,200.7,4.79,5.09,4.91,2.62,1.67,98.7618,14.2
2006-04-28,1310.6099853515625,11.59000015258789,200.7,4.79,5.07,4.87,2.67,1.67,98.7618,14.2
2006-05-01,1305.18994140625,12.539999961853027,201.3,4.94,5.14,4.94,2.72,1.63,98.7869,13.7
2006-05-02,1313.2099609375,11.989999771118164,201.3,4.94,5.12,4.92,2.71,1.61,98.7869,13.7
2006-05-03,1308.1199951171875,11.989999771118164,201.3,4.94,5.15,4.94,2.71,1.61,98.7869,13.7
2006-05-04,1312.25,11.859999656677246,201.3,4.94,5.16,4.97,2.69,1.6,98.7869,13.7
2006-05-05,1325.760009765625,11.619999885559082,201.3,4.94,5.12,4.94,2.7,1.6,98.7869,13.7
2006-05-08,1324.6600341796875,12.0,201.3,4.94,5.12,4.97,2.69,1.59,98.7869,13.7
2006-05-09,1325.1400146484375,11.989999771118164,201.3,4.94,5.13,4.97,2.72,1.59,98.7869,13.7
2006-05-10,1322.8499755859375,11.779999732971191,201.3,4.94,5.13,5.01,2.73,1.58,98.7869,13.7
2006-05-11,1305.9200439453125,12.489999771118164,201.3,4.94,5.14,4.99,2.78,1.61,98.7869,13.7
2006-05-12,1291.239990234375,14.1899995803833,201.3,4.94,5.19,5.01,2.78,1.63,98.7869,13.7
2006-05-15,1294.5,13.569999694824219,201.3,4.94,5.15,4.99,2.71,1.64,98.7869,13.7
2006-05-16,1292.0799560546875,13.350000381469727,201.3,4.94,5.1,4.96,2.69,1.66,98.7869,13.7
2006-05-17,1270.3199462890625,16.260000228881836,201.3,4.94,5.16,4.97,2.71,1.66,98.7869,13.7
2006-05-18,1261.81005859375,16.989999771118164,201.3,4.94,5.08,4.94,2.69,1.66,98.7869,13.7
2006-05-19,1267.030029296875,17.18000030517578,201.3,4.94,5.05,4.96,2.65,1.65,98.7869,13.7
2006-05-22,1262.0699462890625,17.719999313354492,201.3,4.94,5.04,4.94,2.63,1.66,98.7869,13.7
2006-05-23,1256.5799560546875,18.260000228881836,201.3,4.94,5.07,4.97,2.68,1.65,98.7869,13.7
2006-05-24,1258.5699462890625,17.360000610351562,201.3,4.94,5.03,4.94,2.64,1.68,98.7869,13.7
2006-05-25,1272.8800048828125,15.5,201.3,4.94,5.07,4.98,2.64,1.67,98.7869,13.7
2006-05-26,1280.1600341796875,14.260000228881836,201.3,4.94,5.06,4.96,2.65,1.67,98.7869,13.7
2006-05-30,1259.8699951171875,18.65999984741211,201.3,4.94,5.09,4.99,2.67,1.67,98.7869,13.7
2006-05-31,1270.0899658203125,16.440000534057617,201.3,4.94,5.12,5.04,2.68,1.66,98.7869,13.7
2006-06-01,1285.7099609375,14.520000457763672,201.8,4.99,5.11,5.04,2.69,1.66,99.0997,11.7
2006-06-02,1288.219970703125,14.319999694824219,201.8,4.99,5.0,4.92,2.66,1.67,99.0997,11.7
2006-06-05,1265.2900390625,16.649999618530273,201.8,4.99,5.02,4.99,2.66,1.67,99.0997,11.7
2006-06-06,1263.8499755859375,17.34000015258789,201.8,4.99,5.01,4.99,2.62,1.65,99.0997,11.7
2006-06-07,1256.1500244140625,17.799999237060547,201.8,4.99,5.02,5.02,2.59,1.67,99.0997,11.7
2006-06-08,1257.9300537109375,18.350000381469727,201.8,4.99,5.0,5.01,2.58,1.66,99.0997,11.7
2006-06-09,1252.300048828125,18.1200008392334,201.8,4.99,4.98,5.01,2.6,1.66,99.0997,11.7
2006-06-12,1237.43994140625,20.959999084472656,201.8,4.99,4.99,5.02,2.58,1.65,99.0997,11.7
2006-06-13,1223.68994140625,23.809999465942383,201.8,4.99,4.97,5.02,2.56,1.67,99.0997,11.7
2006-06-14,1230.0400390625,21.459999084472656,201.8,4.99,5.05,5.11,2.61,1.67,99.0997,11.7
2006-06-15,1256.1600341796875,15.899999618530273,201.8,4.99,5.1,5.14,2.64,1.67,99.0997,11.7
2006-06-16,1251.5400390625,17.25,201.8,4.99,5.13,5.16,2.63,1.67,99.0997,11.7
2006-06-19,1240.1300048828125,17.829999923706055,201.8,4.99,5.14,5.19,2.61,1.67,99.0997,11.7
2006-06-20,1240.1199951171875,16.690000534057617,201.8,4.99,5.15,5.19,2.61,1.67,99.0997,11.7
2006-06-21,1252.199951171875,15.520000457763672,201.8,4.99,5.16,5.2,2.61,1.68,99.0997,11.7
2006-06-22,1245.5999755859375,15.880000114440918,201.8,4.99,5.2,5.23,2.62,1.69,99.0997,11.7
2006-06-23,1244.5,15.890000343322754,201.8,4.99,5.23,5.27,2.63,1.69,99.0997,11.7
2006-06-26,1250.56005859375,15.619999885559082,201.8,4.99,5.25,5.27,2.61,1.69,99.0997,11.7
2006-06-27,1239.199951171875,16.399999618530273,201.8,4.99,5.21,5.24,2.61,1.7,99.0997,11.7
2006-06-28,1246.0,15.789999961853027,201.8,4.99,5.25,5.29,2.59,1.69,99.0997,11.7
2006-06-29,1272.8699951171875,13.029999732971191,201.8,4.99,5.22,5.21,2.6,1.69,99.0997,11.7
2006-06-30,1270.199951171875,13.079999923706055,201.8,4.99,5.15,5.16,2.63,1.67,99.0997,11.7
2006-07-03,1280.18994140625,13.050000190734863,202.9,5.24,5.15,5.17,2.62,1.68,99.0489,4.0
2006-07-05,1270.9100341796875,14.149999618530273,202.9,5.24,5.23,5.24,2.62,1.67,99.0489,4.0
2006-07-06,1274.0799560546875,13.649999618530273,202.9,5.24,5.19,5.22,2.63,1.66,99.0489,4.0
2006-07-07,1265.47998046875,13.970000267028809,202.9,5.24,5.14,5.17,2.63,1.66,99.0489,4.0
2006-07-10,1267.3399658203125,14.020000457763672,202.9,5.24,5.13,5.17,2.61,1.66,99.0489,4.0
2006-07-11,1272.4300537109375,13.140000343322754,202.9,5.24,5.1,5.17,2.59,1.67,99.0489,4.0
2006-07-12,1258.5999755859375,14.489999771118164,202.9,5.24,5.1,5.17,2.59,1.66,99.0489,4.0
2006-07-13,1242.280029296875,17.790000915527344,202.9,5.24,5.08,5.12,2.58,1.66,99.0489,4.0
2006-07-14,1236.199951171875,18.049999237060547,202.9,5.24,5.07,5.08,2.58,1.69,99.0489,4.0
2006-07-17,1234.489990234375,18.639999389648438,202.9,5.24,5.07,5.12,2.59,1.68,99.0489,4.0
2006-07-18,1236.8599853515625,17.739999771118164,202.9,5.24,5.13,5.19,2.58,1.68,99.0489,4.0
2006-07-19,1259.81005859375,15.550000190734863,202.9,5.24,5.06,5.12,2.57,1.69,99.0489,4.0
2006-07-20,1249.1300048828125,16.209999084472656,202.9,5.24,5.03,5.06,2.58,1.69,99.0489,4.0
2006-07-21,1240.2900390625,17.399999618530273,202.9,5.24,5.05,5.08,2.57,1.69,99.0489,4.0
2006-07-24,1260.9100341796875,14.979999542236328,202.9,5.24,5.05,5.1,2.55,1.69,99.0489,4.0
2006-07-25,1268.8800048828125,14.850000381469727,202.9,5.24,5.07,5.11,2.57,1.68,99.0489,4.0
2006-07-26,1268.4000244140625,14.619999885559082,202.9,5.24,5.04,5.06,2.58,1.68,99.0489,4.0
2006-07-27,1263.199951171875,14.9399995803833,202.9,5.24,5.07,5.07,2.57,1.65,99.0489,4.0
2006-07-28,1278.550048828125,14.329999923706055,202.9,5.24,5.0,4.98,2.54,1.67,99.0489,4.0
2006-07-31,1276.6600341796875,14.949999809265137,202.9,5.24,4.99,4.97,2.54,1.68,99.0489,4.0
2006-08-01,1270.9200439453125,15.050000190734863,203.8,5.25,4.99,4.97,2.55,1.69,99.4836,12.5
2006-08-02,1277.4100341796875,14.34000015258789,203.8,5.25,4.96,4.97,2.58,1.69,99.4836,12.5
2006-08-03,1280.27001953125,14.460000038146973,203.8,5.25,4.96,4.98,2.59,1.68,99.4836,12.5
2006-08-04,1279.3599853515625,14.34000015258789,203.8,5.25,4.91,4.91,2.59,1.69,99.4836,12.5
2006-08-07,1275.77001953125,15.229999542236328,203.8,5.25,4.93,4.96,2.61,1.67,99.4836,12.5
2006-08-08,1271.47998046875,15.229999542236328,203.8,5.25,4.93,4.91,2.62,1.7,99.4836,12.5
2006-08-09,1265.949951171875,15.199999809265137,203.8,5.25,4.92,4.91,2.65,1.73,99.4836,12.5
2006-08-10,1271.81005859375,14.460000038146973,203.8,5.25,4.93,4.93,2.62,1.73,99.4836,12.5
2006-08-11,1266.739990234375,14.300000190734863,203.8,5.25,4.97,4.96,2.64,1.72,99.4836,12.5
2006-08-14,1268.2099609375,14.260000228881836,203.8,5.25,5.0,5.01,2.64,1.69,99.4836,12.5
2006-08-15,1285.5799560546875,13.420000076293945,203.8,5.25,4.93,4.94,2.61,1.7,99.4836,12.5
2006-08-16,1295.4300537109375,12.40999984741211,203.8,5.25,4.87,4.87,2.56,1.71,99.4836,12.5
2006-08-17,1297.47998046875,12.239999771118164,203.8,5.25,4.87,4.89,2.55,1.71,99.4836,12.5
2006-08-18,1302.300048828125,11.640000343322754,203.8,5.25,4.84,4.87,2.55,1.71,99.4836,12.5
2006-08-21,1297.52001953125,12.220000267028809,203.8,5.25,4.82,4.85,2.55,1.72,99.4836,12.5
2006-08-22,1298.8199462890625,12.1899995803833,203.8,5.25,4.82,4.87,2.56,1.71,99.4836,12.5
2006-08-23,1292.989990234375,12.399999618530273,203.8,5.25,4.82,4.87,2.52,1.72,99.4836,12.5
2006-08-24,1296.06005859375,12.399999618530273,203.8,5.25,4.81,4.88,2.49,1.72,99.4836,12.5
2006-08-25,1295.0899658203125,12.3100004196167,203.8,5.25,4.79,4.86,2.5,1.74,99.4836,12.5
2006-08-28,1301.780029296875,12.180000305175781,203.8,5.25,4.8,4.88,2.46,1.73,99.4836,12.5
2006-08-29,1304.280029296875,12.279999732971191,203.8,5.25,4.79,4.87,2.47,1.74,99.4836,12.5
2006-08-30,1305.3699951171875,12.220000267028809,203.8,5.25,4.76,4.83,2.41,1.74,99.4836,12.5
2006-08-31,1303.8199462890625,12.3100004196167,203.8,5.25,4.74,4.79,2.44,1.73,99.4836,12.5
2006-09-01,1311.010009765625,11.960000038146973,202.8,5.25,4.73,4.77,2.4,1.73,99.3183,-0.8
2006-09-05,1313.25,12.630000114440918,202.8,5.25,4.78,4.8,2.39,1.73,99.3183,-0.8
2006-09-06,1300.260009765625,13.739999771118164,202.8,5.25,4.8,4.82,2.41,1.73,99.3183,-0.8
2006-09-07,1294.02001953125,13.880000114440918,202.8,5.25,4.8,4.82,2.36,1.72,99.3183,-0.8
2006-09-08,1298.9200439453125,13.15999984741211,202.8,5.25,4.78,4.8,2.32,1.72,99.3183,-0.8
2006-09-11,1299.5400390625,12.989999771118164,202.8,5.25,4.8,4.83,2.31,1.72,99.3183,-0.8
2006-09-12,1313.0,11.920000076293945,202.8,5.25,4.78,4.82,2.3,1.7,99.3183,-0.8
2006-09-13,1318.0699462890625,11.180000305175781,202.8,5.25,4.77,4.8,2.31,1.7,99.3183,-0.8
2006-09-14,1316.280029296875,11.550000190734863,202.8,5.25,4.79,4.83,2.35,1.7,99.3183,-0.8
2006-09-15,1319.6600341796875,11.760000228881836,202.8,5.25,4.8,4.87,2.31,1.69,99.3183,-0.8
2006-09-18,1321.1800537109375,11.779999732971191,202.8,5.25,4.81,4.88,2.31,1.68,99.3183,-0.8
2006-09-19,1317.6400146484375,11.979999542236328,202.8,5.25,4.74,4.79,2.27,1.69,99.3183,-0.8
2006-09-20,1325.1800537109375,11.390000343322754,202.8,5.25,4.73,4.81,2.22,1.69,99.3183,-0.8
2006-09-21,1318.030029296875,12.25,202.8,5.25,4.65,4.71,2.2,1.71,99.3183,-0.8
2006-09-22,1314.780029296875,12.59000015258789,202.8,5.25,4.6,4.67,2.2,1.72,99.3183,-0.8
2006-09-25,1326.3699951171875,12.119999885559082,202.8,5.25,4.56,4.63,2.19,1.72,99.3183,-0.8
2006-09-26,1336.3499755859375,11.529999732971191,202.8,5.25,4.59,4.68,2.23,1.71,99.3183,-0.8
2006-09-27,1336.5899658203125,11.579999923706055,202.8,5.25,4.6,4.66,2.24,1.71,99.3183,-0.8
2006-09-28,1338.8800048828125,11.720000267028809,202.8,5.25,4.63,4.68,2.24,1.73,99.3183,-0.8
2006-09-29,1335.8499755859375,11.979999542236328,202.8,5.25,4.64,4.71,2.25,1.72,99.3183,-0.8
2006-10-02,1331.3199462890625,12.569999694824219,201.9,5.25,4.62,4.66,2.25,1.73,99.2044,2.3
2006-10-03,1334.1099853515625,12.239999771118164,201.9,5.25,4.62,4.67,2.21,1.72,99.2044,2.3
2006-10-04,1350.199951171875,11.859999656677246,201.9,5.25,4.57,4.6,2.17,1.74,99.2044,2.3
2006-10-05,1353.219970703125,11.979999542236328,201.9,5.25,4.61,4.65,2.17,1.74,99.2044,2.3
2006-10-06,1349.5899658203125,11.5600004196167,201.9,5.25,4.7,4.74,2.18,1.73,99.2044,2.3
2006-10-09,1350.6600341796875,11.680000305175781,201.9,5.25,4.7,4.74,2.18,1.73,99.2044,2.3
2006-10-10,1353.4200439453125,11.520000457763672,201.9,5.25,4.75,4.82,2.2,1.72,99.2044,2.3
2006-10-11,1349.949951171875,11.619999885559082,201.9,5.25,4.78,4.85,2.21,1.73,99.2044,2.3
2006-10-12,1362.8299560546875,11.09000015258789,201.9,5.25,4.79,4.85,2.2,1.71,99.2044,2.3
2006-10-13,1365.6199951171875,10.75,201.9,5.25,4.81,4.87,2.2,1.72,99.2044,2.3
2006-10-16,1369.06005859375,11.09000015258789,201.9,5.25,4.79,4.85,2.2,1.71,99.2044,2.3
2006-10-17,1364.050048828125,11.729999542236328,201.9,5.25,4.78,4.83,2.17,1.71,99.2044,2.3
2006-10-18,1365.800048828125,11.34000015258789,201.9,5.25,4.77,4.85,2.16,1.7,99.2044,2.3
2006-10-19,1366.9599609375,10.899999618530273,201.9,5.25,4.79,4.85,2.14,1.7,99.2044,2.3
2006-10-20,1368.5999755859375,10.630000114440918,201.9,5.25,4.79,4.87,2.15,1.69,99.2044,2.3
2006-10-23,1377.02001953125,11.079999923706055,201.9,5.25,4.83,4.9,2.15,1.66,99.2044,2.3
2006-10-24,1377.3800048828125,10.779999732971191,201.9,5.25,4.83,4.91,2.18,1.65,99.2044,2.3
2006-10-25,1382.219970703125,10.65999984741211,201.9,5.25,4.78,4.88,2.2,1.66,99.2044,2.3
2006-10-26,1389.0799560546875,10.5600004196167,201.9,5.25,4.73,4.81,2.17,1.65,99.2044,2.3
2006-10-27,1377.3399658203125,10.800000190734863,201.9,5.25,4.68,4.76,2.16,1.65,99.2044,2.3
2006-10-30,1377.9300537109375,11.199999809265137,201.9,5.25,4.68,4.78,2.13,1.64,99.2044,2.3
2006-10-31,1377.93994140625,11.100000381469727,201.9,5.25,4.61,4.71,2.1,1.64,99.2044,2.3
2006-11-01,1367.81005859375,11.510000228881836,202.0,5.25,4.57,4.66,2.11,1.64,99.1627,4.5
2006-11-02,1367.3399658203125,11.420000076293945,202.0,5.25,4.6,4.67,2.11,1.64,99.1627,4.5
2006-11-03,1364.300048828125,11.15999984741211,202.0,5.25,4.72,4.82,2.18,1.59,99.1627,4.5
2006-11-06,1379.780029296875,11.15999984741211,202.0,5.25,4.71,4.82,2.21,1.59,99.1627,4.5
2006-11-07,1382.8399658203125,11.09000015258789,202.0,5.25,4.66,4.77,2.19,1.6,99.1627,4.5
2006-11-08,1385.719970703125,10.75,202.0,5.25,4.64,4.75,2.2,1.59,99.1627,4.5
2006-11-09,1378.3299560546875,11.010000228881836,202.0,5.25,4.62,4.75,2.19,1.62,99.1627,4.5
2006-11-10,1380.9000244140625,10.789999961853027,202.0,5.25,4.59,4.73,2.2,1.61,99.1627,4.5
2006-11-13,1384.4200439453125,10.859999656677246,202.0,5.25,4.61,4.76,2.18,1.6,99.1627,4.5
2006-11-14,1393.219970703125,10.5,202.0,5.25,4.57,4.74,2.16,1.61,99.1627,4.5
2006-11-15,1396.5699462890625,10.3100004196167,202.0,5.25,4.61,4.8,2.17,1.61,99.1627,4.5
2006-11-16,1399.760009765625,10.15999984741211,202.0,5.25,4.66,4.85,2.14,1.59,99.1627,4.5
2006-11-17,1401.199951171875,10.050000190734863,202.0,5.25,4.61,4.76,2.12,1.6,99.1627,4.5
2006-11-20,1400.5,9.970000267028809,202.0,5.25,4.6,4.76,2.13,1.6,99.1627,4.5
2006-11-21,1402.81005859375,9.899999618530273,202.0,5.25,4.58,4.75,2.15,1.6,99.1627,4.5
2006-11-22,1406.0899658203125,10.140000343322754,202.0,5.25,4.57,4.74,2.15,1.6,99.1627,4.5
2006-11-24,1400.949951171875,10.729999542236328,202.0,5.25,4.55,4.73,2.17,1.6,99.1627,4.5
2006-11-27,1381.9599609375,12.300000190734863,202.0,5.25,4.54,4.71,2.21,1.61,99.1627,4.5
2006-11-28,1386.719970703125,11.619999885559082,202.0,5.25,4.51,4.67,2.22,1.62,99.1627,4.5
2006-11-29,1399.47998046875,10.829999923706055,202.0,5.25,4.52,4.69,2.23,1.62,99.1627,4.5
2006-11-30,1400.6300048828125,10.90999984741211,202.0,5.25,4.46,4.62,2.24,1.64,99.1627,4.5
2006-12-01,1396.7099609375,11.65999984741211,203.1,5.24,4.43,4.52,2.27,1.65,100.1735,-1.8
2006-12-04,1409.1199951171875,11.229999542236328,203.1,5.24,4.43,4.52,2.26,1.66,100.1735,-1.8
2006-12-05,1414.760009765625,11.270000457763672,203.1,5.24,4.45,4.52,2.27,1.65,100.1735,-1.8
2006-12-06,1412.9000244140625,11.329999923706055,203.1,5.24,4.48,4.59,2.27,1.65,100.1735,-1.8
2006-12-07,1407.2900390625,12.670000076293945,203.1,5.24,4.49,4.58,2.27,1.64,100.1735,-1.8
2006-12-08,1409.8399658203125,12.069999694824219,203.1,5.24,4.56,4.68,2.28,1.63,100.1735,-1.8
2006-12-11,1413.0400390625,10.710000038146973,203.1,5.24,4.52,4.67,2.29,1.64,100.1735,-1.8
2006-12-12,1411.56005859375,10.649999618530273,203.1,5.24,4.49,4.61,2.27,1.65,100.1735,-1.8
2006-12-13,1413.2099609375,10.180000305175781,203.1,5.24,4.58,4.7,2.28,1.64,100.1735,-1.8
2006-12-14,1425.489990234375,9.970000267028809,203.1,5.24,4.6,4.73,2.32,1.66,100.1735,-1.8
2006-12-15,1427.0899658203125,10.050000190734863,203.1,5.24,4.6,4.73,2.25,1.66,100.1735,-1.8
2006-12-18,1422.47998046875,10.600000381469727,203.1,5.24,4.6,4.71,2.22,1.65,100.1735,-1.8
2006-12-19,1425.550048828125,10.300000190734863,203.1,5.24,4.6,4.71,2.23,1.67,100.1735,-1.8
2006-12-20,1423.530029296875,10.260000228881836,203.1,5.24,4.6,4.71,2.22,1.67,100.1735,-1.8
2006-12-21,1418.300048828125,10.529999732971191,203.1,5.24,4.55,4.66,2.19,1.68,100.1735,-1.8
2006-12-22,1410.760009765625,11.359999656677246,203.1,5.24,4.63,4.71,2.21,1.67,100.1735,-1.8
2006-12-26,1416.9000244140625,11.260000228881836,203.1,5.24,4.61,4.71,2.21,1.66,100.1735,-1.8
2006-12-27,1426.8399658203125,10.640000343322754,203.1,5.24,4.66,4.77,2.2,1.66,100.1735,-1.8
2006-12-28,1424.72998046875,10.989999771118164,203.1,5.24,4.7,4.82,2.23,1.65,100.1735,-1.8
2006-12-29,1418.300048828125,11.5600004196167,203.1,5.24,4.71,4.82,2.26,1.64,100.1735,-1.8
2007-01-03,1416.5999755859375,12.039999961853027,203.437,5.25,4.67,4.76,2.27,1.61,99.8346,7.5
2007-01-04,1418.3399658203125,11.510000228881836,203.437,5.25,4.62,4.71,2.22,1.62,99.8346,7.5
2007-01-05,1409.7099609375,12.140000343322754,203.437,5.25,4.65,4.76,2.24,1.6,99.8346,7.5
2007-01-08,1412.8399658203125,12.0,203.437,5.25,4.66,4.78,2.24,1.59,99.8346,7.5
2007-01-09,1412.1099853515625,11.90999984741211,203.437,5.25,4.66,4.79,2.22,1.59,99.8346,7.5
2007-01-10,1414.8499755859375,11.470000267028809,203.437,5.25,4.69,4.81,2.22,1.59,99.8346,7.5
2007-01-11,1423.8199462890625,10.869999885559082,203.437,5.25,4.74,4.86,2.23,1.59,99.8346,7.5
2007-01-12,1430.72998046875,10.149999618530273,203.437,5.25,4.77,4.88,2.23,1.59,99.8346,7.5
2007-01-16,1431.9000244140625,10.739999771118164,203.437,5.25,4.75,4.86,2.22,1.59,99.8346,7.5
2007-01-17,1430.6199951171875,10.59000015258789,203.437,5.25,4.79,4.91,2.24,1.58,99.8346,7.5
2007-01-18,1426.3699951171875,10.850000381469727,203.437,5.25,4.75,4.89,2.23,1.58,99.8346,7.5
2007-01-19,1430.5,10.399999618530273,203.437,5.25,4.78,4.93,2.25,1.57,99.8346,7.5
2007-01-22,1422.949951171875,10.770000457763672,203.437,5.25,4.76,4.91,2.29,1.57,99.8346,7.5
2007-01-23,1427.989990234375,10.34000015258789,203.437,5.25,4.81,4.94,2.31,1.57,99.8346,7.5
2007-01-24,1440.1300048828125,9.890000343322754,203.437,5.25,4.81,4.93,2.34,1.57,99.8346,7.5
2007-01-25,1423.9000244140625,11.220000267028809,203.437,5.25,4.87,4.98,2.33,1.56,99.8346,7.5
2007-01-26,1422.1800537109375,11.130000114440918,203.437,5.25,4.88,4.99,2.36,1.56,99.8346,7.5
2007-01-29,1420.6199951171875,11.449999809265137,203.437,5.25,4.9,4.99,2.37,1.55,99.8346,7.5
2007-01-30,1428.8199462890625,10.960000038146973,203.437,5.25,4.88,4.98,2.39,1.56,99.8346,7.5
2007-01-31,1438.239990234375,10.420000076293945,203.437,5.25,4.83,4.94,2.42,1.57,99.8346,7.5
2007-02-01,1445.93994140625,10.3100004196167,204.226,5.26,4.84,4.96,2.41,1.56,100.7753,3.5
2007-02-02,1448.3900146484375,10.079999923706055,204.226,5.26,4.83,4.94,2.42,1.56,100.7753,3.5
2007-02-05,1446.989990234375,10.550000190734863,204.226,5.26,4.81,4.92,2.4,1.56,100.7753,3.5
2007-02-06,1448.0,10.649999618530273,204.226,5.26,4.77,4.9,2.38,1.55,100.7753,3.5
2007-02-07,1450.02001953125,10.319999694824219,204.226,5.26,4.74,4.87,2.36,1.56,100.7753,3.5
2007-02-08,1448.31005859375,10.4399995803833,204.226,5.26,4.73,4.87,2.36,1.55,100.7753,3.5
2007-02-09,1438.06005859375,11.100000381469727,204.226,5.26,4.79,4.92,2.37,1.54,100.7753,3.5
2007-02-12,1433.3699951171875,11.609999656677246,204.226,5.26,4.8,4.94,2.34,1.54,100.7753,3.5
2007-02-13,1444.260009765625,10.34000015258789,204.226,5.26,4.82,4.95,2.36,1.54,100.7753,3.5
2007-02-14,1455.300048828125,10.229999542236328,204.226,5.26,4.74,4.87,2.34,1.55,100.7753,3.5
2007-02-15,1456.81005859375,10.220000267028809,204.226,5.26,4.7,4.83,2.3,1.56,100.7753,3.5
2007-02-16,1455.5400390625,10.020000457763672,204.226,5.26,4.69,4.83,2.32,1.55,100.7753,3.5
2007-02-20,1459.6800537109375,10.239999771118164,204.226,5.26,4.68,4.81,2.32,1.55,100.7753,3.5
2007-02-21,1457.6300048828125,10.199999809265137,204.226,5.26,4.69,4.82,2.34,1.54,100.7753,3.5
2007-02-22,1456.3800048828125,10.180000305175781,204.226,5.26,4.73,4.87,2.39,1.54,100.7753,3.5
2007-02-23,1451.18994140625,10.579999923706055,204.226,5.26,4.68,4.82,2.41,1.53,100.7753,3.5
2007-02-26,1449.3699951171875,11.149999618530273,204.226,5.26,4.63,4.77,2.41,1.54,100.7753,3.5
2007-02-27,1399.0400390625,18.309999465942383,204.226,5.26,4.5,4.59,2.39,1.59,100.7753,3.5
2007-02-28,1406.8199462890625,15.420000076293945,204.226,5.26,4.56,4.65,2.4,1.6,100.7753,3.5
2007-03-01,1403.1700439453125,15.819999694824219,205.288,5.26,4.56,4.63,2.39,1.62,100.9547,2.8
2007-03-02,1387.1700439453125,18.610000610351562,205.288,5.26,4.52,4.56,2.4,1.64,100.9547,2.8
2007-03-05,1374.1199951171875,19.6299991607666,205.288,5.26,4.51,4.53,2.39,1.68,100.9547,2.8
2007-03-06,1395.4100341796875,15.960000038146973,205.288,5.26,4.53,4.58,2.4,1.66,100.9547,2.8
2007-03-07,1391.969970703125,15.239999771118164,205.288,5.26,4.5,4.54,2.4,1.66,100.9547,2.8
2007-03-08,1401.8900146484375,14.289999961853027,205.288,5.26,4.51,4.56,2.39,1.67,100.9547,2.8
2007-03-09,1402.8399658203125,14.09000015258789,205.288,5.26,4.59,4.66,2.42,1.65,100.9547,2.8
2007-03-12,1406.5999755859375,13.989999771118164,205.288,5.26,4.56,4.62,2.4,1.65,100.9547,2.8
2007-03-13,1377.949951171875,18.1299991607666,205.288,5.26,4.5,4.52,2.4,1.7,100.9547,2.8
2007-03-14,1387.1700439453125,17.270000457763672,205.288,5.26,4.53,4.54,2.41,1.72,100.9547,2.8
2007-03-15,1392.280029296875,16.43000030517578,205.288,5.26,4.54,4.57,2.42,1.7,100.9547,2.8
2007-03-16,1386.949951171875,16.790000915527344,205.288,5.26,4.55,4.58,2.44,1.7,100.9547,2.8
2007-03-19,1402.06005859375,14.59000015258789,205.288,5.26,4.58,4.61,2.46,1.7,100.9547,2.8
2007-03-20,1410.93994140625,13.270000457763672,205.288,5.26,4.56,4.6,2.45,1.71,100.9547,2.8
2007-03-21,1435.0400390625,12.1899995803833,205.288,5.26,4.53,4.51,2.44,1.73,100.9547,2.8
2007-03-22,1434.5400390625,12.930000305175781,205.288,5.26,4.6,4.58,2.47,1.75,100.9547,2.8
2007-03-23,1436.1099853515625,12.949999809265137,205.288,5.26,4.62,4.6,2.49,1.75,100.9547,2.8
2007-03-26,1437.5,13.15999984741211,205.288,5.26,4.6,4.56,2.48,1.75,100.9547,2.8
2007-03-27,1428.6099853515625,13.479999542236328,205.288,5.26,4.62,4.58,2.51,1.76,100.9547,2.8
2007-03-28,1417.22998046875,14.979999542236328,205.288,5.26,4.62,4.53,2.52,1.78,100.9547,2.8
2007-03-29,1422.530029296875,15.140000343322754,205.288,5.26,4.64,4.58,2.53,1.74,100.9547,2.8
2007-03-30,1420.8599853515625,14.640000343322754,205.288,5.26,4.65,4.58,2.51,1.75,100.9547,2.8
2007-04-02,1424.550048828125,14.529999732971191,205.904,5.25,4.65,4.6,2.5,1.74,101.6334,2.9
2007-04-03,1437.77001953125,13.460000038146973,205.904,5.25,4.67,4.63,2.47,1.73,101.6334,2.9
2007-04-04,1439.3699951171875,13.239999771118164,205.904,5.25,4.66,4.61,2.49,1.74,101.6334,2.9
2007-04-05,1443.760009765625,13.229999542236328,205.904,5.25,4.68,4.63,2.51,1.74,101.6334,2.9
2007-04-09,1444.6099853515625,13.140000343322754,205.904,5.25,4.75,4.73,2.52,1.72,101.6334,2.9
2007-04-10,1448.3900146484375,12.680000305175781,205.904,5.25,4.73,4.71,2.51,1.72,101.6334,2.9
2007-04-11,1438.8699951171875,13.489999771118164,205.904,5.25,4.74,4.73,2.52,1.71,101.6334,2.9
2007-04-12,1447.800048828125,12.710000038146973,205.904,5.25,4.74,4.73,2.52,1.71,101.6334,2.9
2007-04-13,1452.8499755859375,12.199999809265137,205.904,5.25,4.76,4.76,2.5,1.7,101.6334,2.9
2007-04-16,1468.3299560546875,11.979999542236328,205.904,5.25,4.74,4.74,2.49,1.68,101.6334,2.9
2007-04-17,1471.47998046875,12.140000343322754,205.904,5.25,4.69,4.68,2.44,1.68,101.6334,2.9
2007-04-18,1472.5,12.420000076293945,205.904,5.25,4.66,4.64,2.41,1.67,101.6334,2.9
2007-04-19,1470.72998046875,12.539999961853027,205.904,5.25,4.68,4.64,2.44,1.67,101.6334,2.9
2007-04-20,1484.3499755859375,12.069999694824219,205.904,5.25,4.68,4.64,2.44,1.68,101.6334,2.9
2007-04-23,1480.9300537109375,13.039999961853027,205.904,5.25,4.66,4.62,2.46,1.68,101.6334,2.9
2007-04-24,1480.4100341796875,13.119999885559082,205.904,5.25,4.63,4.58,2.42,1.68,101.6334,2.9
2007-04-25,1495.4200439453125,13.210000038146973,205.904,5.25,4.66,4.63,2.45,1.68,101.6334,2.9
2007-04-26,1494.25,12.789999961853027,205.904,5.25,4.69,4.67,2.46,1.69,101.6334,2.9
2007-04-27,1494.0699462890625,12.449999809265137,205.904,5.25,4.71,4.67,2.47,1.68,101.6334,2.9
2007-04-30,1482.3699951171875,14.220000267028809,205.904,5.25,4.63,4.6,2.45,1.68,101.6334,2.9
2007-05-01,1486.300048828125,13.510000228881836,206.755,5.25,4.64,4.63,2.47,1.67,101.7306,3.7
2007-05-02,1495.9200439453125,13.079999923706055,206.755,5.25,4.65,4.65,2.47,1.66,101.7306,3.7
2007-05-03,1502.3900146484375,13.09000015258789,206.755,5.25,4.68,4.71,2.45,1.64,101.7306,3.7
2007-05-04,1505.6199951171875,12.90999984741211,206.755,5.25,4.65,4.68,2.42,1.64,101.7306,3.7
2007-05-07,1509.47998046875,13.149999618530273,206.755,5.25,4.64,4.68,2.37,1.64,101.7306,3.7
2007-05-08,1507.719970703125,13.210000038146973,206.755,5.25,4.63,4.68,2.38,1.66,101.7306,3.7
2007-05-09,1512.5799560546875,12.880000114440918,206.755,5.25,4.67,4.73,2.38,1.65,101.7306,3.7
2007-05-10,1491.469970703125,13.600000381469727,206.755,5.25,4.65,4.7,2.41,1.66,101.7306,3.7
2007-05-11,1505.8499755859375,12.949999809265137,206.755,5.25,4.67,4.71,2.38,1.66,101.7306,3.7
2007-05-14,1503.1500244140625,13.960000038146973,206.755,5.25,4.69,4.73,2.41,1.65,101.7306,3.7
2007-05-15,1501.18994140625,14.010000228881836,206.755,5.25,4.71,4.75,2.35,1.65,101.7306,3.7
2007-05-16,1514.1400146484375,13.5,206.755,5.25,4.71,4.73,2.34,1.64,101.7306,3.7
2007-05-17,1512.75,13.510000228881836,206.755,5.25,4.76,4.78,2.36,1.64,101.7306,3.7
2007-05-18,1522.75,12.760000228881836,206.755,5.25,4.81,4.82,2.37,1.63,101.7306,3.7
2007-05-21,1525.0999755859375,13.300000190734863,206.755,5.25,4.79,4.81,2.35,1.63,101.7306,3.7
2007-05-22,1524.1199951171875,13.0600004196167,206.755,5.25,4.83,4.83,2.34,1.63,101.7306,3.7
2007-05-23,1522.280029296875,13.239999771118164,206.755,5.25,4.86,4.85,2.35,1.63,101.7306,3.7
2007-05-24,1507.510009765625,14.079999923706055,206.755,5.25,4.86,4.85,2.36,1.63,101.7306,3.7
2007-05-25,1515.72998046875,13.34000015258789,206.755,5.25,4.86,4.85,2.37,1.62,101.7306,3.7
2007-05-29,1518.1099853515625,13.529999732971191,206.755,5.25,4.88,4.88,2.32,1.62,101.7306,3.7
2007-05-30,1530.22998046875,12.829999923706055,206.755,5.25,4.88,4.89,2.33,1.61,101.7306,3.7
2007-05-31,1530.6199951171875,13.050000190734863,206.755,5.25,4.9,4.92,2.33,1.6,101.7306,3.7
2007-06-01,1536.3399658203125,12.779999732971191,207.234,5.25,4.95,4.97,2.34,1.6,101.7893,17.3
2007-06-04,1539.1800537109375,13.289999961853027,207.234,5.25,4.93,4.97,2.36,1.58,101.7893,17.3
2007-06-05,1530.949951171875,13.630000114440918,207.234,5.25,4.98,4.99,2.35,1.57,101.7893,17.3
2007-06-06,1517.3800048828125,14.869999885559082,207.234,5.25,4.97,4.97,2.37,1.6,101.7893,17.3
2007-06-07,1490.719970703125,17.059999465942383,207.234,5.25,5.11,5.03,2.38,1.6,101.7893,17.3
2007-06-08,1507.6700439453125,14.84000015258789,207.234,5.25,5.12,5.01,2.38,1.62,101.7893,17.3
2007-06-11,1509.1199951171875,14.710000038146973,207.234,5.25,5.14,5.01,2.38,1.61,101.7893,17.3
2007-06-12,1493.0,16.670000076293945,207.234,5.25,5.26,5.08,2.39,1.6,101.7893,17.3
2007-06-13,1515.6700439453125,14.729999542236328,207.234,5.25,5.2,5.08,2.39,1.58,101.7893,17.3
2007-06-14,1522.969970703125,13.640000343322754,207.234,5.25,5.23,5.1,2.42,1.57,101.7893,17.3
2007-06-15,1532.9100341796875,13.9399995803833,207.234,5.25,5.16,5.05,2.42,1.6,101.7893,17.3
2007-06-18,1531.050048828125,13.420000076293945,207.234,5.25,5.15,5.01,2.39,1.6,101.7893,17.3
2007-06-19,1533.699951171875,12.850000381469727,207.234,5.25,5.09,4.94,2.38,1.6,101.7893,17.3
2007-06-20,1512.8399658203125,14.670000076293945,207.234,5.25,5.14,4.97,2.37,1.57,101.7893,17.3
2007-06-21,1522.18994140625,14.210000038146973,207.234,5.25,5.16,4.98,2.37,1.6,101.7893,17.3
2007-06-22,1502.56005859375,15.75,207.234,5.25,5.14,4.92,2.39,1.6,101.7893,17.3
2007-06-25,1497.739990234375,16.649999618530273,207.234,5.25,5.09,4.87,2.37,1.59,101.7893,17.3
2007-06-26,1492.8900146484375,18.889999389648438,207.234,5.25,5.1,4.9,2.35,1.61,101.7893,17.3
2007-06-27,1506.3399658203125,15.529999732971191,207.234,5.25,5.09,4.91,2.33,1.59,101.7893,17.3
2007-06-28,1505.7099609375,15.539999961853027,207.234,5.25,5.12,4.96,2.36,1.6,101.7893,17.3
2007-06-29,1503.3499755859375,16.229999542236328,207.234,5.25,5.03,4.87,2.33,1.59,101.7893,17.3
2007-07-02,1519.4300537109375,15.399999618530273,207.603,5.26,5.0,4.86,2.34,1.6,101.6672,6.8
2007-07-03,1524.8699951171875,14.920000076293945,207.603,5.26,5.05,4.89,2.34,1.6,101.6672,6.8
2007-07-05,1525.4000244140625,15.479999542236328,207.603,5.26,5.16,4.99,2.36,1.58,101.6672,6.8
2007-07-06,1530.43994140625,14.720000267028809,207.603,5.26,5.19,4.99,2.38,1.59,101.6672,6.8
2007-07-09,1531.8499755859375,15.15999984741211,207.603,5.26,5.16,4.97,2.39,1.58,101.6672,6.8
2007-07-10,1510.1199951171875,17.56999969482422,207.603,5.26,5.03,4.85,2.36,1.6,101.6672,6.8
2007-07-11,1518.760009765625,16.639999389648438,207.603,5.26,5.09,4.89,2.35,1.59,101.6672,6.8
2007-07-12,1547.699951171875,15.539999961853027,207.603,5.26,5.13,4.94,2.36,1.59,101.6672,6.8
2007-07-13,1552.5,15.149999618530273,207.603,5.26,5.11,4.94,2.34,1.59,101.6672,6.8
2007-07-16,1549.52001953125,15.59000015258789,207.603,5.26,5.05,4.89,2.29,1.58,101.6672,6.8
2007-07-17,1549.3699951171875,15.630000114440918,207.603,5.26,5.08,4.91,2.27,1.59,101.6672,6.8
2007-07-18,1546.1700439453125,16.0,207.603,5.26,5.02,4.84,2.3,1.58,101.6672,6.8
2007-07-19,1553.0799560546875,15.229999542236328,207.603,5.26,5.04,4.87,2.31,1.59,101.6672,6.8
2007-07-20,1534.0999755859375,16.950000762939453,207.603,5.26,4.96,4.79,2.28,1.61,101.6672,6.8
2007-07-23,1541.5699462890625,16.809999465942383,207.603,5.26,4.97,4.8,2.24,1.61,101.6672,6.8
2007-07-24,1511.0400390625,18.549999237060547,207.603,5.26,4.94,4.77,2.24,1.65,101.6672,6.8
2007-07-25,1518.0899658203125,18.100000381469727,207.603,5.26,4.92,4.74,2.25,1.65,101.6672,6.8
2007-07-26,1482.6600341796875,20.739999771118164,207.603,5.26,4.79,4.56,2.18,1.83,101.6672,6.8
2007-07-27,1458.949951171875,24.170000076293945,207.603,5.26,4.8,4.56,2.15,1.87,101.6672,6.8
2007-07-30,1473.9100341796875,20.8700008392334,207.603,5.26,4.82,4.59,2.17,1.88,101.6672,6.8
2007-07-31,1455.27001953125,23.520000457763672,207.603,5.26,4.78,4.56,2.17,1.85,101.6672,6.8
2007-08-01,1465.81005859375,23.670000076293945,207.667,5.02,4.76,4.56,2.17,1.86,101.863,-0.5
2007-08-02,1472.199951171875,21.219999313354492,207.667,5.02,4.77,4.59,2.15,1.83,101.863,-0.5
2007-08-03,1433.06005859375,25.15999984741211,207.667,5.02,4.71,4.46,2.11,1.86,101.863,-0.5
2007-08-06,1467.6700439453125,22.940000534057617,207.667,5.02,4.72,4.46,2.08,1.89,101.863,-0.5
2007-08-07,1476.7099609375,21.559999465942383,207.667,5.02,4.77,4.56,2.09,1.83,101.863,-0.5
2007-08-08,1497.489990234375,21.450000762939453,207.667,5.02,4.84,4.64,2.11,1.87,101.863,-0.5
2007-08-09,1453.0899658203125,26.479999542236328,207.667,5.02,4.79,4.49,2.08,1.91,101.863,-0.5
2007-08-10,1453.6400146484375,28.299999237060547,207.667,5.02,4.81,4.47,2.07,1.88,101.863,-0.5
2007-08-13,1452.9200439453125,26.56999969482422,207.667,5.02,4.78,4.46,2.07,1.91,101.863,-0.5
2007-08-14,1426.5400390625,27.68000030517578,207.667,5.02,4.73,4.39,2.07,1.95,101.863,-0.5
2007-08-15,1406.699951171875,30.670000076293945,207.667,5.02,4.69,4.27,2.04,2.03,101.863,-0.5
2007-08-16,1411.27001953125,30.829999923706055,207.667,5.02,4.6,4.08,1.99,2.06,101.863,-0.5
2007-08-17,1445.93994140625,29.989999771118164,207.667,5.02,4.68,4.18,2.03,2.07,101.863,-0.5
2007-08-20,1445.550048828125,26.329999923706055,207.667,5.02,4.64,4.11,1.99,2.08,101.863,-0.5
2007-08-21,1447.1199951171875,25.25,207.667,5.02,4.6,4.05,1.99,2.09,101.863,-0.5
2007-08-22,1464.0699462890625,22.889999389648438,207.667,5.02,4.63,4.15,2.01,2.07,101.863,-0.5
2007-08-23,1462.5,22.6200008392334,207.667,5.02,4.62,4.2,2.03,2.04,101.863,-0.5
2007-08-24,1479.3699951171875,20.719999313354492,207.667,5.02,4.63,4.3,2.03,2.01,101.863,-0.5
2007-08-27,1466.7900390625,22.719999313354492,207.667,5.02,4.6,4.28,2.03,2.0,101.863,-0.5
2007-08-28,1432.3599853515625,26.299999237060547,207.667,5.02,4.53,4.13,1.96,2.07,101.863,-0.5
2007-08-29,1463.760009765625,23.809999465942383,207.667,5.02,4.57,4.14,1.99,2.05,101.863,-0.5
2007-08-30,1457.6400146484375,25.059999465942383,207.667,5.02,4.51,4.08,1.95,2.07,101.863,-0.5
2007-08-31,1473.989990234375,23.3799991607666,207.667,5.02,4.54,4.15,1.97,2.05,101.863,-0.5
2007-09-04,1489.4200439453125,22.780000686645508,208.547,4.94,4.56,4.13,1.97,2.04,102.0894,7.5
2007-09-05,1472.2900390625,24.579999923706055,208.547,4.94,4.48,4.03,1.97,2.06,102.0894,7.5
2007-09-06,1478.550048828125,23.989999771118164,208.547,4.94,4.51,4.08,1.97,2.06,102.0894,7.5
2007-09-07,1453.550048828125,26.229999542236328,208.547,4.94,4.38,3.9,1.96,2.1,102.0894,7.5
2007-09-10,1451.699951171875,27.3799991607666,208.547,4.94,4.34,3.87,1.98,2.13,102.0894,7.5
2007-09-11,1471.489990234375,25.270000457763672,208.547,4.94,4.37,3.95,2.01,2.11,102.0894,7.5
2007-09-12,1471.56005859375,24.959999084472656,208.547,4.94,4.41,3.95,2.04,2.13,102.0894,7.5
2007-09-13,1483.949951171875,24.760000228881836,208.547,4.94,4.49,4.08,2.07,2.12,102.0894,7.5
2007-09-14,1484.25,24.920000076293945,208.547,4.94,4.47,4.05,2.07,2.12,102.0894,7.5
2007-09-17,1476.6500244140625,26.479999542236328,208.547,4.94,4.48,4.08,2.08,2.1,102.0894,7.5
2007-09-18,1519.780029296875,20.350000381469727,208.547,4.94,4.5,4.0,2.1,2.11,102.0894,7.5
2007-09-19,1529.030029296875,20.030000686645508,208.547,4.94,4.53,4.0,2.12,2.11,102.0894,7.5
2007-09-20,1518.75,20.450000762939453,208.547,4.94,4.69,4.1,2.13,2.04,102.0894,7.5
2007-09-21,1525.75,19.0,208.547,4.94,4.64,4.06,2.13,2.03,102.0894,7.5
2007-09-24,1517.72998046875,19.3700008392334,208.547,4.94,4.63,4.05,2.1,2.02,102.0894,7.5
2007-09-25,1517.2099609375,18.600000381469727,208.547,4.94,4.63,4.0,2.07,2.02,102.0894,7.5
2007-09-26,1525.4200439453125,17.6299991607666,208.547,4.94,4.63,3.97,2.08,2.03,102.0894,7.5
2007-09-27,1531.3800048828125,17.0,208.547,4.94,4.58,3.95,2.11,2.01,102.0894,7.5
2007-09-28,1526.75,18.0,208.547,4.94,4.59,3.97,2.11,2.0,102.0894,7.5
2007-10-01,1547.0400390625,17.84000015258789,209.19,4.76,4.56,4.02,2.13,1.99,101.8015,7.8
2007-10-02,1546.6300048828125,18.489999771118164,209.19,4.76,4.54,3.98,2.12,2.0,101.8015,7.8
2007-10-03,1539.5899658203125,18.799999237060547,209.19,4.76,4.55,4.02,2.13,1.99,101.8015,7.8
2007-10-04,1542.8399658203125,18.440000534057617,209.19,4.76,4.54,4.0,2.13,1.97,101.8015,7.8
2007-10-05,1557.5899658203125,16.90999984741211,209.19,4.76,4.65,4.08,2.14,1.94,101.8015,7.8
2007-10-08,1552.5799560546875,17.459999084472656,209.19,4.76,4.65,4.08,2.14,1.94,101.8015,7.8
2007-10-09,1565.1500244140625,16.1200008392334,209.19,4.76,4.67,4.15,2.18,1.9,101.8015,7.8
2007-10-10,1562.469970703125,16.670000076293945,209.19,4.76,4.65,4.15,2.18,1.91,101.8015,7.8
2007-10-11,1554.4100341796875,18.8799991607666,209.19,4.76,4.66,4.13,2.19,1.9,101.8015,7.8
2007-10-12,1561.800048828125,17.729999542236328,209.19,4.76,4.7,4.23,2.2,1.87,101.8015,7.8
2007-10-15,1548.7099609375,19.25,209.19,4.76,4.69,4.22,2.22,1.88,101.8015,7.8
2007-10-16,1538.530029296875,20.020000457763672,209.19,4.76,4.66,4.12,2.23,1.92,101.8015,7.8
2007-10-17,1541.239990234375,18.540000915527344,209.19,4.76,4.57,4.0,2.21,1.91,101.8015,7.8
2007-10-18,1540.0799560546875,18.5,209.19,4.76,4.52,3.93,2.21,1.94,101.8015,7.8
2007-10-19,1500.6300048828125,22.959999084472656,209.19,4.76,4.41,3.8,2.19,1.97,101.8015,7.8
2007-10-22,1506.3299560546875,21.639999389648438,209.19,4.76,4.42,3.85,2.2,1.96,101.8015,7.8
2007-10-23,1519.5899658203125,20.40999984741211,209.19,4.76,4.41,3.81,2.17,1.98,101.8015,7.8
2007-10-24,1515.8800048828125,20.799999237060547,209.19,4.76,4.36,3.74,2.16,1.98,101.8015,7.8
2007-10-25,1514.4000244140625,21.170000076293945,209.19,4.76,4.37,3.74,2.22,1.99,101.8015,7.8
2007-10-26,1535.280029296875,19.559999465942383,209.19,4.76,4.41,3.77,2.24,1.98,101.8015,7.8
2007-10-29,1540.97998046875,19.8700008392334,209.19,4.76,4.39,3.79,2.25,1.98,101.8015,7.8
2007-10-30,1531.02001953125,21.06999969482422,209.19,4.76,4.4,3.82,2.25,1.99,101.8015,7.8
2007-10-31,1549.3800048828125,18.530000686645508,209.19,4.76,4.48,3.94,2.26,1.99,101.8015,7.8
2007-11-01,1508.43994140625,23.209999084472656,210.834,4.49,4.36,3.77,2.28,2.01,102.3446,6.7
2007-11-02,1509.6500244140625,23.010000228881836,210.834,4.49,4.31,3.66,2.31,2.04,102.3446,6.7
2007-11-05,1502.1700439453125,24.309999465942383,210.834,4.49,4.35,3.69,2.35,2.02,102.3446,6.7
2007-11-06,1520.27001953125,21.389999389648438,210.834,4.49,4.38,3.7,2.4,2.03,102.3446,6.7
2007-11-07,1475.6199951171875,26.489999771118164,210.834,4.49,4.34,3.61,2.38,2.1,102.3446,6.7
2007-11-08,1474.77001953125,26.15999984741211,210.834,4.49,4.28,3.47,2.34,2.16,102.3446,6.7
2007-11-09,1453.699951171875,28.5,210.834,4.49,4.23,3.42,2.37,2.18,102.3446,6.7
2007-11-12,1439.1800537109375,31.09000015258789,210.834,4.49,4.23,3.42,2.37,2.18,102.3446,6.7
2007-11-13,1481.050048828125,24.100000381469727,210.834,4.49,4.26,3.54,2.38,2.18,102.3446,6.7
2007-11-14,1470.5799560546875,25.940000534057617,210.834,4.49,4.28,3.57,2.36,2.16,102.3446,6.7
2007-11-15,1451.1500244140625,28.059999465942383,210.834,4.49,4.17,3.35,2.32,2.22,102.3446,6.7
2007-11-16,1458.739990234375,25.489999771118164,210.834,4.49,4.15,3.33,2.31,2.26,102.3446,6.7
2007-11-19,1433.27001953125,26.010000228881836,210.834,4.49,4.07,3.18,2.31,2.3,102.3446,6.7
2007-11-20,1439.699951171875,24.8799991607666,210.834,4.49,4.06,3.14,2.32,2.35,102.3446,6.7
2007-11-21,1416.77001953125,26.84000015258789,210.834,4.49,4.0,2.99,2.29,2.41,102.3446,6.7
2007-11-23,1440.699951171875,25.610000610351562,210.834,4.49,4.01,3.07,2.28,2.37,102.3446,6.7
2007-11-26,1407.219970703125,28.90999984741211,210.834,4.49,3.83,2.92,2.27,2.4,102.3446,6.7
2007-11-27,1428.22998046875,26.280000686645508,210.834,4.49,3.95,3.05,2.27,2.41,102.3446,6.7
2007-11-28,1469.02001953125,24.110000610351562,210.834,4.49,4.03,3.17,2.25,2.4,102.3446,6.7
2007-11-29,1469.719970703125,23.969999313354492,210.834,4.49,3.94,3.06,2.26,2.46,102.3446,6.7
2007-11-30,1481.1400146484375,22.8700008392334,210.834,4.49,3.97,3.04,2.24,2.47,102.3446,6.7
2007-12-03,1472.4200439453125,23.610000610351562,211.445,4.24,3.89,2.9,2.2,2.52,102.3803,-5.4
2007-12-04,1462.7900390625,23.790000915527344,211.445,4.24,3.89,2.9,2.17,2.53,102.3803,-5.4
2007-12-05,1485.010009765625,22.530000686645508,211.445,4.24,3.92,2.9,2.13,2.58,102.3803,-5.4
2007-12-06,1507.3399658203125,20.959999084472656,211.445,4.24,4.02,3.03,2.14,2.59,102.3803,-5.4
2007-12-07,1504.6600341796875,20.850000381469727,211.445,4.24,4.12,3.12,2.14,2.61,102.3803,-5.4
2007-12-10,1515.9599609375,20.739999771118164,211.445,4.24,4.15,3.17,2.14,2.59,102.3803,-5.4
2007-12-11,1477.6500244140625,23.59000015258789,211.445,4.24,3.98,2.94,2.1,2.63,102.3803,-5.4
2007-12-12,1486.5899658203125,22.469999313354492,211.445,4.24,4.05,3.07,2.15,2.63,102.3803,-5.4
2007-12-13,1488.4100341796875,22.559999465942383,211.445,4.24,4.18,3.21,2.19,2.58,102.3803,-5.4
2007-12-14,1467.949951171875,23.270000457763672,211.445,4.24,4.24,3.31,2.24,2.55,102.3803,-5.4
2007-12-17,1445.9000244140625,24.520000457763672,211.445,4.24,4.2,3.24,2.25,2.55,102.3803,-5.4
2007-12-18,1454.97998046875,22.639999389648438,211.445,4.24,4.14,3.19,2.26,2.52,102.3803,-5.4
2007-12-19,1453.0,21.68000030517578,211.445,4.24,4.06,3.12,2.25,2.54,102.3803,-5.4
2007-12-20,1460.1199951171875,20.579999923706055,211.445,4.24,4.04,3.09,2.23,2.51,102.3803,-5.4
2007-12-21,1484.4599609375,18.469999313354492,211.445,4.24,4.18,3.19,2.26,2.5,102.3803,-5.4
2007-12-24,1496.449951171875,18.600000381469727,211.445,4.24,4.23,3.24,2.28,2.49,102.3803,-5.4
2007-12-26,1497.6600341796875,18.65999984741211,211.445,4.24,4.3,3.31,2.29,2.49,102.3803,-5.4
2007-12-27,1476.27001953125,20.260000228881836,211.445,4.24,4.21,3.24,2.33,2.52,102.3803,-5.4
2007-12-28,1478.489990234375,20.739999771118164,211.445,4.24,4.11,3.12,2.29,2.51,102.3803,-5.4
2007-12-31,1468.3599853515625,22.5,211.445,4.24,4.04,3.05,2.27,2.52,102.3803,-5.4
2008-01-02,1447.1600341796875,23.170000076293945,212.174,3.94,3.91,2.88,2.28,2.54,102.2448,-18.4
2008-01-03,1447.1600341796875,22.489999771118164,212.174,3.94,3.91,2.83,2.28,2.57,102.2448,-18.4
2008-01-04,1411.6300048828125,23.940000534057617,212.174,3.94,3.88,2.74,2.25,2.59,102.2448,-18.4
2008-01-07,1416.1800537109375,23.790000915527344,212.174,3.94,3.86,2.76,2.22,2.6,102.2448,-18.4
2008-01-08,1390.18994140625,25.43000030517578,212.174,3.94,3.86,2.76,2.21,2.63,102.2448,-18.4
2008-01-09,1409.1300048828125,24.1200008392334,212.174,3.94,3.82,2.69,2.16,2.67,102.2448,-18.4
2008-01-10,1420.3299560546875,23.450000762939453,212.174,3.94,3.91,2.71,2.12,2.73,102.2448,-18.4
2008-01-11,1401.02001953125,23.68000030517578,212.174,3.94,3.82,2.59,2.15,2.77,102.2448,-18.4
2008-01-14,1416.25,22.899999618530273,212.174,3.94,3.81,2.58,2.19,2.76,102.2448,-18.4
2008-01-15,1380.949951171875,23.34000015258789,212.174,3.94,3.72,2.53,2.16,2.78,102.2448,-18.4
2008-01-16,1373.199951171875,24.3799991607666,212.174,3.94,3.74,2.51,2.11,2.77,102.2448,-18.4
2008-01-17,1333.25,28.459999084472656,212.174,3.94,3.66,2.44,2.06,2.81,102.2448,-18.4
2008-01-18,1325.18994140625,27.18000030517578,212.174,3.94,3.66,2.36,2.04,2.87,102.2448,-18.4
2008-01-22,1310.5,31.010000228881836,212.174,3.94,3.52,2.08,1.97,2.98,102.2448,-18.4
2008-01-23,1338.5999755859375,29.020000457763672,212.174,3.94,3.51,2.09,1.92,2.95,102.2448,-18.4
2008-01-24,1352.0699462890625,27.780000686645508,212.174,3.94,3.68,2.25,1.99,2.95,102.2448,-18.4
2008-01-25,1330.6099853515625,29.079999923706055,212.174,3.94,3.61,2.23,2.05,2.95,102.2448,-18.4
2008-01-28,1353.9599609375,27.780000686645508,212.174,3.94,3.61,2.2,2.05,2.97,102.2448,-18.4
2008-01-29,1362.300048828125,27.31999969482422,212.174,3.94,3.69,2.29,2.1,2.94,102.2448,-18.4
2008-01-30,1355.81005859375,27.6200008392334,212.174,3.94,3.78,2.3,2.12,2.94,102.2448,-18.4
2008-01-31,1378.550048828125,26.200000762939453,212.174,3.94,3.67,2.17,2.15,2.96,102.2448,-18.4
2008-02-01,1395.4200439453125,24.020000457763672,212.687,2.98,3.62,2.09,2.09,2.98,101.8438,-20.3
2008-02-04,1380.8199462890625,25.989999771118164,212.687,2.98,3.68,2.08,2.04,2.98,101.8438,-20.3
2008-02-05,1336.6400146484375,28.239999771118164,212.687,2.98,3.61,1.93,1.98,3.01,101.8438,-20.3
2008-02-06,1326.449951171875,28.969999313354492,212.687,2.98,3.61,1.96,1.96,3.05,101.8438,-20.3
2008-02-07,1336.9100341796875,27.65999984741211,212.687,2.98,3.74,1.99,1.99,3.06,101.8438,-20.3
2008-02-08,1331.2900390625,28.010000228881836,212.687,2.98,3.64,1.93,2.02,3.09,101.8438,-20.3
2008-02-11,1339.1300048828125,27.600000381469727,212.687,2.98,3.62,1.93,2.05,3.09,101.8438,-20.3
2008-02-12,1348.8599853515625,26.329999923706055,212.687,2.98,3.66,1.94,2.06,3.11,101.8438,-20.3
2008-02-13,1367.2099609375,24.8799991607666,212.687,2.98,3.7,1.91,2.03,3.11,101.8438,-20.3
2008-02-14,1348.8599853515625,25.540000915527344,212.687,2.98,3.85,1.93,2.03,3.1,101.8438,-20.3
2008-02-15,1349.989990234375,25.020000457763672,212.687,2.98,3.76,1.91,2.08,3.14,101.8438,-20.3
2008-02-19,1348.780029296875,25.59000015258789,212.687,2.98,3.89,2.06,2.15,3.07,101.8438,-20.3
2008-02-20,1360.030029296875,24.399999618530273,212.687,2.98,3.93,2.14,2.25,3.03,101.8438,-20.3
2008-02-21,1342.530029296875,25.1200008392334,212.687,2.98,3.77,1.98,2.17,3.1,101.8438,-20.3
2008-02-22,1353.1099853515625,24.059999465942383,212.687,2.98,3.79,1.98,2.17,3.12,101.8438,-20.3
2008-02-25,1371.800048828125,23.030000686645508,212.687,2.98,3.91,2.13,2.27,3.08,101.8438,-20.3
2008-02-26,1381.2900390625,21.899999618530273,212.687,2.98,3.88,2.04,2.32,3.1,101.8438,-20.3
2008-02-27,1380.02001953125,22.690000534057617,212.687,2.98,3.85,2.01,2.32,3.11,101.8438,-20.3
2008-02-28,1367.6800537109375,23.530000686645508,212.687,2.98,3.71,1.87,2.34,3.17,101.8438,-20.3
2008-02-29,1330.6300048828125,26.540000915527344,212.687,2.98,3.53,1.65,2.3,3.22,101.8438,-20.3
2008-03-03,1331.3399658203125,26.280000686645508,213.448,2.61,3.54,1.61,2.29,3.22,101.5336,-14.7
2008-03-04,1326.75,25.520000457763672,213.448,2.61,3.63,1.65,2.33,3.19,101.5336,-14.7
2008-03-05,1333.699951171875,24.600000381469727,213.448,2.61,3.7,1.66,2.36,3.26,101.5336,-14.7
2008-03-06,1304.3399658203125,27.549999237060547,213.448,2.61,3.62,1.53,2.37,3.35,101.5336,-14.7
2008-03-07,1293.3699951171875,27.489999771118164,213.448,2.61,3.56,1.53,2.37,3.39,101.5336,-14.7
2008-03-10,1273.3699951171875,29.3799991607666,213.448,2.61,3.46,1.47,2.36,3.43,101.5336,-14.7
2008-03-11,1320.6500244140625,26.360000610351562,213.448,2.61,3.6,1.74,2.41,3.39,101.5336,-14.7
2008-03-12,1308.77001953125,27.219999313354492,213.448,2.61,3.49,1.63,2.37,3.39,101.5336,-14.7
2008-03-13,1315.47998046875,27.290000915527344,213.448,2.61,3.56,1.63,2.38,3.39,101.5336,-14.7
2008-03-14,1288.1400146484375,31.15999984741211,213.448,2.61,3.44,1.47,2.25,3.42,101.5336,-14.7
2008-03-17,1276.5999755859375,32.2400016784668,213.448,2.61,3.34,1.35,2.1,3.5,101.5336,-14.7
2008-03-18,1330.739990234375,25.790000915527344,213.448,2.61,3.48,1.58,2.21,3.39,101.5336,-14.7
2008-03-19,1298.4200439453125,29.84000015258789,213.448,2.61,3.38,1.54,2.14,3.44,101.5336,-14.7
2008-03-20,1329.510009765625,26.6200008392334,213.448,2.61,3.34,1.59,2.14,3.42,101.5336,-14.7
2008-03-24,1349.8800048828125,25.729999542236328,213.448,2.61,3.56,1.84,2.17,3.34,101.5336,-14.7
2008-03-25,1352.989990234375,25.719999313354492,213.448,2.61,3.51,1.79,2.13,3.39,101.5336,-14.7
2008-03-26,1341.1300048828125,26.079999923706055,213.448,2.61,3.51,1.71,2.13,3.41,101.5336,-14.7
2008-03-27,1325.760009765625,25.8799991607666,213.448,2.61,3.56,1.73,2.21,3.41,101.5336,-14.7
2008-03-28,1315.219970703125,25.709999084472656,213.448,2.61,3.47,1.67,2.21,3.47,101.5336,-14.7
2008-03-31,1322.699951171875,25.610000610351562,213.448,2.61,3.45,1.62,2.19,3.45,101.5336,-14.7
2008-04-01,1370.1800537109375,22.68000030517578,213.942,2.28,3.57,1.8,2.21,3.43,100.8785,-21.3
2008-04-02,1367.530029296875,23.43000030517578,213.942,2.28,3.6,1.88,2.21,3.4,100.8785,-21.3
2008-04-03,1369.31005859375,23.209999084472656,213.942,2.28,3.61,1.91,2.21,3.38,100.8785,-21.3
2008-04-04,1370.4000244140625,22.450000762939453,213.942,2.28,3.5,1.83,2.18,3.4,100.8785,-21.3
2008-04-07,1372.5400390625,22.420000076293945,213.942,2.28,3.57,1.95,2.23,3.37,100.8785,-21.3
2008-04-08,1365.5400390625,22.360000610351562,213.942,2.28,3.58,1.87,2.19,3.37,100.8785,-21.3
2008-04-09,1354.489990234375,22.809999465942383,213.942,2.28,3.49,1.77,2.17,3.38,100.8785,-21.3
2008-04-10,1360.550048828125,21.979999542236328,213.942,2.28,3.55,1.84,2.19,3.35,100.8785,-21.3
2008-04-11,1332.8299560546875,23.459999084472656,213.942,2.28,3.49,1.76,2.17,3.38,100.8785,-21.3
2008-04-14,1328.3199462890625,23.81999969482422,213.942,2.28,3.53,1.78,2.17,3.39,100.8785,-21.3
2008-04-15,1334.4300537109375,22.780000686645508,213.942,2.28,3.6,1.84,2.2,3.39,100.8785,-21.3
2008-04-16,1364.7099609375,20.530000686645508,213.942,2.28,3.72,1.98,2.22,3.39,100.8785,-21.3
2008-04-17,1365.56005859375,20.3700008392334,213.942,2.28,3.75,2.13,2.22,3.34,100.8785,-21.3
2008-04-18,1390.3299560546875,20.1299991607666,213.942,2.28,3.77,2.19,2.24,3.26,100.8785,-21.3
2008-04-21,1388.1700439453125,20.5,213.942,2.28,3.75,2.2,2.25,3.22,100.8785,-21.3
2008-04-22,1375.93994140625,20.8700008392334,213.942,2.28,3.74,2.24,2.24,3.21,100.8785,-21.3
2008-04-23,1379.9300537109375,20.260000228881836,213.942,2.28,3.77,2.22,2.25,3.18,100.8785,-21.3
2008-04-24,1388.8199462890625,20.059999465942383,213.942,2.28,3.87,2.41,2.26,3.13,100.8785,-21.3
2008-04-25,1397.8399658203125,19.59000015258789,213.942,2.28,3.91,2.44,2.31,3.14,100.8785,-21.3
2008-04-28,1396.3699951171875,19.639999389648438,213.942,2.28,3.86,2.36,2.3,3.11,100.8785,-21.3
2008-04-29,1390.93994140625,20.239999771118164,213.942,2.28,3.85,2.35,2.29,3.11,100.8785,-21.3
2008-04-30,1385.5899658203125,20.790000915527344,213.942,2.28,3.77,2.29,2.26,3.1,100.8785,-21.3
2008-05-01,1409.3399658203125,18.8799991607666,215.208,1.98,3.78,2.37,2.27,3.04,100.2674,-16.1
2008-05-02,1413.9000244140625,18.18000030517578,215.208,1.98,3.89,2.47,2.32,2.97,100.2674,-16.1
2008-05-05,1407.489990234375,18.899999618530273,215.208,1.98,3.88,2.42,2.29,3.01,100.2674,-16.1
2008-05-06,1418.260009765625,18.209999084472656,215.208,1.98,3.93,2.38,2.31,3.01,100.2674,-16.1
2008-05-07,1392.5699462890625,19.729999542236328,215.208,1.98,3.87,2.31,2.29,3.05,100.2674,-16.1
2008-05-08,1397.6800537109375,19.399999618530273,215.208,1.98,3.79,2.25,2.3,3.08,100.2674,-16.1
2008-05-09,1388.280029296875,19.40999984741211,215.208,1.98,3.77,2.25,2.32,3.07,100.2674,-16.1
2008-05-12,1403.5799560546875,17.790000915527344,215.208,1.98,3.78,2.3,2.3,3.06,100.2674,-16.1
2008-05-13,1403.0400390625,17.979999542236328,215.208,1.98,3.9,2.47,2.32,3.04,100.2674,-16.1
2008-05-14,1408.6600341796875,17.65999984741211,215.208,1.98,3.92,2.53,2.36,3.06,100.2674,-16.1
2008-05-15,1423.5699462890625,16.299999237060547,215.208,1.98,3.83,2.45,2.35,3.08,100.2674,-16.1
2008-05-16,1425.3499755859375,16.469999313354492,215.208,1.98,3.85,2.47,2.37,3.06,100.2674,-16.1
2008-05-19,1426.6300048828125,17.010000228881836,215.208,1.98,3.83,2.42,2.4,3.07,100.2674,-16.1
2008-05-20,1413.4000244140625,17.579999923706055,215.208,1.98,3.78,2.34,2.42,3.08,100.2674,-16.1
2008-05-21,1390.7099609375,18.59000015258789,215.208,1.98,3.81,2.41,2.47,3.08,100.2674,-16.1
2008-05-22,1394.3499755859375,18.049999237060547,215.208,1.98,3.92,2.56,2.47,3.06,100.2674,-16.1
2008-05-23,1375.9300537109375,19.549999237060547,215.208,1.98,3.85,2.46,2.42,3.06,100.2674,-16.1
2008-05-27,1385.3499755859375,19.639999389648438,215.208,1.98,3.93,2.55,2.4,3.08,100.2674,-16.1
2008-05-28,1390.8399658203125,19.06999969482422,215.208,1.98,4.03,2.62,2.39,3.03,100.2674,-16.1
2008-05-29,1398.260009765625,18.139999389648438,215.208,1.98,4.08,2.67,2.4,3.04,100.2674,-16.1
2008-05-30,1400.3800048828125,17.829999923706055,215.208,1.98,4.06,2.66,2.4,3.0,100.2674,-16.1
2008-06-02,1385.6700439453125,19.829999923706055,217.463,2.0,3.98,2.51,2.4,3.05,100.0335,-16.8
2008-06-03,1377.6500244140625,20.239999771118164,217.463,2.0,3.92,2.45,2.36,3.03,100.0335,-16.8
2008-06-04,1377.199951171875,20.799999237060547,217.463,2.0,3.98,2.47,2.32,3.04,100.0335,-16.8
2008-06-05,1404.050048828125,18.6299991607666,217.463,2.0,4.06,2.52,2.37,3.01,100.0335,-16.8
2008-06-06,1360.6800537109375,23.559999465942383,217.463,2.0,3.94,2.4,2.45,3.04,100.0335,-16.8
2008-06-09,1361.760009765625,23.1200008392334,217.463,2.0,4.02,2.73,2.48,2.94,100.0335,-16.8
2008-06-10,1358.43994140625,23.18000030517578,217.463,2.0,4.11,2.91,2.48,2.94,100.0335,-16.8
2008-06-11,1335.489990234375,24.1200008392334,217.463,2.0,4.1,2.83,2.51,2.97,100.0335,-16.8
2008-06-12,1339.8699951171875,23.329999923706055,217.463,2.0,4.23,3.03,2.54,2.9,100.0335,-16.8
2008-06-13,1360.030029296875,21.219999313354492,217.463,2.0,4.27,3.05,2.56,2.9,100.0335,-16.8
2008-06-16,1360.1400146484375,20.950000762939453,217.463,2.0,4.25,3.02,2.58,2.92,100.0335,-16.8
2008-06-17,1350.9300537109375,21.1299991607666,217.463,2.0,4.23,2.94,2.55,2.94,100.0335,-16.8
2008-06-18,1337.81005859375,22.239999771118164,217.463,2.0,4.16,2.89,2.57,2.95,100.0335,-16.8
2008-06-19,1342.8299560546875,21.579999923706055,217.463,2.0,4.22,2.99,2.55,2.92,100.0335,-16.8
2008-06-20,1317.9300537109375,22.8700008392334,217.463,2.0,4.16,2.88,2.53,2.95,100.0335,-16.8
2008-06-23,1318.0,22.639999389648438,217.463,2.0,4.19,2.98,2.56,2.93,100.0335,-16.8
2008-06-24,1314.2900390625,22.420000076293945,217.463,2.0,4.1,2.87,2.57,2.98,100.0335,-16.8
2008-06-25,1321.969970703125,21.139999389648438,217.463,2.0,4.12,2.82,2.57,2.96,100.0335,-16.8
2008-06-26,1283.1500244140625,23.93000030517578,217.463,2.0,4.07,2.68,2.64,3.0,100.0335,-16.8
2008-06-27,1278.3800048828125,23.440000534057617,217.463,2.0,3.99,2.65,2.62,3.04,100.0335,-16.8
2008-06-30,1280.0,23.950000762939453,217.463,2.0,3.99,2.63,2.63,3.05,100.0335,-16.8
2008-07-01,1284.9100341796875,23.649999618530273,219.016,2.01,4.01,2.63,2.66,3.06,99.676,-16.2
2008-07-02,1261.52001953125,25.920000076293945,219.016,2.01,3.99,2.6,2.7,3.05,99.676,-16.2
2008-07-03,1262.9000244140625,24.780000686645508,219.016,2.01,3.99,2.54,2.72,3.08,99.676,-16.2
2008-07-07,1252.31005859375,25.780000686645508,219.016,2.01,3.95,2.47,2.63,3.1,99.676,-16.2
2008-07-08,1273.699951171875,23.149999618530273,219.016,2.01,3.91,2.47,2.52,3.11,99.676,-16.2
2008-07-09,1244.68994140625,25.229999542236328,219.016,2.01,3.85,2.41,2.54,3.14,99.676,-16.2
2008-07-10,1253.3900146484375,25.59000015258789,219.016,2.01,3.83,2.44,2.57,3.17,99.676,-16.2
2008-07-11,1239.489990234375,27.489999771118164,219.016,2.01,3.96,2.59,2.6,3.15,99.676,-16.2
2008-07-14,1228.300048828125,28.479999542236328,219.016,2.01,3.9,2.47,2.58,3.16,99.676,-16.2
2008-07-15,1214.9100341796875,28.540000915527344,219.016,2.01,3.87,2.39,2.55,3.22,99.676,-16.2
2008-07-16,1245.3599853515625,25.100000381469727,219.016,2.01,3.97,2.44,2.56,3.24,99.676,-16.2
2008-07-17,1260.3199462890625,25.010000228881836,219.016,2.01,4.07,2.58,2.54,3.2,99.676,-16.2
2008-07-18,1260.6800537109375,24.049999237060547,219.016,2.01,4.11,2.66,2.5,3.17,99.676,-16.2
2008-07-21,1260.0,23.049999237060547,219.016,2.01,4.09,2.66,2.47,3.18,99.676,-16.2
2008-07-22,1277.0,21.18000030517578,219.016,2.01,4.14,2.74,2.42,3.13,99.676,-16.2
2008-07-23,1282.18994140625,21.309999465942383,219.016,2.01,4.16,2.81,2.29,3.14,99.676,-16.2
2008-07-24,1252.5400390625,23.440000534057617,219.016,2.01,4.03,2.61,2.28,3.19,99.676,-16.2
2008-07-25,1257.760009765625,22.90999984741211,219.016,2.01,4.13,2.7,2.24,3.17,99.676,-16.2
2008-07-28,1234.3699951171875,24.229999542236328,219.016,2.01,4.06,2.59,2.25,3.16,99.676,-16.2
2008-07-29,1263.199951171875,22.030000686645508,219.016,2.01,4.09,2.65,2.18,3.13,99.676,-16.2
2008-07-30,1284.260009765625,21.209999084472656,219.016,2.01,4.07,2.64,2.22,3.17,99.676,-16.2
2008-07-31,1267.3800048828125,22.940000534057617,219.016,2.01,3.99,2.52,2.16,3.22,99.676,-16.2
2008-08-01,1260.31005859375,22.56999969482422,218.69,2.0,3.97,2.51,2.17,3.21,98.1111,-17.6
2008-08-04,1249.010009765625,23.489999771118164,218.69,2.0,3.98,2.53,2.14,3.22,98.1111,-17.6
2008-08-05,1284.8800048828125,21.139999389648438,218.69,2.0,4.04,2.54,2.1,3.2,98.1111,-17.6
2008-08-06,1289.18994140625,20.229999542236328,218.69,2.0,4.06,2.56,2.08,3.24,98.1111,-17.6
2008-08-07,1266.0699462890625,21.149999618530273,218.69,2.0,3.92,2.43,2.09,3.25,98.1111,-17.6
2008-08-08,1296.3199462890625,20.65999984741211,218.69,2.0,3.94,2.51,2.04,3.23,98.1111,-17.6
2008-08-11,1305.3199462890625,20.1200008392334,218.69,2.0,3.99,2.56,2.01,3.24,98.1111,-17.6
2008-08-12,1289.5899658203125,21.170000076293945,218.69,2.0,3.91,2.45,1.99,3.26,98.1111,-17.6
2008-08-13,1285.8299560546875,21.549999237060547,218.69,2.0,3.94,2.5,2.01,3.25,98.1111,-17.6
2008-08-14,1292.9300537109375,20.34000015258789,218.69,2.0,3.89,2.45,2.02,3.26,98.1111,-17.6
2008-08-15,1298.199951171875,19.579999923706055,218.69,2.0,3.84,2.4,1.95,3.27,98.1111,-17.6
2008-08-18,1278.5999755859375,20.979999542236328,218.69,2.0,3.82,2.35,1.92,3.26,98.1111,-17.6
2008-08-19,1266.68994140625,21.280000686645508,218.69,2.0,3.83,2.32,1.92,3.28,98.1111,-17.6
2008-08-20,1274.5400390625,20.420000076293945,218.69,2.0,3.79,2.25,1.94,3.31,98.1111,-17.6
2008-08-21,1277.719970703125,19.81999969482422,218.69,2.0,3.84,2.33,2.02,3.28,98.1111,-17.6
2008-08-22,1292.199951171875,18.809999465942383,218.69,2.0,3.87,2.42,1.94,3.27,98.1111,-17.6
2008-08-25,1266.8399658203125,20.969999313354492,218.69,2.0,3.79,2.33,1.88,3.3,98.1111,-17.6
2008-08-26,1271.510009765625,20.489999771118164,218.69,2.0,3.79,2.35,1.9,3.31,98.1111,-17.6
2008-08-27,1281.6600341796875,19.760000228881836,218.69,2.0,3.77,2.31,1.92,3.3,98.1111,-17.6
2008-08-28,1300.6800537109375,19.43000030517578,218.69,2.0,3.79,2.37,1.94,3.29,98.1111,-17.6
2008-08-29,1282.8299560546875,20.649999618530273,218.69,2.0,3.83,2.36,1.89,3.29,98.1111,-17.6
2008-09-02,1277.5799560546875,21.989999771118164,218.877,1.81,3.74,2.26,1.72,3.33,93.7895,2.1
2008-09-03,1274.97998046875,21.43000030517578,218.877,1.81,3.71,2.26,1.66,3.32,93.7895,2.1
2008-09-04,1236.8299560546875,24.030000686645508,218.877,1.81,3.64,2.2,1.59,3.37,93.7895,2.1
2008-09-05,1242.31005859375,23.059999465942383,218.877,1.81,3.66,2.23,1.6,3.37,93.7895,2.1
2008-09-08,1267.7900390625,22.639999389648438,218.877,1.81,3.66,2.3,1.62,3.37,93.7895,2.1
2008-09-09,1224.510009765625,25.469999313354492,218.877,1.81,3.62,2.23,1.52,3.35,93.7895,2.1
2008-09-10,1232.0400390625,24.520000457763672,218.877,1.81,3.65,2.22,1.52,3.37,93.7895,2.1
2008-09-11,1249.050048828125,24.389999389648438,218.877,1.81,3.64,2.18,1.51,3.41,93.7895,2.1
2008-09-12,1251.699951171875,25.65999984741211,218.877,1.81,3.74,2.23,1.5,3.43,93.7895,2.1
2008-09-15,1192.699951171875,31.700000762939453,218.877,1.81,3.47,1.78,1.23,3.66,93.7895,2.1
2008-09-16,1213.5999755859375,30.299999237060547,218.877,1.81,3.48,1.89,1.03,3.68,93.7895,2.1
2008-09-17,1156.3900146484375,36.220001220703125,218.877,1.81,3.41,1.64,1.04,3.84,93.7895,2.1
2008-09-18,1206.510009765625,33.099998474121094,218.877,1.81,3.54,1.78,1.02,3.79,93.7895,2.1
2008-09-19,1255.0799560546875,32.06999969482422,218.877,1.81,3.78,2.16,1.37,3.77,93.7895,2.1
2008-09-22,1207.0899658203125,33.849998474121094,218.877,1.81,3.83,2.13,1.44,3.78,93.7895,2.1
2008-09-23,1188.219970703125,35.720001220703125,218.877,1.81,3.85,2.11,1.25,3.77,93.7895,2.1
2008-09-24,1185.8699951171875,35.189998626708984,218.877,1.81,3.8,2.03,1.09,3.78,93.7895,2.1
2008-09-25,1209.1800537109375,32.81999969482422,218.877,1.81,3.88,2.16,1.18,3.86,93.7895,2.1
2008-09-26,1213.27001953125,34.7400016784668,218.877,1.81,3.85,2.11,1.15,3.88,93.7895,2.1
2008-09-29,1106.4200439453125,46.720001220703125,218.877,1.81,3.61,1.7,0.94,4.01,93.7895,2.1
2008-09-30,1166.3599853515625,39.38999938964844,218.877,1.81,3.85,2.0,0.97,4.0,93.7895,2.1
2008-10-01,1161.06005859375,39.810001373291016,216.995,0.97,3.77,1.82,0.95,4.1,94.7219,-37.5
2008-10-02,1114.280029296875,45.2599983215332,216.995,0.97,3.66,1.62,0.93,4.31,94.7219,-37.5
2008-10-03,1099.22998046875,45.13999938964844,216.995,0.97,3.63,1.6,0.96,4.35,94.7219,-37.5
2008-10-06,1056.8900146484375,52.04999923706055,216.995,0.97,3.48,1.43,0.75,4.43,94.7219,-37.5
2008-10-07,996.22998046875,53.68000030517578,216.995,0.97,3.5,1.47,0.62,4.55,94.7219,-37.5
2008-10-08,984.9400024414062,57.529998779296875,216.995,0.97,3.72,1.65,0.43,4.49,94.7219,-37.5
2008-10-09,909.9199829101562,63.91999816894531,216.995,0.97,3.84,1.65,0.47,4.48,94.7219,-37.5
2008-10-10,899.219970703125,69.94999694824219,216.995,0.97,3.89,1.62,0.2,4.86,94.7219,-37.5
2008-10-13,1003.3499755859375,54.9900016784668,216.995,0.97,3.89,1.62,0.2,4.86,94.7219,-37.5
2008-10-14,998.010009765625,55.130001068115234,216.995,0.97,4.08,1.82,0.24,4.78,94.7219,-37.5
2008-10-15,907.8400268554688,69.25,216.995,0.97,4.04,1.64,0.14,4.94,94.7219,-37.5
2008-10-16,946.4299926757812,67.61000061035156,216.995,0.97,3.99,1.61,-0.04,5.09,94.7219,-37.5
2008-10-17,940.5499877929688,70.33000183105469,216.995,0.97,3.98,1.64,0.04,5.45,94.7219,-37.5
2008-10-20,985.4000244140625,52.970001220703125,216.995,0.97,3.91,1.71,0.09,5.52,94.7219,-37.5
2008-10-21,955.0499877929688,53.11000061035156,216.995,0.97,3.76,1.58,-0.12,5.6,94.7219,-37.5
2008-10-22,896.780029296875,69.6500015258789,216.995,0.97,3.65,1.53,-0.24,5.6,94.7219,-37.5
2008-10-23,908.1099853515625,67.80000305175781,216.995,0.97,3.63,1.54,-0.39,5.48,94.7219,-37.5
2008-10-24,876.77001953125,79.12999725341797,216.995,0.97,3.76,1.57,-0.8,5.54,94.7219,-37.5
2008-10-27,848.9199829101562,80.05999755859375,216.995,0.97,3.79,1.59,-1.07,5.6,94.7219,-37.5
2008-10-28,940.510009765625,66.95999908447266,216.995,0.97,3.89,1.65,-1.04,5.59,94.7219,-37.5
2008-10-29,930.0900268554688,69.95999908447266,216.995,0.97,3.93,1.58,-0.96,5.58,94.7219,-37.5
2008-10-30,954.0900268554688,62.900001525878906,216.995,0.97,4.0,1.59,-0.81,5.52,94.7219,-37.5
2008-10-31,968.75,59.88999938964844,216.995,0.97,4.01,1.56,-0.96,5.53,94.7219,-37.5
2008-11-03,966.2999877929688,53.68000030517578,213.153,0.39,3.96,1.45,-0.95,5.53,93.4715,-40.9
2008-11-04,1005.75,47.72999954223633,213.153,0.39,3.81,1.39,-0.89,5.56,93.4715,-40.9
2008-11-05,952.77001953125,54.560001373291016,213.153,0.39,3.73,1.36,-0.9,5.53,93.4715,-40.9
2008-11-06,904.8800048828125,63.68000030517578,213.153,0.39,3.75,1.28,-1.02,5.5,93.4715,-40.9
2008-11-07,930.989990234375,56.099998474121094,213.153,0.39,3.83,1.33,-1.0,5.45,93.4715,-40.9
2008-11-10,919.2100219726562,59.97999954223633,213.153,0.39,3.82,1.27,-1.01,5.4,93.4715,-40.9
2008-11-11,898.9500122070312,61.439998626708984,213.153,0.39,3.82,1.27,-1.01,5.4,93.4715,-40.9
2008-11-12,852.2999877929688,66.45999908447266,213.153,0.39,3.75,1.19,-1.09,5.41,93.4715,-40.9
2008-11-13,911.2899780273438,59.83000183105469,213.153,0.39,3.84,1.24,-1.07,5.54,93.4715,-40.9
2008-11-14,873.2899780273438,66.30999755859375,213.153,0.39,3.72,1.22,-1.1,5.56,93.4715,-40.9
2008-11-17,850.75,69.1500015258789,213.153,0.39,3.68,1.22,-1.12,5.58,93.4715,-40.9
2008-11-18,859.1199951171875,67.63999938964844,213.153,0.39,3.53,1.15,-1.29,5.71,93.4715,-40.9
2008-11-19,806.5800170898438,74.26000213623047,213.153,0.39,3.38,1.09,-1.53,5.73,93.4715,-40.9
2008-11-20,752.4400024414062,80.86000061035156,213.153,0.39,3.1,1.0,-1.79,5.92,93.4715,-40.9
2008-11-21,800.030029296875,72.66999816894531,213.153,0.39,3.2,1.09,-1.94,5.88,93.4715,-40.9
2008-11-24,851.8099975585938,64.69999694824219,213.153,0.39,3.35,1.31,-1.95,5.86,93.4715,-40.9
2008-11-25,857.3900146484375,60.900001525878906,213.153,0.39,3.11,1.15,-2.06,6.01,93.4715,-40.9
2008-11-26,887.6799926757812,54.91999816894531,213.153,0.39,2.99,1.09,-2.23,6.06,93.4715,-40.9
2008-11-28,896.239990234375,55.279998779296875,213.153,0.39,2.93,1.0,-2.24,6.1,93.4715,-40.9
2008-12-01,816.2100219726562,68.51000213623047,211.398,0.16,2.72,0.9,-0.32,6.12,90.8357,-37.6
2008-12-02,848.8099975585938,62.97999954223633,211.398,0.16,2.68,0.9,-0.08,6.11,90.8357,-37.6
2008-12-03,870.739990234375,60.720001220703125,211.398,0.16,2.67,0.87,0.03,6.13,90.8357,-37.6
2008-12-04,845.219970703125,63.63999938964844,211.398,0.16,2.55,0.82,0.04,6.16,90.8357,-37.6
2008-12-05,876.0700073242188,59.93000030517578,211.398,0.16,2.67,0.93,-0.12,6.07,90.8357,-37.6
2008-12-08,909.7000122070312,58.4900016784668,211.398,0.16,2.77,0.97,-0.28,6.02,90.8357,-37.6
2008-12-09,888.6699829101562,58.90999984741211,211.398,0.16,2.67,0.84,-0.33,6.06,90.8357,-37.6
2008-12-10,899.239990234375,55.72999954223633,211.398,0.16,2.69,0.86,-0.36,6.01,90.8357,-37.6
2008-12-11,873.5900268554688,55.779998779296875,211.398,0.16,2.64,0.79,-0.35,6.07,90.8357,-37.6
2008-12-12,879.72998046875,54.279998779296875,211.398,0.16,2.6,0.78,-0.38,6.08,90.8357,-37.6
2008-12-15,868.5700073242188,56.7599983215332,211.398,0.16,2.53,0.75,-0.59,6.1,90.8357,-37.6
2008-12-16,913.1799926757812,52.369998931884766,211.398,0.16,2.37,0.65,-0.3,6.11,90.8357,-37.6
2008-12-17,904.4199829101562,49.84000015258789,211.398,0.16,2.2,0.73,0.09,6.02,90.8357,-37.6
2008-12-18,885.280029296875,47.34000015258789,211.398,0.16,2.08,0.68,-0.11,6.03,90.8357,-37.6
2008-12-19,887.8800048828125,44.93000030517578,211.398,0.16,2.13,0.74,-0.31,5.94,90.8357,-37.6
2008-12-22,871.6300048828125,44.560001373291016,211.398,0.16,2.16,0.87,-0.37,5.93,90.8357,-37.6
2008-12-23,863.1599731445312,45.02000045776367,211.398,0.16,2.18,0.9,-0.27,5.94,90.8357,-37.6
2008-12-24,868.1500244140625,44.209999084472656,211.398,0.16,2.2,0.9,-0.27,5.9,90.8357,-37.6
2008-12-26,872.7999877929688,43.380001068115234,211.398,0.16,2.16,0.89,-0.28,5.9,90.8357,-37.6
2008-12-29,869.4199829101562,43.900001525878906,211.398,0.16,2.13,0.78,-0.21,5.92,90.8357,-37.6
2008-12-30,890.6400146484375,41.630001068115234,211.398,0.16,2.11,0.75,-0.25,5.86,90.8357,-37.6
2008-12-31,903.25,40.0,211.398,0.16,2.25,0.76,-0.26,5.82,90.8357,-37.6
2009-01-02,931.7999877929688,39.189998626708984,211.933,0.15,2.46,0.88,-0.25,5.72,88.57,-31.1
2009-01-05,927.4500122070312,39.08000183105469,211.933,0.15,2.49,0.78,-0.19,5.82,88.57,-31.1
2009-01-06,934.7000122070312,38.560001373291016,211.933,0.15,2.51,0.8,-0.14,5.77,88.57,-31.1
2009-01-07,906.6500244140625,43.38999938964844,211.933,0.15,2.52,0.82,-0.09,5.71,88.57,-31.1
2009-01-08,909.72998046875,42.560001373291016,211.933,0.15,2.47,0.83,-0.08,5.71,88.57,-31.1
2009-01-09,890.3499755859375,42.81999969482422,211.933,0.15,2.43,0.75,-0.09,5.72,88.57,-31.1
2009-01-12,870.260009765625,45.84000015258789,211.933,0.15,2.34,0.74,-0.1,5.71,88.57,-31.1
2009-01-13,871.7899780273438,43.27000045776367,211.933,0.15,2.33,0.76,-0.03,5.72,88.57,-31.1
2009-01-14,842.6199951171875,49.13999938964844,211.933,0.15,2.24,0.73,-0.13,5.68,88.57,-31.1
2009-01-15,843.739990234375,51.0,211.933,0.15,2.23,0.73,-0.1,5.68,88.57,-31.1
2009-01-16,850.1199951171875,46.11000061035156,211.933,0.15,2.36,0.73,0.0,5.55,88.57,-31.1
2009-01-20,805.219970703125,56.650001525878906,211.933,0.15,2.4,0.73,0.03,5.55,88.57,-31.1
2009-01-21,840.239990234375,46.41999816894531,211.933,0.15,2.56,0.78,0.04,5.58,88.57,-31.1
2009-01-22,827.5,47.290000915527344,211.933,0.15,2.62,0.75,0.09,5.62,88.57,-31.1
2009-01-23,831.9500122070312,47.27000045776367,211.933,0.15,2.65,0.83,0.09,5.63,88.57,-31.1
2009-01-26,836.5700073242188,45.689998626708984,211.933,0.15,2.7,0.85,0.1,5.6,88.57,-31.1
2009-01-27,845.7100219726562,42.25,211.933,0.15,2.59,0.87,0.15,5.47,88.57,-31.1
2009-01-28,874.0900268554688,39.65999984741211,211.933,0.15,2.71,0.89,0.25,5.49,88.57,-31.1
2009-01-29,845.1400146484375,42.630001068115234,211.933,0.15,2.87,0.95,0.3,5.41,88.57,-31.1
2009-01-30,825.8800048828125,44.84000015258789,211.933,0.15,2.87,0.94,0.38,5.38,88.57,-31.1
2009-02-02,825.4400024414062,45.52000045776367,212.705,0.22,2.76,0.89,0.34,5.33,88.031,-39.6
2009-02-03,838.510009765625,43.060001373291016,212.705,0.22,2.89,0.96,0.43,5.32,88.031,-39.6
2009-02-04,832.22998046875,43.849998474121094,212.705,0.22,2.95,0.98,0.51,5.29,88.031,-39.6
2009-02-05,845.8499755859375,43.72999954223633,212.705,0.22,2.95,0.98,0.51,5.23,88.031,-39.6
2009-02-06,868.5999755859375,43.369998931884766,212.705,0.22,3.05,0.99,0.7,5.13,88.031,-39.6
2009-02-09,869.8900146484375,43.63999938964844,212.705,0.22,3.07,1.05,0.93,5.09,88.031,-39.6
2009-02-10,827.1599731445312,46.66999816894531,212.705,0.22,2.9,0.92,0.76,5.08,88.031,-39.6
2009-02-11,833.739990234375,44.529998779296875,212.705,0.22,2.78,0.93,0.66,5.1,88.031,-39.6
2009-02-12,835.1900024414062,41.25,212.705,0.22,2.75,0.89,0.51,5.16,88.031,-39.6
2009-02-13,826.8400268554688,42.93000030517578,212.705,0.22,2.89,0.97,0.67,5.24,88.031,-39.6
2009-02-17,789.1699829101562,48.65999984741211,212.705,0.22,2.64,0.87,0.45,5.28,88.031,-39.6
2009-02-18,788.4199829101562,48.459999084472656,212.705,0.22,2.74,0.97,0.5,5.21,88.031,-39.6
2009-02-19,778.9400024414062,47.08000183105469,212.705,0.22,2.85,1.01,0.62,5.27,88.031,-39.6
2009-02-20,770.0499877929688,49.29999923706055,212.705,0.22,2.78,0.96,0.57,5.25,88.031,-39.6
2009-02-23,743.3300170898438,52.619998931884766,212.705,0.22,2.78,0.96,0.6,5.24,88.031,-39.6
2009-02-24,773.1400146484375,45.4900016784668,212.705,0.22,2.8,1.03,0.53,5.23,88.031,-39.6
2009-02-25,764.9000244140625,44.66999816894531,212.705,0.22,2.95,1.09,0.6,5.18,88.031,-39.6
2009-02-26,752.8300170898438,44.65999984741211,212.705,0.22,2.98,1.08,0.59,5.23,88.031,-39.6
2009-02-27,735.0900268554688,46.349998474121094,212.705,0.22,3.02,1.0,0.58,5.22,88.031,-39.6
2009-03-02,700.8200073242188,52.650001525878906,212.495,0.18,2.91,0.89,0.52,5.29,86.6528,-34.4
2009-03-03,696.3300170898438,50.93000030517578,212.495,0.18,2.93,0.91,0.42,5.34,86.6528,-34.4
2009-03-04,712.8699951171875,47.560001373291016,212.495,0.18,3.01,0.97,0.47,5.31,86.6528,-34.4
2009-03-05,682.5499877929688,50.16999816894531,212.495,0.18,2.83,0.9,0.42,5.34,86.6528,-34.4
2009-03-06,683.3800048828125,49.33000183105469,212.495,0.18,2.83,0.91,0.37,5.35,86.6528,-34.4
2009-03-09,676.530029296875,49.68000030517578,212.495,0.18,2.89,0.96,0.38,5.4,86.6528,-34.4
2009-03-10,719.5999755859375,44.369998931884766,212.495,0.18,2.99,1.01,0.38,5.45,86.6528,-34.4
2009-03-11,721.3599853515625,43.61000061035156,212.495,0.18,2.95,1.03,0.39,5.45,86.6528,-34.4
2009-03-12,750.739990234375,41.18000030517578,212.495,0.18,2.89,1.03,0.51,5.52,86.6528,-34.4
2009-03-13,756.5499877929688,42.36000061035156,212.495,0.18,2.89,0.98,0.5,5.56,86.6528,-34.4
2009-03-16,753.8900146484375,43.7400016784668,212.495,0.18,2.97,1.0,0.56,5.57,86.6528,-34.4
2009-03-17,778.1199951171875,40.79999923706055,212.495,0.18,3.02,1.05,0.59,5.6,86.6528,-34.4
2009-03-18,794.3499755859375,40.060001373291016,212.495,0.18,2.51,0.82,0.6,5.88,86.6528,-34.4
2009-03-19,784.0399780273438,43.68000030517578,212.495,0.18,2.61,0.87,0.66,5.84,86.6528,-34.4
2009-03-20,768.5399780273438,45.88999938964844,212.495,0.18,2.65,0.89,0.63,5.86,86.6528,-34.4
2009-03-23,822.9199829101562,43.22999954223633,212.495,0.18,2.68,0.93,0.64,5.88,86.6528,-34.4
2009-03-24,806.1199951171875,42.93000030517578,212.495,0.18,2.68,0.93,0.73,5.8,86.6528,-34.4
2009-03-25,813.8800048828125,42.25,212.495,0.18,2.81,0.96,0.82,5.79,86.6528,-34.4
2009-03-26,832.8599853515625,40.36000061035156,212.495,0.18,2.76,0.9,0.95,5.76,86.6528,-34.4
2009-03-27,815.9400024414062,41.040000915527344,212.495,0.18,2.78,0.9,0.9,5.72,86.6528,-34.4
2009-03-30,787.530029296875,45.540000915527344,212.495,0.18,2.73,0.84,0.78,5.75,86.6528,-34.4
2009-03-31,797.8699951171875,44.13999938964844,212.495,0.18,2.71,0.81,0.73,5.74,86.6528,-34.4
2009-04-01,811.0800170898438,42.279998779296875,212.709,0.15,2.68,0.83,0.72,5.7,85.9344,-25.2
2009-04-02,834.3800048828125,42.040000915527344,212.709,0.15,2.77,0.88,0.74,5.69,85.9344,-25.2
2009-04-03,842.5,39.70000076293945,212.709,0.15,2.91,0.96,0.8,5.68,85.9344,-25.2
2009-04-06,835.47998046875,40.93000030517578,212.709,0.15,2.95,0.94,0.88,5.68,85.9344,-25.2
2009-04-07,815.5499877929688,40.38999938964844,212.709,0.15,2.93,0.91,0.8,5.67,85.9344,-25.2
2009-04-08,825.1599731445312,38.849998474121094,212.709,0.15,2.86,0.93,0.78,5.64,85.9344,-25.2
2009-04-09,856.5599975585938,36.529998779296875,212.709,0.15,2.96,0.96,0.82,5.61,85.9344,-25.2
2009-04-13,858.72998046875,37.810001373291016,212.709,0.15,2.88,0.89,0.77,5.6,85.9344,-25.2
2009-04-14,841.5,37.66999816894531,212.709,0.15,2.8,0.86,0.75,5.6,85.9344,-25.2
2009-04-15,852.0599975585938,36.16999816894531,212.709,0.15,2.82,0.86,0.69,5.53,85.9344,-25.2
2009-04-16,865.2999877929688,35.790000915527344,212.709,0.15,2.86,0.91,0.73,5.52,85.9344,-25.2
2009-04-17,869.5999755859375,33.939998626708984,212.709,0.15,2.98,0.99,0.73,5.43,85.9344,-25.2
2009-04-20,832.3900146484375,39.18000030517578,212.709,0.15,2.88,0.93,0.61,5.35,85.9344,-25.2
2009-04-21,850.0800170898438,37.13999938964844,212.709,0.15,2.94,0.96,0.62,5.3,85.9344,-25.2
2009-04-22,843.5499877929688,38.099998474121094,212.709,0.15,2.98,1.0,0.64,5.33,85.9344,-25.2
2009-04-23,851.9199829101562,37.150001525878906,212.709,0.15,2.96,0.97,0.64,5.3,85.9344,-25.2
2009-04-24,866.22998046875,36.81999969482422,212.709,0.15,3.03,0.99,0.73,5.25,85.9344,-25.2
2009-04-27,857.510009765625,38.31999969482422,212.709,0.15,2.95,0.9,0.75,5.3,85.9344,-25.2
2009-04-28,855.1599731445312,37.95000076293945,212.709,0.15,3.05,0.95,0.81,5.24,85.9344,-25.2
2009-04-29,873.6400146484375,36.08000183105469,212.709,0.15,3.12,0.94,0.87,5.17,85.9344,-25.2
2009-04-30,872.8099975585938,36.5,212.709,0.15,3.16,0.91,0.82,5.08,85.9344,-25.2
2009-05-01,877.52001953125,35.29999923706055,213.022,0.18,3.21,0.92,0.79,5.01,85.0665,-22.4
2009-05-04,907.239990234375,34.529998779296875,213.022,0.18,3.19,0.94,0.84,4.98,85.0665,-22.4
2009-05-05,903.7999877929688,33.36000061035156,213.022,0.18,3.2,0.98,0.86,4.93,85.0665,-22.4
2009-05-06,919.530029296875,32.45000076293945,213.022,0.18,3.18,0.96,0.93,4.91,85.0665,-22.4
2009-05-07,907.3900146484375,33.439998626708984,213.022,0.18,3.29,1.0,1.05,4.9,85.0665,-22.4
2009-05-08,929.22998046875,32.04999923706055,213.022,0.18,3.29,1.0,1.04,4.85,85.0665,-22.4
2009-05-11,909.239990234375,32.869998931884766,213.022,0.18,3.17,0.92,1.0,4.88,85.0665,-22.4
2009-05-12,908.3499755859375,31.799999237060547,213.022,0.18,3.17,0.9,0.99,4.86,85.0665,-22.4
2009-05-13,883.9199829101562,33.650001525878906,213.022,0.18,3.11,0.89,0.96,4.86,85.0665,-22.4
2009-05-14,893.0700073242188,31.3700008392334,213.022,0.18,3.1,0.87,0.96,4.87,85.0665,-22.4
2009-05-15,882.8800048828125,33.119998931884766,213.022,0.18,3.14,0.88,1.0,4.85,85.0665,-22.4
2009-05-18,909.7100219726562,30.239999771118164,213.022,0.18,3.22,0.93,1.03,4.85,85.0665,-22.4
2009-05-19,908.1300048828125,28.799999237060547,213.022,0.18,3.25,0.91,1.09,4.79,85.0665,-22.4
2009-05-20,903.469970703125,29.030000686645508,213.022,0.18,3.19,0.87,1.09,4.74,85.0665,-22.4
2009-05-21,888.3300170898438,31.350000381469727,213.022,0.18,3.35,0.89,1.13,4.7,85.0665,-22.4
2009-05-22,887.0,32.630001068115234,213.022,0.18,3.45,0.92,1.19,4.66,85.0665,-22.4
2009-05-26,910.3300170898438,30.6200008392334,213.022,0.18,3.5,0.96,1.25,4.62,85.0665,-22.4
2009-05-27,893.0599975585938,32.36000061035156,213.022,0.18,3.71,0.96,1.37,4.48,85.0665,-22.4
2009-05-28,906.8300170898438,31.670000076293945,213.022,0.18,3.67,0.97,1.33,4.38,85.0665,-22.4
2009-05-29,919.1400146484375,28.920000076293945,213.022,0.18,3.47,0.92,1.36,4.29,85.0665,-22.4
2009-06-01,942.8699951171875,30.040000915527344,214.79,0.21,3.71,0.97,1.53,4.26,84.7459,0.2
2009-06-02,944.739990234375,29.6299991607666,214.79,0.21,3.65,0.96,1.59,4.14,84.7459,0.2
2009-06-03,931.760009765625,31.020000457763672,214.79,0.21,3.56,0.91,1.5,4.1,84.7459,0.2
2009-06-04,942.4600219726562,30.18000030517578,214.79,0.21,3.72,0.96,1.55,4.05,84.7459,0.2
2009-06-05,940.0900268554688,29.6200008392334,214.79,0.21,3.84,1.32,1.71,3.95,84.7459,0.2
2009-06-08,939.1400146484375,29.770000457763672,214.79,0.21,3.91,1.42,1.71,3.81,84.7459,0.2
2009-06-09,942.4299926757812,28.270000457763672,214.79,0.21,3.86,1.33,1.75,3.85,84.7459,0.2
2009-06-10,939.1500244140625,28.459999084472656,214.79,0.21,3.98,1.38,1.85,3.77,84.7459,0.2
2009-06-11,944.8900146484375,28.110000610351562,214.79,0.21,3.88,1.35,1.78,3.79,84.7459,0.2
2009-06-12,946.2100219726562,28.149999618530273,214.79,0.21,3.81,1.3,1.67,3.79,84.7459,0.2
2009-06-15,923.719970703125,30.809999465942383,214.79,0.21,3.76,1.26,1.6,3.76,84.7459,0.2
2009-06-16,911.969970703125,32.68000030517578,214.79,0.21,3.67,1.23,1.53,3.74,84.7459,0.2
2009-06-17,910.7100219726562,31.540000915527344,214.79,0.21,3.68,1.19,1.43,3.67,84.7459,0.2
2009-06-18,918.3699951171875,30.030000686645508,214.79,0.21,3.86,1.28,1.53,3.61,84.7459,0.2
2009-06-19,921.22998046875,27.989999771118164,214.79,0.21,3.79,1.25,1.54,3.54,84.7459,0.2
2009-06-22,893.0399780273438,31.170000076293945,214.79,0.21,3.72,1.17,1.44,3.51,84.7459,0.2
2009-06-23,895.0999755859375,30.579999923706055,214.79,0.21,3.65,1.14,1.43,3.53,84.7459,0.2
2009-06-24,900.9400024414062,29.049999237060547,214.79,0.21,3.72,1.19,1.34,3.52,84.7459,0.2
2009-06-25,920.260009765625,26.360000610351562,214.79,0.21,3.55,1.12,1.33,3.64,84.7459,0.2
2009-06-26,918.9000244140625,25.93000030517578,214.79,0.21,3.52,1.1,1.21,3.65,84.7459,0.2
2009-06-29,927.22998046875,25.350000381469727,214.79,0.21,3.51,1.11,1.21,3.69,84.7459,0.2
2009-06-30,919.3200073242188,26.350000381469727,214.79,0.21,3.53,1.11,1.34,3.64,84.7459,0.2
2009-07-01,923.3300170898438,26.219999313354492,214.726,0.16,3.55,1.05,1.35,3.65,85.7027,-6.6
2009-07-02,896.4199829101562,27.950000762939453,214.726,0.16,3.51,0.98,1.27,3.63,85.7027,-6.6
2009-07-06,898.719970703125,29.0,214.726,0.16,3.52,0.96,1.22,3.66,85.7027,-6.6
2009-07-07,881.030029296875,30.850000381469727,214.726,0.16,3.47,0.98,1.22,3.66,85.7027,-6.6
2009-07-08,879.5599975585938,31.299999237060547,214.726,0.16,3.33,0.91,1.12,3.66,85.7027,-6.6
2009-07-09,882.6799926757812,29.780000686645508,214.726,0.16,3.44,0.94,1.1,3.71,85.7027,-6.6
2009-07-10,879.1300048828125,29.020000457763672,214.726,0.16,3.32,0.91,1.06,3.71,85.7027,-6.6
2009-07-13,901.0499877929688,26.309999465942383,214.726,0.16,3.38,0.92,1.06,3.7,85.7027,-6.6
2009-07-14,905.8400268554688,25.020000457763672,214.726,0.16,3.5,0.97,1.15,3.68,85.7027,-6.6
2009-07-15,932.6799926757812,25.889999389648438,214.726,0.16,3.63,1.03,1.27,3.63,85.7027,-6.6
2009-07-16,940.739990234375,25.420000076293945,214.726,0.16,3.59,1.0,1.28,3.6,85.7027,-6.6
2009-07-17,940.3800048828125,24.34000015258789,214.726,0.16,3.67,1.02,1.37,3.56,85.7027,-6.6
2009-07-20,951.1300048828125,24.399999618530273,214.726,0.16,3.61,0.99,1.4,3.55,85.7027,-6.6
2009-07-21,954.5800170898438,23.8700008392334,214.726,0.16,3.5,0.96,1.33,3.55,85.7027,-6.6
2009-07-22,954.0700073242188,23.469999313354492,214.726,0.16,3.58,0.98,1.34,3.53,85.7027,-6.6
2009-07-23,976.2899780273438,23.43000030517578,214.726,0.16,3.72,1.08,1.43,3.48,85.7027,-6.6
2009-07-24,979.260009765625,23.09000015258789,214.726,0.16,3.7,1.05,1.39,3.41,85.7027,-6.6
2009-07-27,982.1799926757812,24.280000686645508,214.726,0.16,3.75,1.08,1.42,3.4,85.7027,-6.6
2009-07-28,979.6199951171875,25.010000228881836,214.726,0.16,3.72,1.12,1.38,3.32,85.7027,-6.6
2009-07-29,975.1500244140625,25.610000610351562,214.726,0.16,3.69,1.17,1.39,3.23,85.7027,-6.6
2009-07-30,986.75,25.399999618530273,214.726,0.16,3.67,1.19,1.38,3.13,85.7027,-6.6
2009-07-31,987.47998046875,25.920000076293945,214.726,0.16,3.52,1.13,1.32,3.11,85.7027,-6.6
2009-08-03,1002.6300048828125,25.559999465942383,215.445,0.16,3.66,1.18,1.38,3.04,86.6426,8.9
2009-08-04,1005.6500244140625,24.889999389648438,215.445,0.16,3.7,1.2,1.42,2.99,86.6426,8.9
2009-08-05,1002.719970703125,24.899999618530273,215.445,0.16,3.8,1.23,1.44,2.95,86.6426,8.9
2009-08-06,997.0800170898438,25.670000076293945,215.445,0.16,3.79,1.22,1.39,2.9,86.6426,8.9
2009-08-07,1010.47998046875,24.760000228881836,215.445,0.16,3.89,1.32,1.48,2.85,86.6426,8.9
2009-08-10,1007.0999755859375,24.989999771118164,215.445,0.16,3.8,1.24,1.42,2.85,86.6426,8.9
2009-08-11,994.3499755859375,25.989999771118164,215.445,0.16,3.71,1.21,1.36,2.88,86.6426,8.9
2009-08-12,1005.8099975585938,25.450000762939453,215.445,0.16,3.72,1.18,1.34,2.97,86.6426,8.9
2009-08-13,1012.72998046875,24.709999084472656,215.445,0.16,3.59,1.12,1.24,2.99,86.6426,8.9
2009-08-14,1004.0900268554688,24.270000457763672,215.445,0.16,3.55,1.07,1.13,3.02,86.6426,8.9
2009-08-17,979.72998046875,27.889999389648438,215.445,0.16,3.48,1.04,1.08,3.08,86.6426,8.9
2009-08-18,989.6699829101562,26.18000030517578,215.445,0.16,3.51,1.06,1.16,3.07,86.6426,8.9
2009-08-19,996.4600219726562,26.260000228881836,215.445,0.16,3.45,1.01,1.2,3.1,86.6426,8.9
2009-08-20,1007.3699951171875,25.09000015258789,215.445,0.16,3.42,1.03,1.3,3.09,86.6426,8.9
2009-08-21,1026.1300048828125,25.010000228881836,215.445,0.16,3.56,1.13,1.36,3.06,86.6426,8.9
2009-08-24,1025.5699462890625,25.139999389648438,215.445,0.16,3.48,1.05,1.29,3.05,86.6426,8.9
2009-08-25,1028.0,24.920000076293945,215.445,0.16,3.45,1.05,1.21,3.01,86.6426,8.9
2009-08-26,1028.1199951171875,24.950000762939453,215.445,0.16,3.44,1.06,1.2,2.98,86.6426,8.9
2009-08-27,1030.97998046875,24.68000030517578,215.445,0.16,3.47,1.04,1.21,2.96,86.6426,8.9
2009-08-28,1028.9300537109375,24.760000228881836,215.445,0.16,3.46,1.01,1.18,2.95,86.6426,8.9
2009-08-31,1020.6199951171875,26.010000228881836,215.445,0.16,3.4,0.97,1.12,2.98,86.6426,8.9
2009-09-01,998.0399780273438,29.149999618530273,215.861,0.15,3.38,0.92,1.11,3.01,87.4063,15.2
2009-09-02,994.75,28.899999618530273,215.861,0.15,3.29,0.89,1.07,2.99,87.4063,15.2
2009-09-03,1003.239990234375,27.100000381469727,215.861,0.15,3.33,0.91,1.15,3.0,87.4063,15.2
2009-09-04,1016.4000244140625,25.260000228881836,215.861,0.15,3.45,0.94,1.24,3.0,87.4063,15.2
2009-09-08,1025.3900146484375,25.6200008392334,215.861,0.15,3.47,0.93,1.32,2.98,87.4063,15.2
2009-09-09,1033.3699951171875,24.31999969482422,215.861,0.15,3.48,0.93,1.36,3.01,87.4063,15.2
2009-09-10,1044.1400146484375,23.549999237060547,215.861,0.15,3.36,0.9,1.32,2.96,87.4063,15.2
2009-09-11,1042.72998046875,24.149999618530273,215.861,0.15,3.34,0.9,1.36,2.97,87.4063,15.2
2009-09-14,1049.3399658203125,23.860000610351562,215.861,0.15,3.42,0.94,1.41,2.94,87.4063,15.2
2009-09-15,1052.6300048828125,23.420000076293945,215.861,0.15,3.47,0.96,1.45,2.93,87.4063,15.2
2009-09-16,1068.760009765625,23.690000534057617,215.861,0.15,3.48,1.01,1.52,2.91,87.4063,15.2
2009-09-17,1065.489990234375,23.649999618530273,215.861,0.15,3.42,0.98,1.46,2.87,87.4063,15.2
2009-09-18,1068.300048828125,23.920000076293945,215.861,0.15,3.49,1.03,1.45,2.85,87.4063,15.2
2009-09-21,1064.6600341796875,24.059999465942383,215.861,0.15,3.49,1.02,1.39,2.86,87.4063,15.2
2009-09-22,1071.6600341796875,23.079999923706055,215.861,0.15,3.46,1.02,1.42,2.84,87.4063,15.2
2009-09-23,1060.8699951171875,23.489999771118164,215.861,0.15,3.44,0.96,1.4,2.84,87.4063,15.2
2009-09-24,1050.780029296875,24.950000762939453,215.861,0.15,3.4,0.93,1.36,2.86,87.4063,15.2
2009-09-25,1044.3800048828125,25.610000610351562,215.861,0.15,3.34,0.98,1.36,2.83,87.4063,15.2
2009-09-28,1062.97998046875,24.8799991607666,215.861,0.15,3.31,0.98,1.35,2.81,87.4063,15.2
2009-09-29,1060.6099853515625,25.190000534057617,215.861,0.15,3.31,1.0,1.34,2.81,87.4063,15.2
2009-09-30,1057.0799560546875,25.610000610351562,215.861,0.15,3.31,0.95,1.37,2.86,87.4063,15.2
2009-10-01,1029.8499755859375,28.270000457763672,216.509,0.12,3.21,0.87,1.33,2.9,87.6419,12.6
2009-10-02,1025.2099609375,28.68000030517578,216.509,0.12,3.24,0.88,1.33,2.93,87.6419,12.6
2009-10-05,1040.4599609375,26.84000015258789,216.509,0.12,3.24,0.88,1.32,2.95,87.6419,12.6
2009-10-06,1054.719970703125,25.700000762939453,216.509,0.12,3.27,0.91,1.37,2.94,87.6419,12.6
2009-10-07,1057.5799560546875,24.68000030517578,216.509,0.12,3.21,0.87,1.35,2.92,87.6419,12.6
2009-10-08,1065.47998046875,24.18000030517578,216.509,0.12,3.27,0.9,1.39,2.96,87.6419,12.6
2009-10-09,1071.489990234375,23.1200008392334,216.509,0.12,3.4,0.98,1.46,2.96,87.6419,12.6
2009-10-12,1076.18994140625,23.010000228881836,216.509,0.12,3.4,0.98,1.46,2.96,87.6419,12.6
2009-10-13,1073.18994140625,22.989999771118164,216.509,0.12,3.34,0.91,1.47,2.95,87.6419,12.6
2009-10-14,1092.02001953125,22.860000610351562,216.509,0.12,3.45,0.96,1.51,2.96,87.6419,12.6
2009-10-15,1096.56005859375,21.719999313354492,216.509,0.12,3.49,0.97,1.56,2.96,87.6419,12.6
2009-10-16,1087.6800537109375,21.43000030517578,216.509,0.12,3.43,0.97,1.57,2.93,87.6419,12.6
2009-10-19,1097.9100341796875,21.489999771118164,216.509,0.12,3.41,0.99,1.63,2.91,87.6419,12.6
2009-10-20,1091.06005859375,20.899999618530273,216.509,0.12,3.35,0.95,1.57,2.91,87.6419,12.6
2009-10-21,1081.4000244140625,22.219999313354492,216.509,0.12,3.42,1.0,1.55,2.89,87.6419,12.6
2009-10-22,1092.9100341796875,20.690000534057617,216.509,0.12,3.44,0.97,1.51,2.88,87.6419,12.6
2009-10-23,1079.5999755859375,22.270000457763672,216.509,0.12,3.51,1.04,1.56,2.8,87.6419,12.6
2009-10-26,1066.949951171875,24.309999465942383,216.509,0.12,3.59,1.06,1.6,2.83,87.6419,12.6
2009-10-27,1063.4100341796875,24.829999923706055,216.509,0.12,3.49,0.99,1.61,2.84,87.6419,12.6
2009-10-28,1042.6300048828125,27.90999984741211,216.509,0.12,3.44,0.95,1.57,2.85,87.6419,12.6
2009-10-29,1066.1099853515625,24.760000228881836,216.509,0.12,3.53,0.98,1.64,2.86,87.6419,12.6
2009-10-30,1036.18994140625,30.690000534057617,216.509,0.12,3.41,0.9,1.61,2.86,87.6419,12.6
2009-11-02,1042.8800048828125,29.780000686645508,217.234,0.12,3.45,0.92,1.63,2.85,88.0221,15.4
2009-11-03,1045.4100341796875,28.809999465942383,217.234,0.12,3.5,0.92,1.63,2.87,88.0221,15.4
2009-11-04,1046.5,27.719999313354492,217.234,0.12,3.57,0.91,1.7,2.89,88.0221,15.4
2009-11-05,1066.6300048828125,25.43000030517578,217.234,0.12,3.57,0.9,1.71,2.86,88.0221,15.4
2009-11-06,1069.300048828125,24.190000534057617,217.234,0.12,3.54,0.86,1.7,2.86,88.0221,15.4
2009-11-09,1093.0799560546875,23.149999618530273,217.234,0.12,3.52,0.87,1.79,2.89,88.0221,15.4
2009-11-10,1093.010009765625,22.84000015258789,217.234,0.12,3.5,0.85,1.78,2.92,88.0221,15.4
2009-11-11,1098.510009765625,23.040000915527344,217.234,0.12,3.5,0.85,1.78,2.92,88.0221,15.4
2009-11-12,1087.239990234375,24.239999771118164,217.234,0.12,3.45,0.82,1.73,2.94,88.0221,15.4
2009-11-13,1093.47998046875,23.360000610351562,217.234,0.12,3.43,0.82,1.73,2.93,88.0221,15.4
2009-11-16,1109.300048828125,22.889999389648438,217.234,0.12,3.33,0.78,1.73,2.92,88.0221,15.4
2009-11-17,1110.3199462890625,22.40999984741211,217.234,0.12,3.33,0.78,1.74,2.92,88.0221,15.4
2009-11-18,1109.800048828125,21.6299991607666,217.234,0.12,3.36,0.77,1.8,2.94,88.0221,15.4
2009-11-19,1094.9000244140625,22.6299991607666,217.234,0.12,3.35,0.73,1.78,2.92,88.0221,15.4
2009-11-20,1091.3800048828125,22.190000534057617,217.234,0.12,3.36,0.75,1.8,2.93,88.0221,15.4
2009-11-23,1106.239990234375,21.15999984741211,217.234,0.12,3.37,0.77,1.82,2.92,88.0221,15.4
2009-11-24,1105.6500244140625,20.469999313354492,217.234,0.12,3.32,0.73,1.81,2.93,88.0221,15.4
2009-11-25,1110.6300048828125,20.479999542236328,217.234,0.12,3.28,0.73,1.81,2.95,88.0221,15.4
2009-11-27,1091.489990234375,24.739999771118164,217.234,0.12,3.21,0.68,1.74,2.99,88.0221,15.4
2009-11-30,1095.6300048828125,24.510000228881836,217.234,0.12,3.21,0.67,1.75,2.99,88.0221,15.4
2009-12-01,1108.8599853515625,21.920000076293945,217.347,0.12,3.28,0.67,1.8,3.0,88.3793,16.5
2009-12-02,1109.239990234375,21.1200008392334,217.347,0.12,3.32,0.72,1.82,2.95,88.3793,16.5
2009-12-03,1099.9200439453125,22.459999084472656,217.347,0.12,3.39,0.74,1.82,2.93,88.3793,16.5
2009-12-04,1105.97998046875,21.25,217.347,0.12,3.48,0.84,1.81,2.91,88.3793,16.5
2009-12-07,1103.25,22.100000381469727,217.347,0.12,3.44,0.78,1.81,2.93,88.3793,16.5
2009-12-08,1091.93994140625,23.690000534057617,217.347,0.12,3.4,0.73,1.75,2.92,88.3793,16.5
2009-12-09,1095.949951171875,22.65999984741211,217.347,0.12,3.45,0.76,1.71,2.89,88.3793,16.5
2009-12-10,1102.3499755859375,22.31999969482422,217.347,0.12,3.49,0.78,1.73,2.93,88.3793,16.5
2009-12-11,1106.4100341796875,21.59000015258789,217.347,0.12,3.55,0.83,1.79,2.86,88.3793,16.5
2009-12-14,1114.1099853515625,21.149999618530273,217.347,0.12,3.56,0.87,1.84,2.79,88.3793,16.5
2009-12-15,1107.9300537109375,21.489999771118164,217.347,0.12,3.6,0.88,1.9,2.8,88.3793,16.5
2009-12-16,1109.1800537109375,20.540000915527344,217.347,0.12,3.61,0.85,1.93,2.77,88.3793,16.5
2009-12-17,1096.0799560546875,22.510000228881836,217.347,0.12,3.5,0.77,1.88,2.75,88.3793,16.5
2009-12-18,1102.469970703125,21.68000030517578,217.347,0.12,3.55,0.82,1.92,2.73,88.3793,16.5
2009-12-21,1114.050048828125,20.489999771118164,217.347,0.12,3.69,0.89,1.98,2.69,88.3793,16.5
2009-12-22,1118.02001953125,19.540000915527344,217.347,0.12,3.76,0.95,2.01,2.65,88.3793,16.5
2009-12-23,1120.5899658203125,19.709999084472656,217.347,0.12,3.77,0.96,2.02,2.63,88.3793,16.5
2009-12-24,1126.47998046875,19.469999313354492,217.347,0.12,3.82,1.0,2.05,2.65,88.3793,16.5
2009-12-28,1127.780029296875,19.93000030517578,217.347,0.12,3.85,1.09,2.08,2.64,88.3793,16.5
2009-12-29,1126.199951171875,20.010000228881836,217.347,0.12,3.82,1.09,2.1,2.59,88.3793,16.5
2009-12-30,1126.4200439453125,19.959999084472656,217.347,0.12,3.8,1.08,2.11,2.56,88.3793,16.5
2009-12-31,1115.0999755859375,21.68000030517578,217.347,0.12,3.85,1.14,2.13,2.54,88.3793,16.5
2010-01-04,1132.989990234375,20.040000915527344,217.488,0.11,3.85,1.09,2.13,2.54,89.3426,12.9
2010-01-05,1136.52001953125,19.350000381469727,217.488,0.11,3.77,1.01,2.12,2.53,89.3426,12.9
2010-01-06,1137.1400146484375,19.15999984741211,217.488,0.11,3.85,1.01,2.16,2.49,89.3426,12.9
2010-01-07,1141.68994140625,19.059999465942383,217.488,0.11,3.85,1.03,2.19,2.48,89.3426,12.9
2010-01-08,1144.97998046875,18.1299991607666,217.488,0.11,3.83,0.96,2.18,2.49,89.3426,12.9
2010-01-11,1146.97998046875,17.549999237060547,217.488,0.11,3.85,0.95,2.12,2.47,89.3426,12.9
2010-01-12,1136.219970703125,18.25,217.488,0.11,3.74,0.92,2.15,2.48,89.3426,12.9
2010-01-13,1145.6800537109375,17.850000381469727,217.488,0.11,3.8,0.97,2.13,2.5,89.3426,12.9
2010-01-14,1148.4599609375,17.6299991607666,217.488,0.11,3.76,0.94,2.12,2.46,89.3426,12.9
2010-01-15,1136.030029296875,17.90999984741211,217.488,0.11,3.7,0.89,2.1,2.48,89.3426,12.9
2010-01-19,1150.22998046875,17.579999923706055,217.488,0.11,3.73,0.93,2.09,2.48,89.3426,12.9
2010-01-20,1138.0400390625,18.68000030517578,217.488,0.11,3.68,0.92,2.09,2.48,89.3426,12.9
2010-01-21,1116.47998046875,22.270000457763672,217.488,0.11,3.62,0.87,1.98,2.51,89.3426,12.9
2010-01-22,1091.760009765625,27.309999465942383,217.488,0.11,3.62,0.84,1.95,2.53,89.3426,12.9
2010-01-25,1096.780029296875,25.40999984741211,217.488,0.11,3.66,0.86,1.97,2.56,89.3426,12.9
2010-01-26,1092.1700439453125,24.549999237060547,217.488,0.11,3.65,0.87,1.97,2.59,89.3426,12.9
2010-01-27,1097.5,23.139999389648438,217.488,0.11,3.66,0.9,1.96,2.57,89.3426,12.9
2010-01-28,1084.530029296875,23.729999542236328,217.488,0.11,3.68,0.87,1.94,2.57,89.3426,12.9
2010-01-29,1073.8699951171875,24.6200008392334,217.488,0.11,3.63,0.82,1.91,2.57,89.3426,12.9
2010-02-01,1089.18994140625,22.59000015258789,217.281,0.13,3.68,0.86,1.99,2.57,89.6779,14.0
2010-02-02,1103.3199462890625,21.479999542236328,217.281,0.13,3.67,0.86,2.02,2.56,89.6779,14.0
2010-02-03,1097.280029296875,21.600000381469727,217.281,0.13,3.73,0.88,2.05,2.58,89.6779,14.0
2010-02-04,1063.1099853515625,26.079999923706055,217.281,0.13,3.62,0.8,1.99,2.62,89.6779,14.0
2010-02-05,1066.18994140625,26.110000610351562,217.281,0.13,3.59,0.77,1.89,2.62,89.6779,14.0
2010-02-08,1056.739990234375,26.510000228881836,217.281,0.13,3.62,0.79,1.91,2.64,89.6779,14.0
2010-02-09,1070.52001953125,26.0,217.281,0.13,3.67,0.84,1.94,2.65,89.6779,14.0
2010-02-10,1068.1300048828125,25.399999618530273,217.281,0.13,3.72,0.91,1.97,2.66,89.6779,14.0
2010-02-11,1078.469970703125,23.959999084472656,217.281,0.13,3.73,0.91,1.96,2.7,89.6779,14.0
2010-02-12,1075.510009765625,22.729999542236328,217.281,0.13,3.69,0.84,1.96,2.72,89.6779,14.0
2010-02-16,1094.8699951171875,22.25,217.281,0.13,3.66,0.82,1.95,2.73,89.6779,14.0
2010-02-17,1099.510009765625,21.719999313354492,217.281,0.13,3.74,0.87,2.01,2.73,89.6779,14.0
2010-02-18,1106.75,20.6299991607666,217.281,0.13,3.79,0.9,2.02,2.72,89.6779,14.0
2010-02-19,1109.1700439453125,20.020000457763672,217.281,0.13,3.78,0.95,1.97,2.65,89.6779,14.0
2010-02-22,1108.010009765625,19.940000534057617,217.281,0.13,3.8,0.91,1.92,2.65,89.6779,14.0
2010-02-23,1094.5999755859375,21.3700008392334,217.281,0.13,3.69,0.87,1.9,2.65,89.6779,14.0
2010-02-24,1105.239990234375,20.270000457763672,217.281,0.13,3.7,0.87,1.9,2.65,89.6779,14.0
2010-02-25,1102.93994140625,20.100000381469727,217.281,0.13,3.64,0.82,1.83,2.64,89.6779,14.0
2010-02-26,1104.489990234375,19.5,217.281,0.13,3.61,0.81,1.83,2.62,89.6779,14.0
2010-03-01,1115.7099609375,19.260000228881836,217.353,0.16,3.61,0.8,1.83,2.65,90.2928,14.2
2010-03-02,1118.31005859375,19.059999465942383,217.353,0.16,3.62,0.8,1.83,2.64,90.2928,14.2
2010-03-03,1118.7900390625,18.829999923706055,217.353,0.16,3.63,0.82,1.84,2.63,90.2928,14.2
2010-03-04,1122.969970703125,18.719999313354492,217.353,0.16,3.61,0.86,1.84,2.62,90.2928,14.2
2010-03-05,1138.699951171875,17.420000076293945,217.353,0.16,3.69,0.91,1.89,2.61,90.2928,14.2
2010-03-08,1138.5,17.790000915527344,217.353,0.16,3.72,0.9,1.87,2.59,90.2928,14.2
2010-03-09,1140.449951171875,17.920000076293945,217.353,0.16,3.71,0.89,1.88,2.61,90.2928,14.2
2010-03-10,1145.6099853515625,18.56999969482422,217.353,0.16,3.73,0.92,1.91,2.59,90.2928,14.2
2010-03-11,1150.239990234375,18.059999465942383,217.353,0.16,3.73,0.97,1.89,2.56,90.2928,14.2
2010-03-12,1149.989990234375,17.579999923706055,217.353,0.16,3.71,0.97,1.93,2.55,90.2928,14.2
2010-03-15,1150.510009765625,18.0,217.353,0.16,3.71,0.96,1.93,2.56,90.2928,14.2
2010-03-16,1159.4599609375,17.690000534057617,217.353,0.16,3.66,0.93,1.92,2.55,90.2928,14.2
2010-03-17,1166.2099609375,16.90999984741211,217.353,0.16,3.65,0.95,1.96,2.53,90.2928,14.2
2010-03-18,1165.8299560546875,16.6200008392334,217.353,0.16,3.68,0.98,1.92,2.52,90.2928,14.2
2010-03-19,1159.9000244140625,16.969999313354492,217.353,0.16,3.7,1.02,1.86,2.49,90.2928,14.2
2010-03-22,1165.81005859375,16.8700008392334,217.353,0.16,3.67,1.01,1.82,2.5,90.2928,14.2
2010-03-23,1174.1700439453125,16.350000381469727,217.353,0.16,3.69,1.02,1.8,2.51,90.2928,14.2
2010-03-24,1167.719970703125,17.549999237060547,217.353,0.16,3.84,1.08,1.89,2.48,90.2928,14.2
2010-03-25,1165.72998046875,18.399999618530273,217.353,0.16,3.91,1.1,1.87,2.47,90.2928,14.2
2010-03-26,1166.5899658203125,17.770000457763672,217.353,0.16,3.86,1.04,1.86,2.49,90.2928,14.2
2010-03-29,1173.219970703125,17.59000015258789,217.353,0.16,3.88,1.04,1.85,2.49,90.2928,14.2
2010-03-30,1173.27001953125,17.1299991607666,217.353,0.16,3.88,1.06,1.83,2.48,90.2928,14.2
2010-03-31,1169.4300537109375,17.59000015258789,217.353,0.16,3.84,1.02,1.83,2.47,90.2928,14.2
2010-04-01,1178.0999755859375,17.469999313354492,217.403,0.2,3.89,1.05,1.85,2.44,90.5991,16.0
2010-04-05,1187.43994140625,17.020000457763672,217.403,0.2,4.01,1.18,1.92,2.43,90.5991,16.0
2010-04-06,1189.43994140625,16.229999542236328,217.403,0.2,3.98,1.14,2.03,2.46,90.5991,16.0
2010-04-07,1182.449951171875,16.6200008392334,217.403,0.2,3.89,1.06,2.04,2.44,90.5991,16.0
2010-04-08,1186.43994140625,16.479999542236328,217.403,0.2,3.91,1.09,1.95,2.43,90.5991,16.0
2010-04-09,1194.3699951171875,16.139999389648438,217.403,0.2,3.9,1.08,1.97,2.43,90.5991,16.0
2010-04-12,1196.47998046875,15.579999923706055,217.403,0.2,3.87,1.07,1.95,2.4,90.5991,16.0
2010-04-13,1197.300048828125,16.200000762939453,217.403,0.2,3.84,1.07,1.93,2.4,90.5991,16.0
2010-04-14,1210.6500244140625,15.59000015258789,217.403,0.2,3.88,1.07,1.95,2.4,90.5991,16.0
2010-04-15,1211.6700439453125,15.890000343322754,217.403,0.2,3.86,1.04,1.96,2.42,90.5991,16.0
2010-04-16,1192.1300048828125,18.360000610351562,217.403,0.2,3.79,0.98,1.9,2.43,90.5991,16.0
2010-04-19,1197.52001953125,17.34000015258789,217.403,0.2,3.83,1.01,1.91,2.42,90.5991,16.0
2010-04-20,1207.1700439453125,15.729999542236328,217.403,0.2,3.82,1.05,1.96,2.4,90.5991,16.0
2010-04-21,1205.93994140625,16.31999969482422,217.403,0.2,3.77,1.03,1.95,2.38,90.5991,16.0
2010-04-22,1208.6700439453125,16.469999313354492,217.403,0.2,3.8,1.07,1.95,2.38,90.5991,16.0
2010-04-23,1217.280029296875,16.6200008392334,217.403,0.2,3.84,1.1,1.99,2.37,90.5991,16.0
2010-04-26,1212.050048828125,17.469999313354492,217.403,0.2,3.83,1.09,2.0,2.38,90.5991,16.0
2010-04-27,1183.7099609375,22.809999465942383,217.403,0.2,3.71,1.03,2.0,2.39,90.5991,16.0
2010-04-28,1191.3599853515625,21.079999923706055,217.403,0.2,3.8,1.03,2.0,2.38,90.5991,16.0
2010-04-29,1206.780029296875,18.440000534057617,217.403,0.2,3.76,1.01,2.06,2.37,90.5991,16.0
2010-04-30,1186.68994140625,22.049999237060547,217.403,0.2,3.69,0.97,2.01,2.38,90.5991,16.0
2010-05-03,1202.260009765625,20.190000534057617,217.29,0.2,3.72,1.0,2.0,2.37,91.823,22.2
2010-05-04,1173.5999755859375,23.84000015258789,217.29,0.2,3.63,0.96,1.94,2.38,91.823,22.2
2010-05-05,1165.8699951171875,24.90999984741211,217.29,0.2,3.58,0.88,1.89,2.4,91.823,22.2
2010-05-06,1128.1500244140625,32.79999923706055,217.29,0.2,3.41,0.75,1.79,2.41,91.823,22.2
2010-05-07,1110.8800048828125,40.95000076293945,217.29,0.2,3.45,0.83,1.75,2.55,91.823,22.2
2010-05-10,1159.72998046875,28.84000015258789,217.29,0.2,3.57,0.87,1.85,2.53,91.823,22.2
2010-05-11,1155.7900390625,28.31999969482422,217.29,0.2,3.56,0.85,1.86,2.58,91.823,22.2
2010-05-12,1171.6700439453125,25.520000457763672,217.29,0.2,3.56,0.89,1.92,2.61,91.823,22.2
2010-05-13,1157.43994140625,26.68000030517578,217.29,0.2,3.55,0.87,1.89,2.6,91.823,22.2
2010-05-14,1135.6800537109375,31.239999771118164,217.29,0.2,3.44,0.79,1.83,2.59,91.823,22.2
2010-05-17,1136.93994140625,30.84000015258789,217.29,0.2,3.47,0.81,1.81,2.59,91.823,22.2
2010-05-18,1120.800048828125,33.54999923706055,217.29,0.2,3.38,0.76,1.77,2.61,91.823,22.2
2010-05-19,1115.050048828125,35.31999969482422,217.29,0.2,3.36,0.8,1.7,2.65,91.823,22.2
2010-05-20,1071.5899658203125,45.790000915527344,217.29,0.2,3.25,0.76,1.58,2.74,91.823,22.2
2010-05-21,1087.68994140625,40.099998474121094,217.29,0.2,3.2,0.76,1.61,2.76,91.823,22.2
2010-05-24,1073.6500244140625,38.31999969482422,217.29,0.2,3.23,0.77,1.62,2.79,91.823,22.2
2010-05-25,1074.030029296875,34.61000061035156,217.29,0.2,3.18,0.81,1.57,2.81,91.823,22.2
2010-05-26,1067.949951171875,35.02000045776367,217.29,0.2,3.21,0.82,1.62,2.87,91.823,22.2
2010-05-27,1103.06005859375,29.68000030517578,217.29,0.2,3.34,0.87,1.72,2.89,91.823,22.2
2010-05-28,1089.4100341796875,32.06999969482422,217.29,0.2,3.31,0.76,1.69,2.89,91.823,22.2
2010-06-01,1070.7099609375,35.540000915527344,217.199,0.18,3.29,0.78,1.68,2.92,91.9928,15.0
2010-06-02,1098.3800048828125,30.170000076293945,217.199,0.18,3.35,0.82,1.71,2.91,91.9928,15.0
2010-06-03,1102.8299560546875,29.459999084472656,217.199,0.18,3.39,0.82,1.77,2.92,91.9928,15.0
2010-06-04,1064.8800048828125,35.47999954223633,217.199,0.18,3.2,0.72,1.66,2.95,91.9928,15.0
2010-06-07,1050.469970703125,36.56999969482422,217.199,0.18,3.17,0.74,1.64,3.0,91.9928,15.0
2010-06-08,1062.0,33.70000076293945,217.199,0.18,3.18,0.74,1.62,2.99,91.9928,15.0
2010-06-09,1055.68994140625,33.72999954223633,217.199,0.18,3.2,0.74,1.63,3.0,91.9928,15.0
2010-06-10,1086.8399658203125,30.56999969482422,217.199,0.18,3.33,0.79,1.68,3.01,91.9928,15.0
2010-06-11,1091.5999755859375,28.790000915527344,217.199,0.18,3.24,0.75,1.65,3.04,91.9928,15.0
2010-06-14,1089.6300048828125,28.579999923706055,217.199,0.18,3.28,0.77,1.69,3.06,91.9928,15.0
2010-06-15,1115.22998046875,25.8700008392334,217.199,0.18,3.32,0.79,1.68,3.05,91.9928,15.0
2010-06-16,1114.6099853515625,25.920000076293945,217.199,0.18,3.27,0.75,1.67,3.07,91.9928,15.0
2010-06-17,1116.0400390625,25.049999237060547,217.199,0.18,3.21,0.72,1.68,3.04,91.9928,15.0
2010-06-18,1117.510009765625,23.950000762939453,217.199,0.18,3.24,0.74,1.69,3.04,91.9928,15.0
2010-06-21,1113.199951171875,24.8799991607666,217.199,0.18,3.26,0.74,1.71,3.02,91.9928,15.0
2010-06-22,1095.31005859375,27.049999237060547,217.199,0.18,3.18,0.71,1.68,3.04,91.9928,15.0
2010-06-23,1092.0400390625,26.90999984741211,217.199,0.18,3.13,0.66,1.64,3.05,91.9928,15.0
2010-06-24,1073.68994140625,29.739999771118164,217.199,0.18,3.14,0.67,1.6,3.08,91.9928,15.0
2010-06-25,1076.760009765625,28.530000686645508,217.199,0.18,3.12,0.65,1.61,3.09,91.9928,15.0
2010-06-28,1074.5699462890625,29.0,217.199,0.18,3.05,0.62,1.57,3.1,91.9928,15.0
2010-06-29,1041.239990234375,34.130001068115234,217.199,0.18,2.97,0.61,1.54,3.12,91.9928,15.0
2010-06-30,1030.7099609375,34.540000915527344,217.199,0.18,2.97,0.61,1.54,3.08,91.9928,15.0
2010-07-01,1027.3699951171875,32.86000061035156,217.605,0.18,2.96,0.63,1.48,3.02,92.3421,7.7
2010-07-02,1022.5800170898438,30.1200008392334,217.605,0.18,3.0,0.63,1.48,3.04,92.3421,7.7
2010-07-06,1028.06005859375,29.649999618530273,217.605,0.18,2.95,0.62,1.41,3.05,92.3421,7.7
2010-07-07,1060.27001953125,26.84000015258789,217.605,0.18,3.0,0.63,1.4,3.08,92.3421,7.7
2010-07-08,1070.25,25.709999084472656,217.605,0.18,3.04,0.63,1.43,3.07,92.3421,7.7
2010-07-09,1077.9599609375,24.979999542236328,217.605,0.18,3.07,0.63,1.47,3.07,92.3421,7.7
2010-07-12,1078.75,24.43000030517578,217.605,0.18,3.08,0.65,1.48,3.05,92.3421,7.7
2010-07-13,1095.3399658203125,24.559999465942383,217.605,0.18,3.15,0.67,1.51,3.03,92.3421,7.7
2010-07-14,1095.1700439453125,24.889999389648438,217.605,0.18,3.07,0.62,1.48,3.02,92.3421,7.7
2010-07-15,1096.47998046875,25.139999389648438,217.605,0.18,3.0,0.61,1.43,3.02,92.3421,7.7
2010-07-16,1064.8800048828125,26.25,217.605,0.18,2.96,0.61,1.36,3.04,92.3421,7.7
2010-07-19,1071.25,25.969999313354492,217.605,0.18,2.99,0.61,1.34,3.04,92.3421,7.7
2010-07-20,1083.47998046875,23.93000030517578,217.605,0.18,2.98,0.61,1.32,2.99,92.3421,7.7
2010-07-21,1069.5899658203125,25.639999389648438,217.605,0.18,2.9,0.58,1.34,2.98,92.3421,7.7
2010-07-22,1093.6700439453125,24.6299991607666,217.605,0.18,2.96,0.6,1.37,2.97,92.3421,7.7
2010-07-23,1102.6600341796875,23.469999313354492,217.605,0.18,3.02,0.6,1.39,2.95,92.3421,7.7
2010-07-26,1115.010009765625,22.729999542236328,217.605,0.18,3.03,0.62,1.4,2.92,92.3421,7.7
2010-07-27,1113.8399658203125,23.190000534057617,217.605,0.18,3.08,0.65,1.44,2.9,92.3421,7.7
2010-07-28,1106.1300048828125,24.25,217.605,0.18,3.03,0.61,1.46,2.92,92.3421,7.7
2010-07-29,1101.530029296875,24.1299991607666,217.605,0.18,3.03,0.59,1.45,2.92,92.3421,7.7
2010-07-30,1101.5999755859375,23.5,217.605,0.18,2.94,0.55,1.43,2.91,92.3421,7.7
2010-08-02,1125.8599853515625,22.010000228881836,217.923,0.19,2.99,0.56,1.5,2.9,92.6805,3.6
2010-08-03,1120.4599609375,22.6299991607666,217.923,0.19,2.94,0.53,1.51,2.92,92.6805,3.6
2010-08-04,1127.239990234375,22.209999084472656,217.923,0.19,2.98,0.56,1.5,2.9,92.6805,3.6
2010-08-05,1125.81005859375,22.100000381469727,217.923,0.19,2.94,0.53,1.5,2.93,92.6805,3.6
2010-08-06,1121.6400146484375,21.739999771118164,217.923,0.19,2.86,0.5,1.46,2.94,92.6805,3.6
2010-08-09,1127.7900390625,22.139999389648438,217.923,0.19,2.86,0.54,1.48,2.95,92.6805,3.6
2010-08-10,1121.06005859375,22.3700008392334,217.923,0.19,2.79,0.52,1.48,3.05,92.6805,3.6
2010-08-11,1089.469970703125,25.389999389648438,217.923,0.19,2.72,0.54,1.43,3.03,92.6805,3.6
2010-08-12,1083.6099853515625,25.729999542236328,217.923,0.19,2.74,0.55,1.35,3.04,92.6805,3.6
2010-08-13,1079.25,26.239999771118164,217.923,0.19,2.68,0.54,1.34,3.05,92.6805,3.6
2010-08-16,1079.3800048828125,26.100000381469727,217.923,0.19,2.58,0.51,1.29,3.0,92.6805,3.6
2010-08-17,1092.5400390625,24.329999923706055,217.923,0.19,2.64,0.52,1.28,2.99,92.6805,3.6
2010-08-18,1094.1600341796875,24.59000015258789,217.923,0.19,2.64,0.51,1.28,2.94,92.6805,3.6
2010-08-19,1075.6300048828125,26.440000534057617,217.923,0.19,2.58,0.49,1.22,2.93,92.6805,3.6
2010-08-20,1071.68994140625,25.489999771118164,217.923,0.19,2.62,0.49,1.24,2.9,92.6805,3.6
2010-08-23,1067.3599853515625,25.65999984741211,217.923,0.19,2.6,0.49,1.21,2.94,92.6805,3.6
2010-08-24,1051.8699951171875,27.459999084472656,217.923,0.19,2.5,0.5,1.19,2.95,92.6805,3.6
2010-08-25,1055.3299560546875,26.700000762939453,217.923,0.19,2.54,0.53,1.21,2.94,92.6805,3.6
2010-08-26,1047.219970703125,27.3700008392334,217.923,0.19,2.5,0.51,1.24,2.95,92.6805,3.6
2010-08-27,1064.5899658203125,24.450000762939453,217.923,0.19,2.66,0.56,1.27,2.96,92.6805,3.6
2010-08-30,1048.9200439453125,27.209999084472656,217.923,0.19,2.54,0.5,1.23,2.99,92.6805,3.6
2010-08-31,1049.3299560546875,26.049999237060547,217.923,0.19,2.47,0.47,1.19,3.01,92.6805,3.6
2010-09-01,1080.2900390625,23.889999389648438,218.275,0.19,2.58,0.5,1.21,3.01,92.9537,4.5
2010-09-02,1090.0999755859375,23.190000534057617,218.275,0.19,2.63,0.5,1.2,3.02,92.9537,4.5
2010-09-03,1104.510009765625,21.309999465942383,218.275,0.19,2.72,0.52,1.25,2.97,92.9537,4.5
2010-09-07,1091.8399658203125,23.799999237060547,218.275,0.19,2.61,0.49,1.24,2.96,92.9537,4.5
2010-09-08,1098.8699951171875,23.25,218.275,0.19,2.66,0.52,1.23,2.95,92.9537,4.5
2010-09-09,1104.1800537109375,22.809999465942383,218.275,0.19,2.77,0.57,1.29,2.96,92.9537,4.5
2010-09-10,1109.550048828125,21.989999771118164,218.275,0.19,2.81,0.58,1.34,2.94,92.9537,4.5
2010-09-13,1121.9000244140625,21.209999084472656,218.275,0.19,2.74,0.53,1.34,2.97,92.9537,4.5
2010-09-14,1121.0999755859375,21.559999465942383,218.275,0.19,2.68,0.5,1.28,2.97,92.9537,4.5
2010-09-15,1125.0699462890625,22.100000381469727,218.275,0.19,2.74,0.5,1.29,3.0,92.9537,4.5
2010-09-16,1124.6600341796875,21.719999313354492,218.275,0.19,2.77,0.48,1.29,3.02,92.9537,4.5
2010-09-17,1125.5899658203125,22.010000228881836,218.275,0.19,2.75,0.48,1.25,3.03,92.9537,4.5
2010-09-20,1142.7099609375,21.5,218.275,0.19,2.72,0.47,1.24,3.02,92.9537,4.5
2010-09-21,1139.780029296875,22.350000381469727,218.275,0.19,2.61,0.43,1.29,3.05,92.9537,4.5
2010-09-22,1134.280029296875,22.510000228881836,218.275,0.19,2.56,0.44,1.32,3.05,92.9537,4.5
2010-09-23,1124.8299560546875,23.8700008392334,218.275,0.19,2.56,0.45,1.29,3.04,92.9537,4.5
2010-09-24,1148.6700439453125,21.709999084472656,218.275,0.19,2.62,0.45,1.31,3.05,92.9537,4.5
2010-09-27,1142.1600341796875,22.540000915527344,218.275,0.19,2.54,0.44,1.29,3.04,92.9537,4.5
2010-09-28,1147.699951171875,22.600000381469727,218.275,0.19,2.48,0.37,1.31,3.06,92.9537,4.5
2010-09-29,1144.72998046875,23.25,218.275,0.19,2.52,0.44,1.3,3.06,92.9537,4.5
2010-09-30,1141.199951171875,23.700000762939453,218.275,0.19,2.53,0.42,1.3,3.05,92.9537,4.5
2010-10-01,1146.239990234375,22.5,219.035,0.19,2.54,0.42,1.33,3.07,92.6903,0.3
2010-10-04,1137.030029296875,23.530000686645508,219.035,0.19,2.5,0.41,1.33,3.1,92.6903,0.3
2010-10-05,1160.75,21.760000228881836,219.035,0.19,2.5,0.41,1.4,3.11,92.6903,0.3
2010-10-06,1159.969970703125,21.489999771118164,219.035,0.19,2.41,0.38,1.45,3.13,92.6903,0.3
2010-10-07,1158.06005859375,21.559999465942383,219.035,0.19,2.41,0.36,1.41,3.18,92.6903,0.3
2010-10-08,1165.1500244140625,20.709999084472656,219.035,0.19,2.41,0.35,1.48,3.21,92.6903,0.3
2010-10-11,1165.3199462890625,18.959999084472656,219.035,0.19,2.41,0.35,1.48,3.21,92.6903,0.3
2010-10-12,1169.77001953125,18.93000030517578,219.035,0.19,2.44,0.37,1.48,3.22,92.6903,0.3
2010-10-13,1178.0999755859375,19.06999969482422,219.035,0.19,2.46,0.37,1.57,3.22,92.6903,0.3
2010-10-14,1173.81005859375,19.8799991607666,219.035,0.19,2.52,0.38,1.67,3.23,92.6903,0.3
2010-10-15,1176.18994140625,19.030000686645508,219.035,0.19,2.59,0.37,1.58,3.26,92.6903,0.3
2010-10-18,1184.7099609375,19.09000015258789,219.035,0.19,2.52,0.38,1.53,3.26,92.6903,0.3
2010-10-19,1165.9000244140625,20.6299991607666,219.035,0.19,2.5,0.37,1.51,3.25,92.6903,0.3
2010-10-20,1178.1700439453125,19.790000915527344,219.035,0.19,2.51,0.35,1.48,3.23,92.6903,0.3
2010-10-21,1180.260009765625,19.270000457763672,219.035,0.19,2.57,0.37,1.52,3.2,92.6903,0.3
2010-10-22,1183.0799560546875,18.780000686645508,219.035,0.19,2.59,0.35,1.56,3.18,92.6903,0.3
2010-10-25,1185.6199951171875,19.850000381469727,219.035,0.19,2.59,0.37,1.62,3.13,92.6903,0.3
2010-10-26,1185.6400146484375,20.219999313354492,219.035,0.19,2.67,0.4,1.63,3.13,92.6903,0.3
2010-10-27,1182.449951171875,20.709999084472656,219.035,0.19,2.75,0.4,1.59,3.09,92.6903,0.3
2010-10-28,1183.780029296875,20.8799991607666,219.035,0.19,2.69,0.37,1.52,3.16,92.6903,0.3
2010-10-29,1183.260009765625,21.200000762939453,219.035,0.19,2.63,0.34,1.48,3.15,92.6903,0.3
2010-11-01,1184.3800048828125,21.829999923706055,219.59,0.19,2.66,0.34,1.51,3.13,92.7709,19.1
2010-11-02,1193.5699462890625,21.56999969482422,219.59,0.19,2.63,0.34,1.49,3.08,92.7709,19.1
2010-11-03,1197.9599609375,19.559999465942383,219.59,0.19,2.67,0.34,1.51,3.16,92.7709,19.1
2010-11-04,1221.06005859375,18.520000457763672,219.59,0.19,2.53,0.33,1.52,3.24,92.7709,19.1
2010-11-05,1225.8499755859375,18.260000228881836,219.59,0.19,2.58,0.38,1.57,3.27,92.7709,19.1
2010-11-08,1223.25,18.290000915527344,219.59,0.19,2.6,0.41,1.58,3.25,92.7709,19.1
2010-11-09,1213.4000244140625,19.079999923706055,219.59,0.19,2.72,0.46,1.58,3.25,92.7709,19.1
2010-11-10,1218.7099609375,18.469999313354492,219.59,0.19,2.65,0.44,1.6,3.31,92.7709,19.1
2010-11-11,1213.5400390625,18.639999389648438,219.59,0.19,2.65,0.44,1.6,3.31,92.7709,19.1
2010-11-12,1199.2099609375,20.610000610351562,219.59,0.19,2.76,0.51,1.57,3.24,92.7709,19.1
2010-11-15,1197.75,20.200000762939453,219.59,0.19,2.92,0.53,1.57,3.2,92.7709,19.1
2010-11-16,1178.3399658203125,22.579999923706055,219.59,0.19,2.85,0.51,1.49,3.15,92.7709,19.1
2010-11-17,1178.5899658203125,21.760000228881836,219.59,0.19,2.89,0.5,1.53,3.13,92.7709,19.1
2010-11-18,1196.68994140625,18.75,219.59,0.19,2.9,0.52,1.57,3.12,92.7709,19.1
2010-11-19,1199.72998046875,18.040000915527344,219.59,0.19,2.88,0.52,1.59,3.11,92.7709,19.1
2010-11-22,1197.8399658203125,18.3700008392334,219.59,0.19,2.8,0.49,1.58,3.14,92.7709,19.1
2010-11-23,1180.72998046875,20.6299991607666,219.59,0.19,2.77,0.45,1.54,3.13,92.7709,19.1
2010-11-24,1198.3499755859375,19.559999465942383,219.59,0.19,2.93,0.53,1.59,3.1,92.7709,19.1
2010-11-26,1189.4000244140625,22.219999313354492,219.59,0.19,2.87,0.51,1.6,3.07,92.7709,19.1
2010-11-29,1187.760009765625,21.530000686645508,219.59,0.19,2.84,0.52,1.58,3.04,92.7709,19.1
2010-11-30,1180.550048828125,23.540000915527344,219.59,0.19,2.81,0.45,1.54,3.03,92.7709,19.1
2010-12-01,1206.0699462890625,21.360000610351562,220.472,0.18,2.97,0.53,1.6,3.01,93.6787,15.4
2010-12-02,1221.530029296875,19.389999389648438,220.472,0.18,3.01,0.55,1.64,2.99,93.6787,15.4
2010-12-03,1224.7099609375,18.010000228881836,220.472,0.18,3.03,0.49,1.62,3.02,93.6787,15.4
2010-12-06,1223.1199951171875,18.020000457763672,220.472,0.18,2.95,0.42,1.6,3.02,93.6787,15.4
2010-12-07,1223.75,17.989999771118164,220.472,0.18,3.15,0.54,1.67,2.99,93.6787,15.4
2010-12-08,1228.280029296875,17.739999771118164,220.472,0.18,3.26,0.63,1.68,2.9,93.6787,15.4
2010-12-09,1233.0,17.25,220.472,0.18,3.23,0.64,1.65,2.86,93.6787,15.4
2010-12-10,1240.4000244140625,17.610000610351562,220.472,0.18,3.32,0.64,1.65,2.79,93.6787,15.4
2010-12-13,1240.4599609375,17.549999237060547,220.472,0.18,3.29,0.61,1.66,2.8,93.6787,15.4
2010-12-14,1241.5899658203125,17.610000610351562,220.472,0.18,3.49,0.66,1.69,2.75,93.6787,15.4
2010-12-15,1235.22998046875,17.940000534057617,220.472,0.18,3.53,0.68,1.77,2.74,93.6787,15.4
2010-12-16,1242.8699951171875,17.389999389648438,220.472,0.18,3.47,0.66,1.78,2.77,93.6787,15.4
2010-12-17,1243.9100341796875,16.110000610351562,220.472,0.18,3.33,0.61,1.75,2.73,93.6787,15.4
2010-12-20,1247.0799560546875,16.40999984741211,220.472,0.18,3.36,0.62,1.75,2.75,93.6787,15.4
2010-12-21,1254.5999755859375,16.489999771118164,220.472,0.18,3.35,0.63,1.77,2.72,93.6787,15.4
2010-12-22,1258.8399658203125,15.449999809265137,220.472,0.18,3.36,0.65,1.81,2.73,93.6787,15.4
2010-12-23,1256.77001953125,16.469999313354492,220.472,0.18,3.41,0.67,1.83,2.7,93.6787,15.4
2010-12-27,1257.5400390625,17.670000076293945,220.472,0.18,3.36,0.71,1.83,2.7,93.6787,15.4
2010-12-28,1258.510009765625,17.520000457763672,220.472,0.18,3.5,0.75,1.84,2.68,93.6787,15.4
2010-12-29,1259.780029296875,17.280000686645508,220.472,0.18,3.35,0.64,1.81,2.7,93.6787,15.4
2010-12-30,1257.8800048828125,17.520000457763672,220.472,0.18,3.38,0.66,1.82,2.69,93.6787,15.4
2010-12-31,1257.6400146484375,17.75,220.472,0.18,3.3,0.61,1.83,2.68,93.6787,15.4
2011-01-03,1271.8699951171875,17.610000610351562,221.187,0.17,3.36,0.61,1.82,2.68,93.4814,16.5
2011-01-04,1270.199951171875,17.3799991607666,221.187,0.17,3.36,0.63,1.86,2.71,93.4814,16.5
2011-01-05,1276.56005859375,17.020000457763672,221.187,0.17,3.5,0.71,1.94,2.67,93.4814,16.5
2011-01-06,1273.8499755859375,17.399999618530273,221.187,0.17,3.44,0.68,1.96,2.67,93.4814,16.5
2011-01-07,1271.5,17.139999389648438,221.187,0.17,3.34,0.6,1.91,2.73,93.4814,16.5
2011-01-10,1269.75,17.540000915527344,221.187,0.17,3.32,0.59,1.91,2.75,93.4814,16.5
2011-01-11,1274.47998046875,16.889999389648438,221.187,0.17,3.37,0.6,2.0,2.68,93.4814,16.5
2011-01-12,1285.9599609375,16.239999771118164,221.187,0.17,3.4,0.61,2.0,2.68,93.4814,16.5
2011-01-13,1283.760009765625,16.389999389648438,221.187,0.17,3.34,0.59,1.95,2.71,93.4814,16.5
2011-01-14,1293.239990234375,15.460000038146973,221.187,0.17,3.35,0.59,1.93,2.74,93.4814,16.5
2011-01-18,1295.02001953125,15.869999885559082,221.187,0.17,3.39,0.6,1.95,2.72,93.4814,16.5
2011-01-19,1281.9200439453125,17.309999465942383,221.187,0.17,3.37,0.6,1.94,2.7,93.4814,16.5
2011-01-20,1280.260009765625,17.989999771118164,221.187,0.17,3.47,0.65,1.9,2.7,93.4814,16.5
2011-01-21,1283.3499755859375,18.469999313354492,221.187,0.17,3.44,0.63,1.92,2.68,93.4814,16.5
2011-01-24,1290.8399658203125,17.649999618530273,221.187,0.17,3.43,0.65,1.93,2.67,93.4814,16.5
2011-01-25,1291.1800537109375,17.59000015258789,221.187,0.17,3.35,0.62,1.94,2.66,93.4814,16.5
2011-01-26,1296.6300048828125,16.639999389648438,221.187,0.17,3.45,0.62,1.96,2.68,93.4814,16.5
2011-01-27,1299.5400390625,16.149999618530273,221.187,0.17,3.42,0.59,1.9,2.67,93.4814,16.5
2011-01-28,1276.3399658203125,20.040000915527344,221.187,0.17,3.36,0.54,1.93,2.7,93.4814,16.5
2011-01-31,1286.1199951171875,19.530000686645508,221.187,0.17,3.42,0.58,1.96,2.68,93.4814,16.5
2011-02-01,1307.5899658203125,17.6299991607666,221.898,0.16,3.48,0.61,2.01,2.66,93.1102,28.8
2011-02-02,1304.030029296875,17.299999237060547,221.898,0.16,3.52,0.67,2.01,2.64,93.1102,28.8
2011-02-03,1307.0999755859375,16.690000534057617,221.898,0.16,3.58,0.71,2.0,2.61,93.1102,28.8
2011-02-04,1310.8699951171875,15.930000305175781,221.898,0.16,3.68,0.77,1.99,2.57,93.1102,28.8
2011-02-07,1319.050048828125,16.280000686645508,221.898,0.16,3.68,0.78,1.98,2.53,93.1102,28.8
2011-02-08,1324.5699462890625,15.8100004196167,221.898,0.16,3.75,0.86,1.95,2.5,93.1102,28.8
2011-02-09,1320.8800048828125,15.869999885559082,221.898,0.16,3.65,0.81,1.94,2.53,93.1102,28.8
2011-02-10,1321.8699951171875,16.09000015258789,221.898,0.16,3.7,0.85,1.92,2.55,93.1102,28.8
2011-02-11,1329.1500244140625,15.6899995803833,221.898,0.16,3.64,0.85,1.88,2.56,93.1102,28.8
2011-02-14,1332.3199462890625,15.949999809265137,221.898,0.16,3.62,0.87,1.86,2.53,93.1102,28.8
2011-02-15,1328.010009765625,16.3700008392334,221.898,0.16,3.61,0.84,1.91,2.53,93.1102,28.8
2011-02-16,1336.3199462890625,16.719999313354492,221.898,0.16,3.62,0.86,1.94,2.53,93.1102,28.8
2011-02-17,1340.4300537109375,16.59000015258789,221.898,0.16,3.58,0.8,1.97,2.56,93.1102,28.8
2011-02-18,1343.010009765625,16.43000030517578,221.898,0.16,3.59,0.78,2.04,2.58,93.1102,28.8
2011-02-22,1315.43994140625,20.799999237060547,221.898,0.16,3.46,0.74,2.09,2.62,93.1102,28.8
2011-02-23,1307.4000244140625,22.1299991607666,221.898,0.16,3.49,0.74,2.2,2.6,93.1102,28.8
2011-02-24,1306.0999755859375,21.31999969482422,221.898,0.16,3.46,0.73,2.2,2.59,93.1102,28.8
2011-02-25,1319.8800048828125,19.219999313354492,221.898,0.16,3.42,0.72,2.17,2.6,93.1102,28.8
2011-02-28,1327.219970703125,18.350000381469727,221.898,0.16,3.42,0.69,2.15,2.57,93.1102,28.8
2011-03-01,1306.3299560546875,21.010000228881836,223.046,0.14,3.41,0.66,2.17,2.59,94.0788,36.5
2011-03-02,1308.43994140625,20.700000762939453,223.046,0.14,3.46,0.69,2.25,2.6,94.0788,36.5
2011-03-03,1330.969970703125,18.600000381469727,223.046,0.14,3.58,0.79,2.27,2.55,94.0788,36.5
2011-03-04,1321.1500244140625,19.059999465942383,223.046,0.14,3.49,0.68,2.24,2.6,94.0788,36.5
2011-03-07,1310.1300048828125,20.65999984741211,223.046,0.14,3.51,0.7,2.26,2.59,94.0788,36.5
2011-03-08,1321.8199462890625,19.81999969482422,223.046,0.14,3.56,0.73,2.31,2.59,94.0788,36.5
2011-03-09,1320.02001953125,20.219999313354492,223.046,0.14,3.48,0.7,2.25,2.61,94.0788,36.5
2011-03-10,1295.1099853515625,21.8799991607666,223.046,0.14,3.37,0.65,2.22,2.66,94.0788,36.5
2011-03-11,1304.280029296875,20.079999923706055,223.046,0.14,3.4,0.64,2.17,2.63,94.0788,36.5
2011-03-14,1296.3900146484375,21.1299991607666,223.046,0.14,3.36,0.61,2.15,2.65,94.0788,36.5
2011-03-15,1281.8699951171875,24.31999969482422,223.046,0.14,3.33,0.63,2.16,2.68,94.0788,36.5
2011-03-16,1256.8800048828125,29.399999618530273,223.046,0.14,3.22,0.58,2.09,2.71,94.0788,36.5
2011-03-17,1273.719970703125,26.3700008392334,223.046,0.14,3.25,0.6,2.18,2.72,94.0788,36.5
2011-03-18,1279.2099609375,24.440000534057617,223.046,0.14,3.28,0.61,2.18,2.69,94.0788,36.5
2011-03-21,1298.3800048828125,20.610000610351562,223.046,0.14,3.34,0.67,2.2,2.64,94.0788,36.5
2011-03-22,1293.77001953125,20.209999084472656,223.046,0.14,3.34,0.68,2.19,2.64,94.0788,36.5
2011-03-23,1297.5400390625,19.170000076293945,223.046,0.14,3.36,0.69,2.16,2.63,94.0788,36.5
2011-03-24,1309.6600341796875,18.0,223.046,0.14,3.42,0.72,2.22,2.59,94.0788,36.5
2011-03-25,1313.800048828125,17.90999984741211,223.046,0.14,3.46,0.79,2.19,2.58,94.0788,36.5
2011-03-28,1310.18994140625,19.440000534057617,223.046,0.14,3.47,0.81,2.18,2.56,94.0788,36.5
2011-03-29,1319.43994140625,18.15999984741211,223.046,0.14,3.5,0.81,2.2,2.59,94.0788,36.5
2011-03-30,1328.260009765625,17.709999084472656,223.046,0.14,3.47,0.8,2.19,2.59,94.0788,36.5
2011-03-31,1325.8299560546875,17.739999771118164,223.046,0.14,3.47,0.8,2.21,2.58,94.0788,36.5
2011-04-01,1332.4100341796875,17.399999618530273,224.093,0.1,3.46,0.8,2.25,2.58,93.7749,12.9
2011-04-04,1332.8699951171875,17.5,224.093,0.1,3.45,0.77,2.29,2.58,93.7749,12.9
2011-04-05,1332.6300048828125,17.25,224.093,0.1,3.5,0.84,2.32,2.55,93.7749,12.9
2011-04-06,1335.5400390625,16.899999618530273,224.093,0.1,3.56,0.85,2.34,2.55,93.7749,12.9
2011-04-07,1333.510009765625,17.110000610351562,224.093,0.1,3.58,0.81,2.33,2.57,93.7749,12.9
2011-04-08,1328.1700439453125,17.8700008392334,224.093,0.1,3.59,0.83,2.38,2.56,93.7749,12.9
2011-04-11,1324.4599609375,16.59000015258789,224.093,0.1,3.59,0.85,2.38,2.55,93.7749,12.9
2011-04-12,1314.1600341796875,17.09000015258789,224.093,0.1,3.52,0.77,2.32,2.58,93.7749,12.9
2011-04-13,1314.4100341796875,16.920000076293945,224.093,0.1,3.49,0.75,2.3,2.58,93.7749,12.9
2011-04-14,1314.52001953125,16.270000457763672,224.093,0.1,3.51,0.77,2.25,2.55,93.7749,12.9
2011-04-15,1319.6800537109375,15.319999694824219,224.093,0.1,3.43,0.71,2.23,2.56,93.7749,12.9
2011-04-18,1305.1400146484375,16.959999084472656,224.093,0.1,3.4,0.69,2.19,2.58,93.7749,12.9
2011-04-19,1312.6199951171875,15.829999923706055,224.093,0.1,3.39,0.68,2.24,2.56,93.7749,12.9
2011-04-20,1330.3599853515625,15.069999694824219,224.093,0.1,3.43,0.69,2.27,2.55,93.7749,12.9
2011-04-21,1337.3800048828125,14.6899995803833,224.093,0.1,3.42,0.68,2.29,2.57,93.7749,12.9
2011-04-25,1335.25,15.770000457763672,224.093,0.1,3.39,0.67,2.3,2.58,93.7749,12.9
2011-04-26,1347.239990234375,15.619999885559082,224.093,0.1,3.34,0.65,2.32,2.57,93.7749,12.9
2011-04-27,1355.6600341796875,15.350000381469727,224.093,0.1,3.39,0.65,2.37,2.57,93.7749,12.9
2011-04-28,1360.47998046875,14.619999885559082,224.093,0.1,3.34,0.62,2.41,2.59,93.7749,12.9
2011-04-29,1363.6099853515625,14.75,224.093,0.1,3.32,0.61,2.45,2.58,93.7749,12.9
2011-05-02,1361.219970703125,15.989999771118164,224.806,0.09,3.31,0.61,2.44,2.57,93.888,6.2
2011-05-03,1356.6199951171875,16.700000762939453,224.806,0.09,3.28,0.61,2.42,2.57,93.888,6.2
2011-05-04,1347.3199462890625,17.079999923706055,224.806,0.09,3.25,0.6,2.41,2.56,93.888,6.2
2011-05-05,1335.0999755859375,18.200000762939453,224.806,0.09,3.18,0.58,2.28,2.59,93.888,6.2
2011-05-06,1340.199951171875,18.399999618530273,224.806,0.09,3.19,0.57,2.25,2.6,93.888,6.2
2011-05-09,1346.2900390625,17.15999984741211,224.806,0.09,3.17,0.57,2.29,2.64,93.888,6.2
2011-05-10,1357.1600341796875,15.90999984741211,224.806,0.09,3.23,0.59,2.31,2.61,93.888,6.2
2011-05-11,1342.0799560546875,16.950000762939453,224.806,0.09,3.19,0.56,2.2,2.61,93.888,6.2
2011-05-12,1348.6500244140625,16.030000686645508,224.806,0.09,3.22,0.57,2.2,2.64,93.888,6.2
2011-05-13,1337.77001953125,17.06999969482422,224.806,0.09,3.18,0.57,2.15,2.64,93.888,6.2
2011-05-16,1329.469970703125,18.239999771118164,224.806,0.09,3.15,0.54,2.12,2.6,93.888,6.2
2011-05-17,1328.97998046875,17.549999237060547,224.806,0.09,3.12,0.55,2.08,2.59,93.888,6.2
2011-05-18,1340.6800537109375,16.229999542236328,224.806,0.09,3.18,0.58,2.14,2.59,93.888,6.2
2011-05-19,1343.5999755859375,15.520000457763672,224.806,0.09,3.17,0.55,2.1,2.61,93.888,6.2
2011-05-20,1333.27001953125,17.43000030517578,224.806,0.09,3.15,0.55,2.07,2.63,93.888,6.2
2011-05-23,1317.3699951171875,18.270000457763672,224.806,0.09,3.13,0.55,2.03,2.62,93.888,6.2
2011-05-24,1316.280029296875,17.81999969482422,224.806,0.09,3.12,0.56,2.07,2.62,93.888,6.2
2011-05-25,1320.469970703125,17.06999969482422,224.806,0.09,3.13,0.54,2.08,2.64,93.888,6.2
2011-05-26,1325.68994140625,16.09000015258789,224.806,0.09,3.07,0.48,2.06,2.64,93.888,6.2
2011-05-27,1331.0999755859375,15.979999542236328,224.806,0.09,3.07,0.48,2.03,2.65,93.888,6.2
2011-05-31,1345.199951171875,15.449999809265137,224.806,0.09,3.05,0.45,2.0,2.65,93.888,6.2
2011-06-01,1314.550048828125,18.299999237060547,224.806,0.09,2.96,0.44,1.99,2.68,94.172,-0.5
2011-06-02,1312.93994140625,18.09000015258789,224.806,0.09,3.04,0.45,2.02,2.7,94.172,-0.5
2011-06-03,1300.1600341796875,17.950000762939453,224.806,0.09,2.99,0.42,2.03,2.73,94.172,-0.5
2011-06-06,1286.1700439453125,18.489999771118164,224.806,0.09,3.01,0.43,2.03,2.75,94.172,-0.5
2011-06-07,1284.93994140625,18.06999969482422,224.806,0.09,3.01,0.39,2.04,2.75,94.172,-0.5
2011-06-08,1279.56005859375,18.790000915527344,224.806,0.09,2.98,0.39,2.01,2.73,94.172,-0.5
2011-06-09,1289.0,17.770000457763672,224.806,0.09,3.01,0.43,2.03,2.73,94.172,-0.5
2011-06-10,1270.97998046875,18.860000610351562,224.806,0.09,2.99,0.41,1.99,2.71,94.172,-0.5
2011-06-13,1271.8299560546875,19.610000610351562,224.806,0.09,3.0,0.4,1.99,2.72,94.172,-0.5
2011-06-14,1287.8699951171875,18.260000228881836,224.806,0.09,3.11,0.45,2.04,2.71,94.172,-0.5
2011-06-15,1265.4200439453125,21.31999969482422,224.806,0.09,2.98,0.38,1.99,2.74,94.172,-0.5
2011-06-16,1267.6400146484375,22.729999542236328,224.806,0.09,2.93,0.38,1.95,2.75,94.172,-0.5
2011-06-17,1271.5,21.850000381469727,224.806,0.09,2.94,0.38,1.9,2.79,94.172,-0.5
2011-06-20,1278.3599853515625,19.989999771118164,224.806,0.09,2.97,0.38,1.89,2.76,94.172,-0.5
2011-06-21,1295.52001953125,18.860000610351562,224.806,0.09,2.99,0.4,1.91,2.75,94.172,-0.5
2011-06-22,1287.1400146484375,18.520000457763672,224.806,0.09,3.01,0.39,1.9,2.74,94.172,-0.5
2011-06-23,1283.5,19.290000915527344,224.806,0.09,2.93,0.35,1.81,2.76,94.172,-0.5
2011-06-24,1268.449951171875,21.100000381469727,224.806,0.09,2.88,0.35,1.79,2.83,94.172,-0.5
2011-06-27,1280.0999755859375,20.559999465942383,224.806,0.09,2.95,0.41,1.8,2.87,94.172,-0.5
2011-06-28,1296.6700439453125,19.170000076293945,224.806,0.09,3.05,0.48,1.88,2.81,94.172,-0.5
2011-06-29,1307.4100341796875,17.270000457763672,224.806,0.09,3.14,0.47,2.0,2.75,94.172,-0.5
2011-06-30,1320.6400146484375,16.520000457763672,224.806,0.09,3.18,0.45,2.03,2.72,94.172,-0.5
2011-07-01,1339.6700439453125,15.869999885559082,225.395,0.07,3.22,0.5,2.05,2.69,94.636,7.1
2011-07-05,1337.8800048828125,16.059999465942383,225.395,0.07,3.16,0.44,2.03,2.74,94.636,7.1
2011-07-06,1339.219970703125,16.34000015258789,225.395,0.07,3.12,0.43,2.03,2.73,94.636,7.1
2011-07-07,1353.219970703125,15.949999809265137,225.395,0.07,3.17,0.49,2.1,2.69,94.636,7.1
2011-07-08,1343.800048828125,15.949999809265137,225.395,0.07,3.03,0.4,2.01,2.73,94.636,7.1
2011-07-11,1319.489990234375,18.389999389648438,225.395,0.07,2.94,0.37,2.01,2.76,94.636,7.1
2011-07-12,1313.6400146484375,19.8700008392334,225.395,0.07,2.92,0.37,2.01,2.77,94.636,7.1
2011-07-13,1317.719970703125,19.90999984741211,225.395,0.07,2.92,0.37,1.99,2.76,94.636,7.1
2011-07-14,1308.8699951171875,20.799999237060547,225.395,0.07,2.98,0.38,1.98,2.76,94.636,7.1
2011-07-15,1316.1400146484375,19.530000686645508,225.395,0.07,2.94,0.37,1.98,2.8,94.636,7.1
2011-07-18,1305.43994140625,20.950000762939453,225.395,0.07,2.94,0.37,2.0,2.84,94.636,7.1
2011-07-19,1326.72998046875,19.209999084472656,225.395,0.07,2.91,0.39,2.02,2.78,94.636,7.1
2011-07-20,1325.8399658203125,19.09000015258789,225.395,0.07,2.96,0.4,2.01,2.8,94.636,7.1
2011-07-21,1343.800048828125,17.559999465942383,225.395,0.07,3.03,0.4,2.04,2.77,94.636,7.1
2011-07-22,1345.02001953125,17.520000457763672,225.395,0.07,2.99,0.4,2.03,2.75,94.636,7.1
2011-07-25,1337.4300537109375,19.350000381469727,225.395,0.07,3.03,0.42,2.06,2.77,94.636,7.1
2011-07-26,1331.93994140625,20.229999542236328,225.395,0.07,2.99,0.41,2.01,2.76,94.636,7.1
2011-07-27,1304.8900146484375,22.979999542236328,225.395,0.07,3.01,0.44,2.1,2.73,94.636,7.1
2011-07-28,1300.6700439453125,23.739999771118164,225.395,0.07,2.98,0.42,2.11,2.73,94.636,7.1
2011-07-29,1292.280029296875,25.25,225.395,0.07,2.82,0.36,2.07,2.77,94.636,7.1
2011-08-01,1286.93994140625,23.65999984741211,226.106,0.1,2.77,0.38,2.07,2.77,95.2749,-19.6
2011-08-02,1254.050048828125,24.790000915527344,226.106,0.1,2.66,0.33,1.99,2.74,95.2749,-19.6
2011-08-03,1260.3399658203125,23.3799991607666,226.106,0.1,2.64,0.33,1.87,2.72,95.2749,-19.6
2011-08-04,1200.0699462890625,31.65999984741211,226.106,0.1,2.47,0.27,1.79,2.77,95.2749,-19.6
2011-08-05,1199.3800048828125,32.0,226.106,0.1,2.58,0.28,1.82,2.77,95.2749,-19.6
2011-08-08,1119.4599609375,48.0,226.106,0.1,2.4,0.27,1.74,2.88,95.2749,-19.6
2011-08-09,1172.530029296875,35.060001373291016,226.106,0.1,2.2,0.19,1.75,3.01,95.2749,-19.6
2011-08-10,1120.760009765625,42.9900016784668,226.106,0.1,2.17,0.19,1.95,3.03,95.2749,-19.6
2011-08-11,1172.6400146484375,39.0,226.106,0.1,2.34,0.19,1.86,3.15,95.2749,-19.6
2011-08-12,1178.81005859375,36.36000061035156,226.106,0.1,2.24,0.2,1.84,3.14,95.2749,-19.6
2011-08-15,1204.489990234375,31.8700008392334,226.106,0.1,2.29,0.19,1.8,3.15,95.2749,-19.6
2011-08-16,1192.760009765625,32.849998474121094,226.106,0.1,2.23,0.2,1.74,3.12,95.2749,-19.6
2011-08-17,1193.8900146484375,31.579999923706055,226.106,0.1,2.17,0.19,1.73,3.11,95.2749,-19.6
2011-08-18,1140.6500244140625,42.66999816894531,226.106,0.1,2.08,0.2,1.62,3.12,95.2749,-19.6
2011-08-19,1123.530029296875,43.04999923706055,226.106,0.1,2.07,0.2,1.7,3.12,95.2749,-19.6
2011-08-22,1123.8199462890625,42.439998626708984,226.106,0.1,2.1,0.22,1.73,3.13,95.2749,-19.6
2011-08-23,1162.3499755859375,36.27000045776367,226.106,0.1,2.15,0.22,1.66,3.19,95.2749,-19.6
2011-08-24,1177.5999755859375,35.900001525878906,226.106,0.1,2.29,0.23,1.65,3.21,95.2749,-19.6
2011-08-25,1159.27001953125,39.7599983215332,226.106,0.1,2.23,0.22,1.68,3.25,95.2749,-19.6
2011-08-26,1176.800048828125,35.59000015258789,226.106,0.1,2.19,0.2,1.64,3.25,95.2749,-19.6
2011-08-29,1210.0799560546875,32.279998779296875,226.106,0.1,2.28,0.2,1.67,3.25,95.2749,-19.6
2011-08-30,1212.9200439453125,32.88999938964844,226.106,0.1,2.19,0.2,1.67,3.22,95.2749,-19.6
2011-08-31,1218.8900146484375,31.6200008392334,226.106,0.1,2.23,0.2,1.72,3.25,95.2749,-19.6
2011-09-01,1204.4200439453125,31.81999969482422,226.597,0.08,2.15,0.19,1.72,3.23,95.1961,-10.7
2011-09-02,1173.969970703125,33.91999816894531,226.597,0.08,2.02,0.2,1.72,3.18,95.1961,-10.7
2011-09-06,1165.239990234375,37.0,226.597,0.08,1.98,0.21,1.63,3.21,95.1961,-10.7
2011-09-07,1198.6199951171875,33.380001068115234,226.597,0.08,2.05,0.21,1.67,3.25,95.1961,-10.7
2011-09-08,1185.9000244140625,34.31999969482422,226.597,0.08,2.0,0.19,1.73,3.26,95.1961,-10.7
2011-09-09,1154.22998046875,38.52000045776367,226.597,0.08,1.93,0.17,1.65,3.28,95.1961,-10.7
2011-09-12,1162.27001953125,38.59000015258789,226.597,0.08,1.94,0.21,1.63,3.29,95.1961,-10.7
2011-09-13,1172.8699951171875,36.90999984741211,226.597,0.08,2.0,0.21,1.61,3.32,95.1961,-10.7
2011-09-14,1188.6800537109375,34.599998474121094,226.597,0.08,2.03,0.19,1.58,3.3,95.1961,-10.7
2011-09-15,1209.1099853515625,31.969999313354492,226.597,0.08,2.09,0.21,1.73,3.31,95.1961,-10.7
2011-09-16,1216.010009765625,30.979999542236328,226.597,0.08,2.08,0.18,1.69,3.31,95.1961,-10.7
2011-09-19,1204.0899658203125,32.72999954223633,226.597,0.08,1.97,0.16,1.61,3.31,95.1961,-10.7
2011-09-20,1202.0899658203125,32.86000061035156,226.597,0.08,1.95,0.18,1.67,3.35,95.1961,-10.7
2011-09-21,1166.760009765625,37.31999969482422,226.597,0.08,1.88,0.21,1.66,3.26,95.1961,-10.7
2011-09-22,1129.56005859375,41.349998474121094,226.597,0.08,1.72,0.2,1.49,3.32,95.1961,-10.7
2011-09-23,1136.4300537109375,41.25,226.597,0.08,1.84,0.23,1.48,3.31,95.1961,-10.7
2011-09-26,1162.949951171875,39.02000045776367,226.597,0.08,1.91,0.25,1.48,3.37,95.1961,-10.7
2011-09-27,1175.3800048828125,37.709999084472656,226.597,0.08,2.0,0.25,1.57,3.39,95.1961,-10.7
2011-09-28,1151.06005859375,41.08000183105469,226.597,0.08,2.03,0.27,1.57,3.35,95.1961,-10.7
2011-09-29,1160.4000244140625,38.84000015258789,226.597,0.08,1.99,0.27,1.54,3.3,95.1961,-10.7
2011-09-30,1131.4200439453125,42.959999084472656,226.597,0.08,1.92,0.25,1.5,3.3,95.1961,-10.7
2011-10-03,1099.22998046875,45.45000076293945,226.75,0.07,1.8,0.24,1.48,3.31,95.8568,6.2
2011-10-04,1123.949951171875,40.81999969482422,226.75,0.07,1.81,0.25,1.49,3.33,95.8568,6.2
2011-10-05,1144.030029296875,37.810001373291016,226.75,0.07,1.92,0.25,1.5,3.36,95.8568,6.2
2011-10-06,1164.969970703125,36.27000045776367,226.75,0.07,2.01,0.29,1.58,3.34,95.8568,6.2
2011-10-07,1155.4599609375,36.20000076293945,226.75,0.07,2.1,0.3,1.63,3.32,95.8568,6.2
2011-10-10,1194.8900146484375,33.02000045776367,226.75,0.07,2.1,0.3,1.63,3.32,95.8568,6.2
2011-10-11,1195.5400390625,32.86000061035156,226.75,0.07,2.18,0.32,1.65,3.32,95.8568,6.2
2011-10-12,1207.25,31.260000228881836,226.75,0.07,2.24,0.29,1.67,3.33,95.8568,6.2
2011-10-13,1203.6600341796875,30.700000762939453,226.75,0.07,2.19,0.29,1.61,3.29,95.8568,6.2
2011-10-14,1224.5799560546875,28.239999771118164,226.75,0.07,2.26,0.28,1.66,3.26,95.8568,6.2
2011-10-17,1200.8599853515625,33.38999938964844,226.75,0.07,2.18,0.28,1.66,3.26,95.8568,6.2
2011-10-18,1225.3800048828125,31.559999465942383,226.75,0.07,2.19,0.28,1.72,3.23,95.8568,6.2
2011-10-19,1209.8800048828125,34.439998626708984,226.75,0.07,2.18,0.28,1.71,3.21,95.8568,6.2
2011-10-20,1215.3900146484375,34.779998779296875,226.75,0.07,2.2,0.28,1.72,3.2,95.8568,6.2
2011-10-21,1238.25,31.31999969482422,226.75,0.07,2.23,0.3,1.74,3.18,95.8568,6.2
2011-10-24,1254.18994140625,29.260000228881836,226.75,0.07,2.25,0.3,1.76,3.16,95.8568,6.2
2011-10-25,1229.050048828125,32.220001220703125,226.75,0.07,2.14,0.26,1.76,3.14,95.8568,6.2
2011-10-26,1242.0,29.860000610351562,226.75,0.07,2.23,0.28,1.83,3.1,95.8568,6.2
2011-10-27,1284.5899658203125,25.459999084472656,226.75,0.07,2.42,0.31,1.94,3.04,95.8568,6.2
2011-10-28,1285.0899658203125,24.530000686645508,226.75,0.07,2.34,0.28,1.93,2.99,95.8568,6.2
2011-10-31,1253.300048828125,29.959999084472656,226.75,0.07,2.17,0.25,1.88,3.02,95.8568,6.2
2011-11-01,1218.280029296875,34.77000045776367,227.169,0.08,2.01,0.23,1.82,3.03,95.8485,4.0
2011-11-02,1237.9000244140625,32.7400016784668,227.169,0.08,2.03,0.23,1.91,3.03,95.8485,4.0
2011-11-03,1261.1500244140625,30.5,227.169,0.08,2.09,0.24,1.91,3.04,95.8485,4.0
2011-11-04,1253.22998046875,30.15999984741211,227.169,0.08,2.06,0.22,1.93,3.06,95.8485,4.0
2011-11-07,1261.1199951171875,29.850000381469727,227.169,0.08,2.04,0.25,1.94,3.02,95.8485,4.0
2011-11-08,1275.9200439453125,27.479999542236328,227.169,0.08,2.1,0.25,1.89,3.05,95.8485,4.0
2011-11-09,1229.0999755859375,36.15999984741211,227.169,0.08,2.0,0.24,1.87,3.08,95.8485,4.0
2011-11-10,1239.699951171875,32.810001373291016,227.169,0.08,2.04,0.24,1.88,3.14,95.8485,4.0
2011-11-11,1263.8499755859375,30.040000915527344,227.169,0.08,2.04,0.24,1.88,3.14,95.8485,4.0
2011-11-14,1251.780029296875,31.1299991607666,227.169,0.08,2.04,0.24,1.84,3.13,95.8485,4.0
2011-11-15,1257.81005859375,31.219999313354492,227.169,0.08,2.06,0.26,1.76,3.14,95.8485,4.0
2011-11-16,1236.9100341796875,33.5099983215332,227.169,0.08,2.01,0.26,1.68,3.17,95.8485,4.0
2011-11-17,1216.1300048828125,34.5099983215332,227.169,0.08,1.96,0.27,1.59,3.16,95.8485,4.0
2011-11-18,1215.6500244140625,32.0,227.169,0.08,2.01,0.29,1.64,3.14,95.8485,4.0
2011-11-21,1192.97998046875,32.90999984741211,227.169,0.08,1.97,0.27,1.59,3.15,95.8485,4.0
2011-11-22,1188.0400390625,31.969999313354492,227.169,0.08,1.94,0.26,1.6,3.17,95.8485,4.0
2011-11-23,1161.7900390625,33.97999954223633,227.169,0.08,1.89,0.26,1.61,3.15,95.8485,4.0
2011-11-25,1158.6700439453125,34.470001220703125,227.169,0.08,1.97,0.28,1.64,3.18,95.8485,4.0
2011-11-28,1192.550048828125,32.130001068115234,227.169,0.08,1.97,0.26,1.66,3.19,95.8485,4.0
2011-11-29,1195.18994140625,30.639999389648438,227.169,0.08,2.0,0.27,1.7,3.22,95.8485,4.0
2011-11-30,1246.9599609375,27.799999237060547,227.169,0.08,2.08,0.25,1.76,3.24,95.8485,4.0
2011-12-01,1244.5799560546875,27.40999984741211,227.223,0.07,2.11,0.27,1.76,3.3,96.3571,2.4
2011-12-02,1244.280029296875,27.520000457763672,227.223,0.07,2.05,0.25,1.76,3.24,96.3571,2.4
2011-12-05,1257.0799560546875,27.84000015258789,227.223,0.07,2.04,0.27,1.77,3.25,96.3571,2.4
2011-12-06,1258.469970703125,28.1299991607666,227.223,0.07,2.08,0.25,1.83,3.26,96.3571,2.4
2011-12-07,1261.010009765625,28.670000076293945,227.223,0.07,2.02,0.24,1.71,3.26,96.3571,2.4
2011-12-08,1234.3499755859375,30.59000015258789,227.223,0.07,1.99,0.22,1.65,3.26,96.3571,2.4
2011-12-09,1255.18994140625,26.3799991607666,227.223,0.07,2.07,0.22,1.64,3.28,96.3571,2.4
2011-12-12,1236.469970703125,25.670000076293945,227.223,0.07,2.03,0.24,1.64,3.27,96.3571,2.4
2011-12-13,1225.72998046875,25.40999984741211,227.223,0.07,1.96,0.24,1.65,3.29,96.3571,2.4
2011-12-14,1211.8199462890625,26.040000915527344,227.223,0.07,1.92,0.25,1.6,3.24,96.3571,2.4
2011-12-15,1215.75,25.110000610351562,227.223,0.07,1.92,0.26,1.61,3.27,96.3571,2.4
2011-12-16,1219.6600341796875,24.290000915527344,227.223,0.07,1.86,0.24,1.58,3.26,96.3571,2.4
2011-12-19,1205.3499755859375,24.920000076293945,227.223,0.07,1.82,0.24,1.64,3.26,96.3571,2.4
2011-12-20,1241.300048828125,23.219999313354492,227.223,0.07,1.94,0.26,1.72,3.27,96.3571,2.4
2011-12-21,1243.719970703125,21.43000030517578,227.223,0.07,1.98,0.28,1.7,3.3,96.3571,2.4
2011-12-22,1254.0,21.15999984741211,227.223,0.07,1.97,0.28,1.64,3.29,96.3571,2.4
2011-12-23,1265.3299560546875,20.729999542236328,227.223,0.07,2.03,0.28,1.68,3.32,96.3571,2.4
2011-12-27,1265.4300537109375,21.90999984741211,227.223,0.07,2.02,0.3,1.65,3.3,96.3571,2.4
2011-12-28,1249.6400146484375,23.520000457763672,227.223,0.07,1.93,0.28,1.63,3.25,96.3571,2.4
2011-12-29,1263.02001953125,22.649999618530273,227.223,0.07,1.91,0.28,1.61,3.28,96.3571,2.4
2011-12-30,1257.5999755859375,23.399999618530273,227.223,0.07,1.89,0.25,1.59,3.27,96.3571,2.4
2012-01-03,1277.06005859375,22.969999313354492,227.842,0.08,1.97,0.27,1.66,3.29,96.9318,7.5
2012-01-04,1277.300048828125,22.219999313354492,227.842,0.08,2.0,0.25,1.71,3.3,96.9318,7.5
2012-01-05,1281.06005859375,21.479999542236328,227.842,0.08,2.02,0.27,1.74,3.27,96.9318,7.5
2012-01-06,1277.81005859375,20.6299991607666,227.842,0.08,1.98,0.25,1.71,3.27,96.9318,7.5
2012-01-09,1280.699951171875,21.06999969482422,227.842,0.08,1.98,0.26,1.73,3.28,96.9318,7.5
2012-01-10,1292.0799560546875,20.690000534057617,227.842,0.08,2.0,0.24,1.7,3.25,96.9318,7.5
2012-01-11,1292.47998046875,21.049999237060547,227.842,0.08,1.93,0.24,1.67,3.27,96.9318,7.5
2012-01-12,1295.5,20.469999313354492,227.842,0.08,1.94,0.22,1.69,3.27,96.9318,7.5
2012-01-13,1289.0899658203125,20.90999984741211,227.842,0.08,1.89,0.24,1.69,3.24,96.9318,7.5
2012-01-17,1293.6700439453125,22.200000762939453,227.842,0.08,1.87,0.21,1.7,3.24,96.9318,7.5
2012-01-18,1308.0400390625,20.889999389648438,227.842,0.08,1.92,0.24,1.73,3.25,96.9318,7.5
2012-01-19,1314.5,19.8700008392334,227.842,0.08,2.01,0.26,1.75,3.22,96.9318,7.5
2012-01-20,1315.3800048828125,18.280000686645508,227.842,0.08,2.05,0.26,1.76,3.24,96.9318,7.5
2012-01-23,1316.0,18.670000076293945,227.842,0.08,2.09,0.26,1.77,3.24,96.9318,7.5
2012-01-24,1314.6500244140625,18.90999984741211,227.842,0.08,2.08,0.24,1.81,3.25,96.9318,7.5
2012-01-25,1326.06005859375,18.309999465942383,227.842,0.08,2.01,0.22,1.83,3.31,96.9318,7.5
2012-01-26,1318.4300537109375,18.56999969482422,227.842,0.08,1.96,0.22,1.86,3.28,96.9318,7.5
2012-01-27,1316.3299560546875,18.530000686645508,227.842,0.08,1.93,0.22,1.88,3.28,96.9318,7.5
2012-01-30,1313.010009765625,19.399999618530273,227.842,0.08,1.87,0.22,1.87,3.25,96.9318,7.5
2012-01-31,1312.4100341796875,19.440000534057617,227.842,0.08,1.83,0.22,1.88,3.24,96.9318,7.5
2012-02-01,1324.0899658203125,18.549999237060547,228.329,0.1,1.87,0.23,1.89,3.25,97.2435,10.3
2012-02-02,1325.5400390625,17.979999542236328,228.329,0.1,1.86,0.23,1.89,3.25,97.2435,10.3
2012-02-03,1344.9000244140625,17.100000381469727,228.329,0.1,1.97,0.23,1.88,3.26,97.2435,10.3
2012-02-06,1344.3299560546875,17.760000228881836,228.329,0.1,1.93,0.24,1.91,3.22,97.2435,10.3
2012-02-07,1347.050048828125,17.649999618530273,228.329,0.1,2.0,0.25,1.95,3.19,97.2435,10.3
2012-02-08,1349.9599609375,18.15999984741211,228.329,0.1,2.01,0.27,1.91,3.17,97.2435,10.3
2012-02-09,1351.949951171875,18.6299991607666,228.329,0.1,2.04,0.27,1.91,3.18,97.2435,10.3
2012-02-10,1342.6400146484375,20.790000915527344,228.329,0.1,1.96,0.27,1.88,3.17,97.2435,10.3
2012-02-13,1351.77001953125,19.040000915527344,228.329,0.1,1.99,0.29,1.97,3.19,97.2435,10.3
2012-02-14,1350.5,19.540000915527344,228.329,0.1,1.92,0.29,1.92,3.18,97.2435,10.3
2012-02-15,1343.22998046875,21.139999389648438,228.329,0.1,1.93,0.29,1.9,3.19,97.2435,10.3
2012-02-16,1358.0400390625,19.219999313354492,228.329,0.1,1.99,0.29,1.93,3.17,97.2435,10.3
2012-02-17,1361.22998046875,17.780000686645508,228.329,0.1,2.01,0.29,1.93,3.17,97.2435,10.3
2012-02-21,1362.2099609375,18.190000534057617,228.329,0.1,2.05,0.31,1.98,3.15,97.2435,10.3
2012-02-22,1357.6600341796875,18.190000534057617,228.329,0.1,2.01,0.29,1.99,3.15,97.2435,10.3
2012-02-23,1363.4599609375,16.799999237060547,228.329,0.1,1.99,0.31,2.04,3.14,97.2435,10.3
2012-02-24,1365.739990234375,17.309999465942383,228.329,0.1,1.98,0.31,2.03,3.12,97.2435,10.3
2012-02-27,1367.5899658203125,18.190000534057617,228.329,0.1,1.92,0.3,2.02,3.12,97.2435,10.3
2012-02-28,1372.1800537109375,17.959999084472656,228.329,0.1,1.94,0.3,1.99,3.12,97.2435,10.3
2012-02-29,1365.6800537109375,18.43000030517578,228.329,0.1,1.98,0.3,1.99,3.1,97.2435,10.3
2012-03-01,1374.0899658203125,17.260000228881836,228.807,0.13,2.03,0.3,1.99,3.1,96.74,8.8
2012-03-02,1369.6300048828125,17.290000915527344,228.807,0.13,1.99,0.28,1.95,3.09,96.74,8.8
2012-03-05,1364.3299560546875,18.049999237060547,228.807,0.13,2.0,0.31,1.94,3.11,96.74,8.8
2012-03-06,1343.3599853515625,20.8700008392334,228.807,0.13,1.96,0.3,1.92,3.1,96.74,8.8
2012-03-07,1352.6300048828125,19.06999969482422,228.807,0.13,1.98,0.3,1.98,3.11,96.74,8.8
2012-03-08,1365.9100341796875,17.950000762939453,228.807,0.13,2.03,0.32,2.01,3.11,96.74,8.8
2012-03-09,1370.8699951171875,17.110000610351562,228.807,0.13,2.04,0.33,2.07,3.11,96.74,8.8
2012-03-12,1371.0899658203125,15.640000343322754,228.807,0.13,2.04,0.33,2.06,3.09,96.74,8.8
2012-03-13,1395.949951171875,14.800000190734863,228.807,0.13,2.14,0.35,2.13,3.08,96.74,8.8
2012-03-14,1394.280029296875,15.3100004196167,228.807,0.13,2.29,0.4,2.15,3.07,96.74,8.8
2012-03-15,1402.5999755859375,15.420000076293945,228.807,0.13,2.29,0.37,2.13,3.07,96.74,8.8
2012-03-16,1404.1700439453125,14.470000267028809,228.807,0.13,2.31,0.37,2.12,3.04,96.74,8.8
2012-03-19,1409.75,15.039999961853027,228.807,0.13,2.39,0.39,2.13,3.03,96.74,8.8
2012-03-20,1405.52001953125,15.579999923706055,228.807,0.13,2.38,0.41,2.15,3.02,96.74,8.8
2012-03-21,1402.8900146484375,15.130000114440918,228.807,0.13,2.31,0.39,2.11,3.0,96.74,8.8
2012-03-22,1392.780029296875,15.569999694824219,228.807,0.13,2.29,0.37,2.06,3.01,96.74,8.8
2012-03-23,1397.1099853515625,14.819999694824219,228.807,0.13,2.25,0.37,2.04,3.01,96.74,8.8
2012-03-26,1416.510009765625,14.260000228881836,228.807,0.13,2.26,0.36,2.02,3.01,96.74,8.8
2012-03-27,1412.52001953125,15.59000015258789,228.807,0.13,2.2,0.33,2.01,3.04,96.74,8.8
2012-03-28,1405.5400390625,15.470000267028809,228.807,0.13,2.21,0.34,2.03,3.03,96.74,8.8
2012-03-29,1403.280029296875,15.479999542236328,228.807,0.13,2.18,0.33,1.99,3.03,96.74,8.8
2012-03-30,1408.469970703125,15.5,228.807,0.13,2.23,0.33,2.02,3.07,96.74,8.8
2012-04-02,1419.0400390625,15.640000343322754,229.187,0.14,2.22,0.33,2.04,3.08,97.4359,5.7
2012-04-03,1413.3800048828125,15.65999984741211,229.187,0.14,2.3,0.36,2.04,3.06,97.4359,5.7
2012-04-04,1398.9599609375,16.440000534057617,229.187,0.14,2.25,0.35,1.96,3.08,97.4359,5.7
2012-04-05,1398.0799560546875,16.700000762939453,229.187,0.14,2.19,0.35,1.95,3.09,97.4359,5.7
2012-04-09,1382.199951171875,18.809999465942383,229.187,0.14,2.06,0.32,1.84,3.11,97.4359,5.7
2012-04-10,1358.5899658203125,20.389999389648438,229.187,0.14,2.01,0.28,1.87,3.14,97.4359,5.7
2012-04-11,1368.7099609375,20.020000457763672,229.187,0.14,2.05,0.3,1.95,3.16,97.4359,5.7
2012-04-12,1387.5699462890625,17.200000762939453,229.187,0.14,2.08,0.29,1.91,3.15,97.4359,5.7
2012-04-13,1370.260009765625,19.549999237060547,229.187,0.14,2.02,0.27,1.91,3.15,97.4359,5.7
2012-04-16,1369.5699462890625,19.549999237060547,229.187,0.14,2.0,0.27,1.89,3.14,97.4359,5.7
2012-04-17,1390.780029296875,18.459999084472656,229.187,0.14,2.03,0.27,1.91,3.14,97.4359,5.7
2012-04-18,1385.1400146484375,18.639999389648438,229.187,0.14,2.0,0.27,1.87,3.15,97.4359,5.7
2012-04-19,1376.9200439453125,18.360000610351562,229.187,0.14,1.98,0.27,1.91,3.15,97.4359,5.7
2012-04-20,1378.530029296875,17.440000534057617,229.187,0.14,1.99,0.29,1.96,3.17,97.4359,5.7
2012-04-23,1366.93994140625,18.969999313354492,229.187,0.14,1.96,0.27,1.95,3.16,97.4359,5.7
2012-04-24,1371.969970703125,18.100000381469727,229.187,0.14,2.0,0.27,2.01,3.15,97.4359,5.7
2012-04-25,1390.68994140625,16.81999969482422,229.187,0.14,2.01,0.26,2.02,3.17,97.4359,5.7
2012-04-26,1399.97998046875,16.239999771118164,229.187,0.14,1.98,0.26,2.04,3.19,97.4359,5.7
2012-04-27,1403.3599853515625,16.31999969482422,229.187,0.14,1.96,0.26,2.06,3.19,97.4359,5.7
2012-04-30,1397.9100341796875,17.149999618530273,229.187,0.14,1.95,0.27,2.06,3.2,97.4359,5.7
2012-05-01,1405.8199462890625,16.600000381469727,228.713,0.16,1.98,0.27,2.06,3.22,97.6609,-0.8
2012-05-02,1402.31005859375,16.8799991607666,228.713,0.16,1.96,0.27,2.04,3.19,97.6609,-0.8
2012-05-03,1391.5699462890625,17.559999465942383,228.713,0.16,1.96,0.28,2.01,3.18,97.6609,-0.8
2012-05-04,1369.0999755859375,19.15999984741211,228.713,0.16,1.91,0.27,1.93,3.19,97.6609,-0.8
2012-05-07,1369.5799560546875,18.940000534057617,228.713,0.16,1.92,0.27,1.94,3.18,97.6609,-0.8
2012-05-08,1363.719970703125,19.049999237060547,228.713,0.16,1.88,0.27,1.95,3.19,97.6609,-0.8
2012-05-09,1354.5799560546875,20.079999923706055,228.713,0.16,1.87,0.27,1.94,3.22,97.6609,-0.8
2012-05-10,1357.989990234375,18.829999923706055,228.713,0.16,1.89,0.27,1.96,3.21,97.6609,-0.8
2012-05-11,1353.3900146484375,19.889999389648438,228.713,0.16,1.84,0.27,1.91,3.22,97.6609,-0.8
2012-05-14,1338.3499755859375,21.8700008392334,228.713,0.16,1.78,0.29,1.91,3.22,97.6609,-0.8
2012-05-15,1330.6600341796875,21.969999313354492,228.713,0.16,1.76,0.29,1.92,3.24,97.6609,-0.8
2012-05-16,1324.800048828125,22.270000457763672,228.713,0.16,1.76,0.3,1.89,3.25,97.6609,-0.8
2012-05-17,1304.8599853515625,24.489999771118164,228.713,0.16,1.7,0.32,1.87,3.23,97.6609,-0.8
2012-05-18,1295.219970703125,25.100000381469727,228.713,0.16,1.71,0.32,1.85,3.27,97.6609,-0.8
2012-05-21,1315.989990234375,22.010000228881836,228.713,0.16,1.75,0.3,1.86,3.25,97.6609,-0.8
2012-05-22,1316.6300048828125,22.479999542236328,228.713,0.16,1.79,0.3,1.87,3.34,97.6609,-0.8
2012-05-23,1318.8599853515625,22.329999923706055,228.713,0.16,1.73,0.28,1.8,3.33,97.6609,-0.8
2012-05-24,1320.6800537109375,21.540000915527344,228.713,0.16,1.77,0.29,1.79,3.36,97.6609,-0.8
2012-05-25,1317.8199462890625,21.760000228881836,228.713,0.16,1.75,0.3,1.78,3.37,97.6609,-0.8
2012-05-29,1332.4200439453125,21.030000686645508,228.713,0.16,1.74,0.3,1.76,3.38,97.6609,-0.8
2012-05-30,1313.3199462890625,24.139999389648438,228.713,0.16,1.63,0.27,1.71,3.4,97.6609,-0.8
2012-05-31,1310.3299560546875,24.059999465942383,228.713,0.16,1.59,0.27,1.72,3.4,97.6609,-0.8
2012-06-01,1278.0400390625,26.65999984741211,228.524,0.16,1.47,0.25,1.65,3.41,97.6663,-12.6
2012-06-04,1278.1800537109375,26.1200008392334,228.524,0.16,1.53,0.25,1.69,3.4,97.6663,-12.6
2012-06-05,1285.5,24.68000030517578,228.524,0.16,1.57,0.25,1.71,3.4,97.6663,-12.6
2012-06-06,1315.1300048828125,22.15999984741211,228.524,0.16,1.66,0.26,1.73,3.41,97.6663,-12.6
2012-06-07,1314.989990234375,21.719999313354492,228.524,0.16,1.66,0.27,1.77,3.43,97.6663,-12.6
2012-06-08,1325.6600341796875,21.229999542236328,228.524,0.16,1.65,0.28,1.79,3.44,97.6663,-12.6
2012-06-11,1308.9300537109375,23.559999465942383,228.524,0.16,1.6,0.27,1.79,3.46,97.6663,-12.6
2012-06-12,1324.1800537109375,22.09000015258789,228.524,0.16,1.67,0.3,1.81,3.43,97.6663,-12.6
2012-06-13,1314.8800048828125,24.270000457763672,228.524,0.16,1.61,0.3,1.8,3.43,97.6663,-12.6
2012-06-14,1329.0999755859375,21.68000030517578,228.524,0.16,1.64,0.3,1.79,3.4,97.6663,-12.6
2012-06-15,1342.8399658203125,21.110000610351562,228.524,0.16,1.6,0.29,1.86,3.42,97.6663,-12.6
2012-06-18,1344.780029296875,18.31999969482422,228.524,0.16,1.59,0.29,1.85,3.42,97.6663,-12.6
2012-06-19,1357.97998046875,18.3799991607666,228.524,0.16,1.64,0.3,1.87,3.41,97.6663,-12.6
2012-06-20,1355.68994140625,17.239999771118164,228.524,0.16,1.65,0.32,1.88,3.38,97.6663,-12.6
2012-06-21,1325.510009765625,20.079999923706055,228.524,0.16,1.63,0.32,1.77,3.35,97.6663,-12.6
2012-06-22,1335.02001953125,18.110000610351562,228.524,0.16,1.69,0.31,1.74,3.36,97.6663,-12.6
2012-06-25,1313.719970703125,20.3799991607666,228.524,0.16,1.63,0.31,1.7,3.36,97.6663,-12.6
2012-06-26,1319.989990234375,19.719999313354492,228.524,0.16,1.66,0.31,1.7,3.34,97.6663,-12.6
2012-06-27,1331.8499755859375,19.450000762939453,228.524,0.16,1.65,0.31,1.68,3.35,97.6663,-12.6
2012-06-28,1329.0400390625,19.709999084472656,228.524,0.16,1.6,0.31,1.64,3.37,97.6663,-12.6
2012-06-29,1362.1600341796875,17.079999923706055,228.524,0.16,1.67,0.33,1.72,3.39,97.6663,-12.6
2012-07-02,1365.510009765625,16.799999237060547,228.59,0.16,1.61,0.3,1.71,3.4,97.8713,-12.7
2012-07-03,1374.02001953125,16.65999984741211,228.59,0.16,1.65,0.3,1.77,3.41,97.8713,-12.7
2012-07-05,1367.5799560546875,17.5,228.59,0.16,1.62,0.28,1.8,3.43,97.8713,-12.7
2012-07-06,1354.6800537109375,17.100000381469727,228.59,0.16,1.57,0.27,1.76,3.41,97.8713,-12.7
2012-07-09,1352.4599609375,17.979999542236328,228.59,0.16,1.53,0.27,1.77,3.41,97.8713,-12.7
2012-07-10,1341.469970703125,18.719999313354492,228.59,0.16,1.53,0.27,1.79,3.39,97.8713,-12.7
2012-07-11,1341.449951171875,17.950000762939453,228.59,0.16,1.54,0.27,1.79,3.36,97.8713,-12.7
2012-07-12,1334.760009765625,18.329999923706055,228.59,0.16,1.5,0.25,1.76,3.37,97.8713,-12.7
2012-07-13,1356.780029296875,16.739999771118164,228.59,0.16,1.52,0.25,1.78,3.37,97.8713,-12.7
2012-07-16,1353.6400146484375,17.110000610351562,228.59,0.16,1.5,0.24,1.78,3.35,97.8713,-12.7
2012-07-17,1363.6700439453125,16.479999542236328,228.59,0.16,1.53,0.25,1.78,3.35,97.8713,-12.7
2012-07-18,1372.780029296875,16.15999984741211,228.59,0.16,1.52,0.22,1.79,3.33,97.8713,-12.7
2012-07-19,1376.510009765625,15.449999809265137,228.59,0.16,1.54,0.22,1.82,3.34,97.8713,-12.7
2012-07-20,1362.6600341796875,16.270000457763672,228.59,0.16,1.49,0.22,1.77,3.31,97.8713,-12.7
2012-07-23,1350.52001953125,18.6200008392334,228.59,0.16,1.47,0.22,1.75,3.31,97.8713,-12.7
2012-07-24,1338.31005859375,20.469999313354492,228.59,0.16,1.44,0.22,1.7,3.29,97.8713,-12.7
2012-07-25,1337.8900146484375,19.34000015258789,228.59,0.16,1.43,0.22,1.68,3.3,97.8713,-12.7
2012-07-26,1360.02001953125,17.530000686645508,228.59,0.16,1.45,0.23,1.71,3.3,97.8713,-12.7
2012-07-27,1385.969970703125,16.700000762939453,228.59,0.16,1.58,0.25,1.79,3.29,97.8713,-12.7
2012-07-30,1385.300048828125,18.030000686645508,228.59,0.16,1.53,0.23,1.78,3.26,97.8713,-12.7
2012-07-31,1379.3199462890625,18.93000030517578,228.59,0.16,1.51,0.23,1.83,3.27,97.8713,-12.7
2012-08-01,1375.3199462890625,18.959999084472656,229.918,0.13,1.56,0.24,1.85,3.26,97.4525,-2.6
2012-08-02,1365.0,17.56999969482422,229.918,0.13,1.51,0.24,1.83,3.24,97.4525,-2.6
2012-08-03,1390.989990234375,15.640000343322754,229.918,0.13,1.6,0.24,1.87,3.26,97.4525,-2.6
2012-08-06,1394.22998046875,15.949999809265137,229.918,0.13,1.59,0.24,1.89,3.24,97.4525,-2.6
2012-08-07,1401.3499755859375,15.989999771118164,229.918,0.13,1.66,0.27,1.95,3.24,97.4525,-2.6
2012-08-08,1402.219970703125,15.319999694824219,229.918,0.13,1.68,0.29,1.92,3.23,97.4525,-2.6
2012-08-09,1402.800048828125,15.279999732971191,229.918,0.13,1.69,0.29,1.92,3.23,97.4525,-2.6
2012-08-10,1405.8699951171875,14.739999771118164,229.918,0.13,1.65,0.27,1.9,3.23,97.4525,-2.6
2012-08-13,1404.1099853515625,13.699999809265137,229.918,0.13,1.65,0.27,1.9,3.24,97.4525,-2.6
2012-08-14,1403.9300537109375,14.850000381469727,229.918,0.13,1.73,0.27,1.91,3.25,97.4525,-2.6
2012-08-15,1405.530029296875,14.630000114440918,229.918,0.13,1.8,0.27,1.89,3.27,97.4525,-2.6
2012-08-16,1415.510009765625,14.289999961853027,229.918,0.13,1.83,0.29,1.9,3.26,97.4525,-2.6
2012-08-17,1418.1600341796875,13.449999809265137,229.918,0.13,1.81,0.29,1.86,3.25,97.4525,-2.6
2012-08-20,1418.1300048828125,14.020000457763672,229.918,0.13,1.82,0.29,1.84,3.23,97.4525,-2.6
2012-08-21,1413.1700439453125,15.020000457763672,229.918,0.13,1.8,0.31,1.86,3.23,97.4525,-2.6
2012-08-22,1413.489990234375,15.109999656677246,229.918,0.13,1.71,0.26,1.88,3.22,97.4525,-2.6
2012-08-23,1402.0799560546875,15.960000038146973,229.918,0.13,1.68,0.26,1.96,3.2,97.4525,-2.6
2012-08-24,1411.1300048828125,15.180000305175781,229.918,0.13,1.68,0.28,1.94,3.21,97.4525,-2.6
2012-08-27,1410.43994140625,16.350000381469727,229.918,0.13,1.65,0.28,1.97,3.19,97.4525,-2.6
2012-08-28,1409.300048828125,16.489999771118164,229.918,0.13,1.64,0.27,1.98,3.19,97.4525,-2.6
2012-08-29,1410.489990234375,17.059999465942383,229.918,0.13,1.66,0.27,1.95,3.19,97.4525,-2.6
2012-08-30,1399.47998046875,17.829999923706055,229.918,0.13,1.63,0.27,1.92,3.2,97.4525,-2.6
2012-08-31,1406.5799560546875,17.469999313354492,229.918,0.13,1.57,0.22,1.95,3.21,97.4525,-2.6
2012-09-04,1404.93994140625,17.979999542236328,231.015,0.14,1.59,0.23,1.97,3.18,97.381,0.2
2012-09-05,1403.43994140625,17.739999771118164,231.015,0.14,1.6,0.25,1.98,3.18,97.381,0.2
2012-09-06,1432.1199951171875,15.600000381469727,231.015,0.14,1.68,0.27,2.01,3.19,97.381,0.2
2012-09-07,1437.9200439453125,14.380000114440918,231.015,0.14,1.67,0.25,2.03,3.2,97.381,0.2
2012-09-10,1429.0799560546875,16.280000686645508,231.015,0.14,1.68,0.25,2.08,3.2,97.381,0.2
2012-09-11,1433.56005859375,16.40999984741211,231.015,0.14,1.7,0.25,2.11,3.18,97.381,0.2
2012-09-12,1436.56005859375,15.800000190734863,231.015,0.14,1.77,0.25,2.12,3.18,97.381,0.2
2012-09-13,1459.989990234375,14.050000190734863,231.015,0.14,1.75,0.24,2.23,3.21,97.381,0.2
2012-09-14,1465.77001953125,14.510000228881836,231.015,0.14,1.88,0.27,2.39,3.15,97.381,0.2
2012-09-17,1461.18994140625,14.59000015258789,231.015,0.14,1.85,0.25,2.31,3.12,97.381,0.2
2012-09-18,1459.3199462890625,14.180000305175781,231.015,0.14,1.82,0.25,2.23,3.09,97.381,0.2
2012-09-19,1461.050048828125,13.880000114440918,231.015,0.14,1.79,0.27,2.19,3.07,97.381,0.2
2012-09-20,1460.260009765625,14.069999694824219,231.015,0.14,1.8,0.27,2.21,3.04,97.381,0.2
2012-09-21,1460.1500244140625,13.979999542236328,231.015,0.14,1.77,0.27,2.18,3.06,97.381,0.2
2012-09-24,1456.8900146484375,14.149999618530273,231.015,0.14,1.74,0.27,2.15,3.02,97.381,0.2
2012-09-25,1441.5899658203125,15.430000305175781,231.015,0.14,1.7,0.27,2.15,3.03,97.381,0.2
2012-09-26,1433.3199462890625,16.809999465942383,231.015,0.14,1.64,0.26,2.09,3.03,97.381,0.2
2012-09-27,1447.1500244140625,14.84000015258789,231.015,0.14,1.66,0.25,2.11,3.05,97.381,0.2
2012-09-28,1440.6700439453125,15.729999542236328,231.015,0.14,1.65,0.23,2.11,3.07,97.381,0.2
2012-10-01,1444.489990234375,16.31999969482422,231.638,0.16,1.64,0.25,2.11,3.06,97.7193,-1.2
2012-10-02,1445.75,15.710000038146973,231.638,0.16,1.64,0.23,2.12,3.04,97.7193,-1.2
2012-10-03,1450.989990234375,15.430000305175781,231.638,0.16,1.64,0.23,2.18,3.03,97.7193,-1.2
2012-10-04,1461.4000244140625,14.550000190734863,231.638,0.16,1.7,0.23,2.25,2.99,97.7193,-1.2
2012-10-05,1460.9300537109375,14.329999923706055,231.638,0.16,1.75,0.27,2.28,2.98,97.7193,-1.2
2012-10-08,1455.8800048828125,15.109999656677246,231.638,0.16,1.75,0.27,2.28,2.98,97.7193,-1.2
2012-10-09,1441.47998046875,16.3700008392334,231.638,0.16,1.74,0.25,2.27,2.93,97.7193,-1.2
2012-10-10,1432.56005859375,16.290000915527344,231.638,0.16,1.72,0.27,2.23,2.9,97.7193,-1.2
2012-10-11,1432.8399658203125,15.59000015258789,231.638,0.16,1.7,0.28,2.19,2.87,97.7193,-1.2
2012-10-12,1428.5899658203125,16.139999389648438,231.638,0.16,1.69,0.27,2.15,2.85,97.7193,-1.2
2012-10-15,1440.1300048828125,15.270000457763672,231.638,0.16,1.7,0.27,2.19,2.83,97.7193,-1.2
2012-10-16,1454.9200439453125,15.220000267028809,231.638,0.16,1.75,0.27,2.18,2.8,97.7193,-1.2
2012-10-17,1460.9100341796875,15.069999694824219,231.638,0.16,1.83,0.3,2.22,2.77,97.7193,-1.2
2012-10-18,1457.3399658203125,15.029999732971191,231.638,0.16,1.86,0.29,2.22,2.72,97.7193,-1.2
2012-10-19,1433.18994140625,17.059999465942383,231.638,0.16,1.79,0.3,2.19,2.71,97.7193,-1.2
2012-10-22,1433.8199462890625,16.6200008392334,231.638,0.16,1.83,0.32,2.18,2.68,97.7193,-1.2
2012-10-23,1413.1099853515625,18.829999923706055,231.638,0.16,1.79,0.29,2.15,2.73,97.7193,-1.2
2012-10-24,1408.75,18.329999923706055,231.638,0.16,1.8,0.29,2.13,2.74,97.7193,-1.2
2012-10-25,1412.969970703125,18.1200008392334,231.638,0.16,1.86,0.31,2.13,2.73,97.7193,-1.2
2012-10-26,1411.93994140625,17.809999465942383,231.638,0.16,1.78,0.3,2.08,2.76,97.7193,-1.2
2012-10-31,1412.1600341796875,18.600000381469727,231.638,0.16,1.72,0.3,2.12,2.73,97.7193,-1.2
2012-11-01,1427.5899658203125,16.690000534057617,231.249,0.16,1.75,0.3,2.13,2.75,98.0777,-10.6
2012-11-02,1414.199951171875,17.59000015258789,231.249,0.16,1.75,0.28,2.12,2.77,98.0777,-10.6
2012-11-05,1417.260009765625,18.420000076293945,231.249,0.16,1.72,0.28,2.07,2.74,98.0777,-10.6
2012-11-06,1428.3900146484375,17.579999923706055,231.249,0.16,1.78,0.3,2.12,2.74,98.0777,-10.6
2012-11-07,1394.530029296875,19.079999923706055,231.249,0.16,1.68,0.27,2.08,2.78,98.0777,-10.6
2012-11-08,1377.510009765625,18.489999771118164,231.249,0.16,1.62,0.27,2.07,2.8,98.0777,-10.6
2012-11-09,1379.8499755859375,18.610000610351562,231.249,0.16,1.61,0.27,2.05,2.82,98.0777,-10.6
2012-11-12,1380.030029296875,16.68000030517578,231.249,0.16,1.61,0.27,2.05,2.82,98.0777,-10.6
2012-11-13,1374.530029296875,16.649999618530273,231.249,0.16,1.59,0.27,2.04,2.85,98.0777,-10.6
2012-11-14,1355.489990234375,17.920000076293945,231.249,0.16,1.59,0.25,2.02,2.87,98.0777,-10.6
2012-11-15,1353.3299560546875,17.989999771118164,231.249,0.16,1.58,0.24,2.0,2.9,98.0777,-10.6
2012-11-16,1359.8800048828125,16.40999984741211,231.249,0.16,1.58,0.24,2.01,2.9,98.0777,-10.6
2012-11-19,1386.8900146484375,15.239999771118164,231.249,0.16,1.61,0.25,2.03,2.91,98.0777,-10.6
2012-11-20,1387.81005859375,15.079999923706055,231.249,0.16,1.66,0.27,2.05,2.9,98.0777,-10.6
2012-11-21,1391.030029296875,15.3100004196167,231.249,0.16,1.69,0.27,2.05,2.89,98.0777,-10.6
2012-11-23,1409.1500244140625,15.140000343322754,231.249,0.16,1.7,0.29,2.06,2.89,98.0777,-10.6
2012-11-26,1406.2900390625,15.5,231.249,0.16,1.66,0.27,2.04,2.9,98.0777,-10.6
2012-11-27,1398.93994140625,15.920000076293945,231.249,0.16,1.64,0.27,2.02,2.91,98.0777,-10.6
2012-11-28,1409.9300537109375,15.510000228881836,231.249,0.16,1.63,0.27,1.99,2.91,98.0777,-10.6
2012-11-29,1415.949951171875,15.0600004196167,231.249,0.16,1.62,0.25,2.0,2.95,98.0777,-10.6
2012-11-30,1416.1800537109375,15.869999885559082,231.249,0.16,1.62,0.25,2.01,2.95,98.0777,-10.6
2012-12-03,1409.4599609375,16.639999389648438,231.221,0.16,1.63,0.25,2.04,2.95,98.3101,2.5
2012-12-04,1407.050048828125,17.1200008392334,231.221,0.16,1.62,0.25,2.04,2.94,98.3101,2.5
2012-12-05,1409.280029296875,16.459999084472656,231.221,0.16,1.6,0.25,2.06,2.97,98.3101,2.5
2012-12-06,1413.93994140625,16.579999923706055,231.221,0.16,1.59,0.25,2.06,2.96,98.3101,2.5
2012-12-07,1418.0699462890625,15.899999618530273,231.221,0.16,1.64,0.25,2.1,2.96,98.3101,2.5
2012-12-10,1418.550048828125,16.049999237060547,231.221,0.16,1.63,0.24,2.05,2.95,98.3101,2.5
2012-12-11,1427.8399658203125,15.569999694824219,231.221,0.16,1.66,0.24,2.07,2.95,98.3101,2.5
2012-12-12,1428.47998046875,15.949999809265137,231.221,0.16,1.72,0.25,2.12,2.94,98.3101,2.5
2012-12-13,1419.449951171875,16.559999465942383,231.221,0.16,1.74,0.27,2.12,2.92,98.3101,2.5
2012-12-14,1413.5799560546875,17.0,231.221,0.16,1.72,0.24,2.11,2.9,98.3101,2.5
2012-12-17,1430.3599853515625,16.34000015258789,231.221,0.16,1.78,0.25,2.11,2.9,98.3101,2.5
2012-12-18,1446.7900390625,15.569999694824219,231.221,0.16,1.84,0.28,2.14,2.92,98.3101,2.5
2012-12-19,1435.81005859375,17.360000610351562,231.221,0.16,1.82,0.28,2.13,2.89,98.3101,2.5
2012-12-20,1443.68994140625,17.670000076293945,231.221,0.16,1.81,0.28,2.16,2.89,98.3101,2.5
2012-12-21,1430.1500244140625,17.84000015258789,231.221,0.16,1.77,0.26,2.1,2.86,98.3101,2.5
2012-12-24,1426.6600341796875,17.84000015258789,231.221,0.16,1.79,0.26,2.13,2.86,98.3101,2.5
2012-12-26,1419.8299560546875,19.479999542236328,231.221,0.16,1.77,0.26,2.11,2.87,98.3101,2.5
2012-12-27,1418.0999755859375,19.469999313354492,231.221,0.16,1.74,0.26,2.11,2.84,98.3101,2.5
2012-12-28,1402.4300537109375,22.719999313354492,231.221,0.16,1.73,0.27,2.06,2.85,98.3101,2.5
2012-12-31,1426.18994140625,18.020000457763672,231.221,0.16,1.78,0.25,2.09,2.85,98.3101,2.5
2013-01-02,1462.4200439453125,14.680000305175781,231.679,0.14,1.86,0.27,2.12,2.85,98.3342,-1.4
2013-01-03,1459.3699951171875,14.5600004196167,231.679,0.14,1.92,0.27,2.11,2.84,98.3342,-1.4
2013-01-04,1466.469970703125,13.829999923706055,231.679,0.14,1.93,0.27,2.13,2.81,98.3342,-1.4
2013-01-07,1461.8900146484375,13.789999961853027,231.679,0.14,1.92,0.27,2.16,2.8,98.3342,-1.4
2013-01-08,1457.1500244140625,13.619999885559082,231.679,0.14,1.89,0.25,2.15,2.81,98.3342,-1.4
2013-01-09,1461.02001953125,13.8100004196167,231.679,0.14,1.88,0.24,2.18,2.81,98.3342,-1.4
2013-01-10,1472.1199951171875,13.489999771118164,231.679,0.14,1.91,0.26,2.2,2.8,98.3342,-1.4
2013-01-11,1472.050048828125,13.359999656677246,231.679,0.14,1.89,0.26,2.18,2.8,98.3342,-1.4
2013-01-14,1470.6800537109375,13.520000457763672,231.679,0.14,1.89,0.26,2.12,2.8,98.3342,-1.4
2013-01-15,1472.3399658203125,13.550000190734863,231.679,0.14,1.86,0.26,2.2,2.81,98.3342,-1.4
2013-01-16,1472.6300048828125,13.420000076293945,231.679,0.14,1.84,0.26,2.18,2.84,98.3342,-1.4
2013-01-17,1480.93994140625,13.569999694824219,231.679,0.14,1.89,0.28,2.19,2.84,98.3342,-1.4
2013-01-18,1485.97998046875,12.460000038146973,231.679,0.14,1.87,0.26,2.2,2.82,98.3342,-1.4
2013-01-22,1492.56005859375,12.430000305175781,231.679,0.14,1.86,0.26,2.15,2.82,98.3342,-1.4
2013-01-23,1494.81005859375,12.460000038146973,231.679,0.14,1.86,0.26,2.21,2.83,98.3342,-1.4
2013-01-24,1494.8199462890625,12.6899995803833,231.679,0.14,1.88,0.23,2.22,2.82,98.3342,-1.4
2013-01-25,1502.9599609375,12.890000343322754,231.679,0.14,1.98,0.28,2.21,2.82,98.3342,-1.4
2013-01-28,1500.1800537109375,13.569999694824219,231.679,0.14,2.0,0.29,2.24,2.82,98.3342,-1.4
2013-01-29,1507.8399658203125,13.3100004196167,231.679,0.14,2.03,0.3,2.27,2.81,98.3342,-1.4
2013-01-30,1501.9599609375,14.319999694824219,231.679,0.14,2.03,0.27,2.26,2.84,98.3342,-1.4
2013-01-31,1498.1099853515625,14.279999732971191,231.679,0.14,2.02,0.27,2.33,2.82,98.3342,-1.4
2013-02-01,1513.1700439453125,12.899999618530273,232.937,0.15,2.04,0.27,2.34,2.84,98.7941,-5.5
2013-02-04,1495.7099609375,14.670000076293945,232.937,0.15,2.0,0.25,2.32,2.85,98.7941,-5.5
2013-02-05,1511.2900390625,13.720000267028809,232.937,0.15,2.04,0.27,2.32,2.85,98.7941,-5.5
2013-02-06,1512.1199951171875,13.40999984741211,232.937,0.15,2.0,0.27,2.32,2.86,98.7941,-5.5
2013-02-07,1509.3900146484375,13.5,232.937,0.15,1.99,0.25,2.29,2.85,98.7941,-5.5
2013-02-08,1517.9300537109375,13.020000457763672,232.937,0.15,1.99,0.25,2.21,2.86,98.7941,-5.5
2013-02-11,1517.010009765625,12.9399995803833,232.937,0.15,1.99,0.27,2.26,2.84,98.7941,-5.5
2013-02-12,1519.4300537109375,12.640000343322754,232.937,0.15,2.02,0.29,2.2,2.85,98.7941,-5.5
2013-02-13,1520.3299560546875,12.979999542236328,232.937,0.15,2.05,0.29,2.26,2.84,98.7941,-5.5
2013-02-14,1521.3800048828125,12.65999984741211,232.937,0.15,2.0,0.27,2.22,2.85,98.7941,-5.5
2013-02-15,1519.7900390625,12.460000038146973,232.937,0.15,2.01,0.29,2.19,2.85,98.7941,-5.5
2013-02-19,1530.93994140625,12.3100004196167,232.937,0.15,2.03,0.29,2.2,2.86,98.7941,-5.5
2013-02-20,1511.949951171875,14.680000305175781,232.937,0.15,2.02,0.27,2.19,2.87,98.7941,-5.5
2013-02-21,1502.4200439453125,15.220000267028809,232.937,0.15,1.99,0.26,2.19,2.87,98.7941,-5.5
2013-02-22,1515.5999755859375,14.170000076293945,232.937,0.15,1.97,0.27,2.2,2.87,98.7941,-5.5
2013-02-25,1487.8499755859375,18.989999771118164,232.937,0.15,1.88,0.25,2.19,2.89,98.7941,-5.5
2013-02-26,1496.93994140625,16.8700008392334,232.937,0.15,1.88,0.25,2.18,2.9,98.7941,-5.5
2013-02-27,1515.989990234375,14.729999542236328,232.937,0.15,1.91,0.27,2.18,2.9,98.7941,-5.5
2013-02-28,1514.6800537109375,15.510000228881836,232.937,0.15,1.89,0.25,2.18,2.89,98.7941,-5.5
2013-03-01,1518.199951171875,15.359999656677246,232.282,0.14,1.86,0.25,2.2,2.9,99.1921,2.1
2013-03-04,1525.199951171875,14.010000228881836,232.282,0.14,1.88,0.24,2.22,2.9,99.1921,2.1
2013-03-05,1539.7900390625,13.479999542236328,232.282,0.14,1.9,0.25,2.26,2.9,99.1921,2.1
2013-03-06,1541.4599609375,13.529999732971191,232.282,0.14,1.95,0.25,2.27,2.89,99.1921,2.1
2013-03-07,1544.260009765625,13.0600004196167,232.282,0.14,2.0,0.25,2.22,2.89,99.1921,2.1
2013-03-08,1551.1800537109375,12.59000015258789,232.282,0.14,2.06,0.27,2.18,2.88,99.1921,2.1
2013-03-11,1556.219970703125,11.5600004196167,232.282,0.14,2.07,0.27,2.28,2.87,99.1921,2.1
2013-03-12,1552.47998046875,12.270000457763672,232.282,0.14,2.03,0.27,2.27,2.87,99.1921,2.1
2013-03-13,1554.52001953125,11.829999923706055,232.282,0.14,2.04,0.27,2.29,2.85,99.1921,2.1
2013-03-14,1563.22998046875,11.300000190734863,232.282,0.14,2.04,0.27,2.31,2.88,99.1921,2.1
2013-03-15,1560.699951171875,11.300000190734863,232.282,0.14,2.01,0.25,2.3,2.89,99.1921,2.1
2013-03-18,1552.0999755859375,13.359999656677246,232.282,0.14,1.96,0.26,2.26,2.91,99.1921,2.1
2013-03-19,1548.3399658203125,14.390000343322754,232.282,0.14,1.92,0.24,2.25,2.9,99.1921,2.1
2013-03-20,1558.7099609375,12.670000076293945,232.282,0.14,1.96,0.26,2.25,2.9,99.1921,2.1
2013-03-21,1545.800048828125,13.989999771118164,232.282,0.14,1.95,0.27,2.22,2.9,99.1921,2.1
2013-03-22,1556.8900146484375,13.569999694824219,232.282,0.14,1.93,0.26,2.23,2.9,99.1921,2.1
2013-03-25,1551.68994140625,13.739999771118164,232.282,0.14,1.93,0.24,2.24,2.91,99.1921,2.1
2013-03-26,1563.77001953125,12.770000457763672,232.282,0.14,1.92,0.25,2.21,2.91,99.1921,2.1
2013-03-27,1562.8499755859375,13.149999618530273,232.282,0.14,1.87,0.25,2.22,2.93,99.1921,2.1
2013-03-28,1569.18994140625,12.699999809265137,232.282,0.14,1.87,0.25,2.24,2.96,99.1921,2.1
2013-04-01,1562.1700439453125,13.579999923706055,231.797,0.15,1.86,0.23,2.23,2.91,99.1065,0.4
2013-04-02,1570.25,12.779999732971191,231.797,0.15,1.88,0.25,2.22,2.91,99.1065,0.4
2013-04-03,1553.68994140625,14.210000038146973,231.797,0.15,1.83,0.24,2.18,2.91,99.1065,0.4
2013-04-04,1559.97998046875,13.890000343322754,231.797,0.15,1.78,0.22,2.13,2.88,99.1065,0.4
2013-04-05,1553.280029296875,13.920000076293945,231.797,0.15,1.72,0.24,2.1,2.82,99.1065,0.4
2013-04-08,1563.0699462890625,13.1899995803833,231.797,0.15,1.76,0.24,2.14,2.82,99.1065,0.4
2013-04-09,1568.6099853515625,12.84000015258789,231.797,0.15,1.78,0.24,2.06,2.82,99.1065,0.4
2013-04-10,1587.72998046875,12.359999656677246,231.797,0.15,1.84,0.24,2.1,2.83,99.1065,0.4
2013-04-11,1593.3699951171875,12.239999771118164,231.797,0.15,1.82,0.24,2.12,2.84,99.1065,0.4
2013-04-12,1588.8499755859375,12.0600004196167,231.797,0.15,1.75,0.22,2.11,2.82,99.1065,0.4
2013-04-15,1552.3599853515625,17.270000457763672,231.797,0.15,1.72,0.22,2.02,2.82,99.1065,0.4
2013-04-16,1574.5699462890625,13.960000038146973,231.797,0.15,1.75,0.24,2.02,2.81,99.1065,0.4
2013-04-17,1552.010009765625,16.510000228881836,231.797,0.15,1.73,0.24,1.98,2.81,99.1065,0.4
2013-04-18,1541.6099853515625,17.559999465942383,231.797,0.15,1.72,0.24,2.0,2.8,99.1065,0.4
2013-04-19,1555.25,14.970000267028809,231.797,0.15,1.73,0.24,2.04,2.81,99.1065,0.4
2013-04-22,1562.5,14.390000343322754,231.797,0.15,1.72,0.24,2.04,2.82,99.1065,0.4
2013-04-23,1578.780029296875,13.479999542236328,231.797,0.15,1.74,0.23,2.04,2.8,99.1065,0.4
2013-04-24,1578.7900390625,13.609999656677246,231.797,0.15,1.73,0.23,2.07,2.8,99.1065,0.4
2013-04-25,1585.1600341796875,13.619999885559082,231.797,0.15,1.74,0.23,2.12,2.81,99.1065,0.4
2013-04-26,1582.239990234375,13.609999656677246,231.797,0.15,1.7,0.22,2.11,2.81,99.1065,0.4
2013-04-29,1593.6099853515625,13.710000038146973,231.797,0.15,1.7,0.2,2.1,2.82,99.1065,0.4
2013-04-30,1597.5699462890625,13.520000457763672,231.797,0.15,1.7,0.22,2.06,2.83,99.1065,0.4
2013-05-01,1582.699951171875,14.489999771118164,231.893,0.11,1.66,0.2,1.98,2.82,99.1839,0.3
2013-05-02,1597.5899658203125,13.59000015258789,231.893,0.11,1.66,0.2,1.99,2.81,99.1839,0.3
2013-05-03,1614.4200439453125,12.850000381469727,231.893,0.11,1.78,0.22,2.03,2.82,99.1839,0.3
2013-05-06,1617.5,12.65999984741211,231.893,0.11,1.8,0.22,2.05,2.83,99.1839,0.3
2013-05-07,1625.9599609375,12.829999923706055,231.893,0.11,1.82,0.22,2.05,2.82,99.1839,0.3
2013-05-08,1632.68994140625,12.65999984741211,231.893,0.11,1.81,0.22,2.03,2.8,99.1839,0.3
2013-05-09,1626.6700439453125,13.130000114440918,231.893,0.11,1.81,0.22,2.02,2.82,99.1839,0.3
2013-05-10,1633.699951171875,12.59000015258789,231.893,0.11,1.9,0.26,2.05,2.82,99.1839,0.3
2013-05-13,1633.77001953125,12.550000190734863,231.893,0.11,1.92,0.24,2.02,2.81,99.1839,0.3
2013-05-14,1650.3399658203125,12.770000457763672,231.893,0.11,1.96,0.26,2.03,2.81,99.1839,0.3
2013-05-15,1658.780029296875,12.8100004196167,231.893,0.11,1.94,0.26,2.01,2.82,99.1839,0.3
2013-05-16,1650.469970703125,13.069999694824219,231.893,0.11,1.87,0.23,1.97,2.81,99.1839,0.3
2013-05-17,1667.469970703125,12.449999809265137,231.893,0.11,1.95,0.26,1.98,2.81,99.1839,0.3
2013-05-20,1666.2900390625,13.020000457763672,231.893,0.11,1.97,0.26,2.0,2.8,99.1839,0.3
2013-05-21,1669.1600341796875,13.369999885559082,231.893,0.11,1.94,0.26,1.99,2.81,99.1839,0.3
2013-05-22,1655.3499755859375,13.819999694824219,231.893,0.11,2.03,0.26,1.97,2.78,99.1839,0.3
2013-05-23,1650.510009765625,14.069999694824219,231.893,0.11,2.02,0.26,1.93,2.77,99.1839,0.3
2013-05-24,1649.5999755859375,13.989999771118164,231.893,0.11,2.01,0.26,1.93,2.75,99.1839,0.3
2013-05-28,1660.06005859375,14.479999542236328,231.893,0.11,2.15,0.29,1.96,2.73,99.1839,0.3
2013-05-29,1648.3599853515625,14.829999923706055,231.893,0.11,2.13,0.3,1.91,2.75,99.1839,0.3
2013-05-30,1654.4100341796875,14.529999732971191,231.893,0.11,2.13,0.31,1.83,2.77,99.1839,0.3
2013-05-31,1630.739990234375,16.299999237060547,231.893,0.11,2.16,0.3,1.87,2.79,99.1839,0.3
2013-06-03,1640.4200439453125,16.280000686645508,232.445,0.09,2.13,0.3,1.89,2.82,99.3897,12.7
2013-06-04,1631.3800048828125,16.270000457763672,232.445,0.09,2.14,0.32,1.92,2.86,99.3897,12.7
2013-06-05,1608.9000244140625,17.5,232.445,0.09,2.1,0.3,1.88,2.89,99.3897,12.7
2013-06-06,1622.56005859375,16.6299991607666,232.445,0.09,2.08,0.3,1.87,2.88,99.3897,12.7
2013-06-07,1643.3800048828125,15.140000343322754,232.445,0.09,2.17,0.32,1.89,2.89,99.3897,12.7
2013-06-10,1642.81005859375,15.4399995803833,232.445,0.09,2.22,0.32,1.85,2.89,99.3897,12.7
2013-06-11,1626.1300048828125,17.06999969482422,232.445,0.09,2.2,0.34,1.83,2.91,99.3897,12.7
2013-06-12,1612.52001953125,18.59000015258789,232.445,0.09,2.25,0.34,1.81,2.91,99.3897,12.7
2013-06-13,1636.3599853515625,16.40999984741211,232.445,0.09,2.19,0.32,1.8,2.92,99.3897,12.7
2013-06-14,1626.72998046875,17.149999618530273,232.445,0.09,2.14,0.29,1.82,2.93,99.3897,12.7
2013-06-17,1639.0400390625,16.799999237060547,232.445,0.09,2.19,0.27,1.8,2.93,99.3897,12.7
2013-06-18,1651.81005859375,16.610000610351562,232.445,0.09,2.2,0.27,1.84,2.92,99.3897,12.7
2013-06-19,1628.9300537109375,16.639999389648438,232.445,0.09,2.33,0.31,1.83,2.87,99.3897,12.7
2013-06-20,1588.18994140625,20.489999771118164,232.445,0.09,2.41,0.33,1.74,2.93,99.3897,12.7
2013-06-21,1592.4300537109375,18.899999618530273,232.445,0.09,2.52,0.38,1.66,2.87,99.3897,12.7
2013-06-24,1573.0899658203125,20.110000610351562,232.445,0.09,2.57,0.42,1.62,2.86,99.3897,12.7
2013-06-25,1588.030029296875,18.469999313354492,232.445,0.09,2.6,0.43,1.65,2.88,99.3897,12.7
2013-06-26,1603.260009765625,17.209999084472656,232.445,0.09,2.55,0.39,1.67,2.89,99.3897,12.7
2013-06-27,1613.199951171875,16.860000610351562,232.445,0.09,2.49,0.36,1.73,2.92,99.3897,12.7
2013-06-28,1606.280029296875,16.860000610351562,232.445,0.09,2.52,0.36,1.76,2.83,99.3897,12.7
2013-07-01,1614.9599609375,16.3700008392334,232.9,0.09,2.5,0.34,1.8,2.83,99.0814,15.9
2013-07-02,1614.0799560546875,16.440000534057617,232.9,0.09,2.48,0.34,1.82,2.81,99.0814,15.9
2013-07-03,1615.4100341796875,16.200000762939453,232.9,0.09,2.52,0.36,1.83,2.8,99.0814,15.9
2013-07-05,1631.8900146484375,14.890000343322754,232.9,0.09,2.73,0.4,1.87,2.77,99.0814,15.9
2013-07-08,1640.4599609375,14.779999732971191,232.9,0.09,2.65,0.37,1.87,2.79,99.0814,15.9
2013-07-09,1652.3199462890625,14.350000381469727,232.9,0.09,2.65,0.37,1.86,2.78,99.0814,15.9
2013-07-10,1652.6199951171875,14.210000038146973,232.9,0.09,2.7,0.38,1.87,2.75,99.0814,15.9
2013-07-11,1675.02001953125,14.010000228881836,232.9,0.09,2.6,0.34,1.82,2.77,99.0814,15.9
2013-07-12,1680.18994140625,13.84000015258789,232.9,0.09,2.61,0.37,1.84,2.77,99.0814,15.9
2013-07-15,1682.5,13.789999961853027,232.9,0.09,2.57,0.34,1.86,2.76,99.0814,15.9
2013-07-16,1676.260009765625,14.420000076293945,232.9,0.09,2.55,0.34,1.89,2.74,99.0814,15.9
2013-07-17,1680.9100341796875,13.779999732971191,232.9,0.09,2.52,0.32,1.9,2.74,99.0814,15.9
2013-07-18,1689.3699951171875,13.770000457763672,232.9,0.09,2.56,0.32,1.89,2.75,99.0814,15.9
2013-07-19,1692.0899658203125,12.539999961853027,232.9,0.09,2.5,0.32,1.91,2.74,99.0814,15.9
2013-07-22,1695.530029296875,12.289999961853027,232.9,0.09,2.5,0.32,1.91,2.71,99.0814,15.9
2013-07-23,1692.3900146484375,12.65999984741211,232.9,0.09,2.53,0.33,1.9,2.7,99.0814,15.9
2013-07-24,1685.93994140625,13.180000305175781,232.9,0.09,2.61,0.34,1.87,2.67,99.0814,15.9
2013-07-25,1690.25,12.970000267028809,232.9,0.09,2.61,0.32,1.83,2.69,99.0814,15.9
2013-07-26,1691.6500244140625,12.720000267028809,232.9,0.09,2.58,0.31,1.83,2.67,99.0814,15.9
2013-07-29,1685.3299560546875,13.390000343322754,232.9,0.09,2.61,0.33,1.81,2.69,99.0814,15.9
2013-07-30,1685.9599609375,13.390000343322754,232.9,0.09,2.63,0.33,1.82,2.68,99.0814,15.9
2013-07-31,1685.72998046875,13.449999809265137,232.9,0.09,2.6,0.31,1.87,2.68,99.0814,15.9
2013-08-01,1706.8699951171875,12.9399995803833,233.456,0.08,2.74,0.35,1.94,2.66,99.6543,8.0
2013-08-02,1709.6700439453125,11.979999542236328,233.456,0.08,2.63,0.3,1.91,2.68,99.6543,8.0
2013-08-05,1707.1400146484375,11.84000015258789,233.456,0.08,2.67,0.32,1.92,2.7,99.6543,8.0
2013-08-06,1697.3699951171875,12.720000267028809,233.456,0.08,2.67,0.32,1.94,2.69,99.6543,8.0
2013-08-07,1690.9100341796875,12.979999542236328,233.456,0.08,2.61,0.32,1.93,2.72,99.6543,8.0
2013-08-08,1697.47998046875,12.729999542236328,233.456,0.08,2.58,0.3,1.9,2.73,99.6543,8.0
2013-08-09,1691.4200439453125,13.40999984741211,233.456,0.08,2.57,0.32,1.91,2.74,99.6543,8.0
2013-08-12,1689.469970703125,12.8100004196167,233.456,0.08,2.61,0.32,1.91,2.72,99.6543,8.0
2013-08-13,1694.1600341796875,12.3100004196167,233.456,0.08,2.71,0.34,1.92,2.72,99.6543,8.0
2013-08-14,1685.3900146484375,13.039999961853027,233.456,0.08,2.71,0.34,1.86,2.72,99.6543,8.0
2013-08-15,1661.3199462890625,14.729999542236328,233.456,0.08,2.77,0.36,1.83,2.7,99.6543,8.0
2013-08-16,1655.8299560546875,14.369999885559082,233.456,0.08,2.84,0.36,1.79,2.7,99.6543,8.0
2013-08-19,1646.06005859375,15.100000381469727,233.456,0.08,2.88,0.36,1.76,2.7,99.6543,8.0
2013-08-20,1652.3499755859375,14.90999984741211,233.456,0.08,2.82,0.36,1.78,2.72,99.6543,8.0
2013-08-21,1642.800048828125,15.9399995803833,233.456,0.08,2.87,0.38,1.77,2.71,99.6543,8.0
2013-08-22,1656.9599609375,14.760000228881836,233.456,0.08,2.9,0.42,1.77,2.68,99.6543,8.0
2013-08-23,1663.5,13.979999542236328,233.456,0.08,2.82,0.4,1.82,2.67,99.6543,8.0
2013-08-26,1656.780029296875,14.989999771118164,233.456,0.08,2.79,0.41,1.82,2.67,99.6543,8.0
2013-08-27,1630.47998046875,16.770000457763672,233.456,0.08,2.72,0.38,1.86,2.66,99.6543,8.0
2013-08-28,1634.9599609375,16.489999771118164,233.456,0.08,2.78,0.4,1.85,2.65,99.6543,8.0
2013-08-29,1638.1700439453125,16.809999465942383,233.456,0.08,2.75,0.39,1.8,2.62,99.6543,8.0
2013-08-30,1632.969970703125,17.010000228881836,233.456,0.08,2.78,0.39,1.78,2.56,99.6543,8.0
2013-09-03,1639.77001953125,16.610000610351562,233.544,0.08,2.86,0.43,1.76,2.58,100.161,20.6
2013-09-04,1653.0799560546875,15.880000114440918,233.544,0.08,2.9,0.46,1.74,2.55,100.161,20.6
2013-09-05,1655.0799560546875,15.770000457763672,233.544,0.08,2.98,0.52,1.71,2.55,100.161,20.6
2013-09-06,1655.1700439453125,15.850000381469727,233.544,0.08,2.94,0.46,1.71,2.59,100.161,20.6
2013-09-09,1671.7099609375,15.630000114440918,233.544,0.08,2.9,0.45,1.69,2.6,100.161,20.6
2013-09-10,1683.989990234375,14.529999732971191,233.544,0.08,2.96,0.5,1.74,2.61,100.161,20.6
2013-09-11,1689.1300048828125,13.819999694824219,233.544,0.08,2.93,0.47,1.76,2.61,100.161,20.6
2013-09-12,1683.4200439453125,14.289999961853027,233.544,0.08,2.92,0.45,1.75,2.61,100.161,20.6
2013-09-13,1687.989990234375,14.15999984741211,233.544,0.08,2.9,0.45,1.75,2.64,100.161,20.6
2013-09-16,1697.5999755859375,14.380000114440918,233.544,0.08,2.88,0.41,1.76,2.68,100.161,20.6
2013-09-17,1704.760009765625,14.529999732971191,233.544,0.08,2.86,0.39,1.79,2.67,100.161,20.6
2013-09-18,1725.52001953125,13.59000015258789,233.544,0.08,2.69,0.34,1.84,2.75,100.161,20.6
2013-09-19,1722.3399658203125,13.15999984741211,233.544,0.08,2.76,0.34,1.83,2.72,100.161,20.6
2013-09-20,1709.9100341796875,13.119999885559082,233.544,0.08,2.75,0.34,1.85,2.68,100.161,20.6
2013-09-23,1701.8399658203125,14.3100004196167,233.544,0.08,2.72,0.35,1.84,2.7,100.161,20.6
2013-09-24,1697.4200439453125,14.079999923706055,233.544,0.08,2.67,0.35,1.77,2.68,100.161,20.6
2013-09-25,1692.77001953125,14.010000228881836,233.544,0.08,2.63,0.36,1.79,2.7,100.161,20.6
2013-09-26,1698.6700439453125,14.0600004196167,233.544,0.08,2.66,0.34,1.77,2.72,100.161,20.6
2013-09-27,1691.75,15.460000038146973,233.544,0.08,2.64,0.34,1.76,2.73,100.161,20.6
2013-09-30,1681.550048828125,16.600000381469727,233.544,0.08,2.64,0.33,1.74,2.75,100.161,20.6
2013-10-01,1695.0,15.539999961853027,233.669,0.09,2.66,0.33,1.77,2.76,100.082,13.4
2013-10-02,1693.8699951171875,16.600000381469727,233.669,0.09,2.63,0.31,1.8,2.77,100.082,13.4
2013-10-03,1678.6600341796875,17.670000076293945,233.669,0.09,2.62,0.33,1.77,2.78,100.082,13.4
2013-10-04,1690.5,16.739999771118164,233.669,0.09,2.66,0.33,1.79,2.76,100.082,13.4
2013-10-07,1676.1199951171875,19.40999984741211,233.669,0.09,2.65,0.37,1.79,2.74,100.082,13.4
2013-10-08,1655.449951171875,20.34000015258789,233.669,0.09,2.66,0.4,1.76,2.71,100.082,13.4
2013-10-09,1656.4000244140625,19.600000381469727,233.669,0.09,2.68,0.37,1.78,2.71,100.082,13.4
2013-10-10,1692.56005859375,16.479999542236328,233.669,0.09,2.71,0.35,1.81,2.68,100.082,13.4
2013-10-11,1703.199951171875,15.720000267028809,233.669,0.09,2.7,0.35,1.79,2.68,100.082,13.4
2013-10-14,1710.1400146484375,16.06999969482422,233.669,0.09,2.7,0.35,1.79,2.68,100.082,13.4
2013-10-15,1698.06005859375,18.65999984741211,233.669,0.09,2.75,0.37,1.79,2.66,100.082,13.4
2013-10-16,1721.5400390625,14.710000038146973,233.669,0.09,2.69,0.34,1.79,2.66,100.082,13.4
2013-10-17,1733.1500244140625,13.479999542236328,233.669,0.09,2.61,0.33,1.77,2.66,100.082,13.4
2013-10-18,1744.5,13.039999961853027,233.669,0.09,2.6,0.33,1.78,2.66,100.082,13.4
2013-10-21,1744.6600341796875,13.15999984741211,233.669,0.09,2.63,0.33,1.79,2.65,100.082,13.4
2013-10-22,1754.6700439453125,13.329999923706055,233.669,0.09,2.54,0.31,1.76,2.66,100.082,13.4
2013-10-23,1746.3800048828125,13.420000076293945,233.669,0.09,2.51,0.31,1.76,2.67,100.082,13.4
2013-10-24,1752.0699462890625,13.199999809265137,233.669,0.09,2.53,0.33,1.77,2.68,100.082,13.4
2013-10-25,1759.77001953125,13.09000015258789,233.669,0.09,2.53,0.32,1.77,2.66,100.082,13.4
2013-10-28,1762.1099853515625,13.3100004196167,233.669,0.09,2.54,0.32,1.79,2.66,100.082,13.4
2013-10-29,1771.949951171875,13.40999984741211,233.669,0.09,2.53,0.31,1.76,2.69,100.082,13.4
2013-10-30,1763.31005859375,13.649999618530273,233.669,0.09,2.55,0.33,1.77,2.68,100.082,13.4
2013-10-31,1756.5400390625,13.75,233.669,0.09,2.57,0.31,1.74,2.65,100.082,13.4
2013-11-01,1761.6400146484375,13.279999732971191,234.1,0.08,2.65,0.33,1.7,2.64,100.3158,4.8
2013-11-04,1767.9300537109375,12.930000305175781,234.1,0.08,2.63,0.32,1.71,2.66,100.3158,4.8
2013-11-05,1762.969970703125,13.270000457763672,234.1,0.08,2.69,0.32,1.72,2.66,100.3158,4.8
2013-11-06,1770.489990234375,12.670000076293945,234.1,0.08,2.67,0.3,1.77,2.7,100.3158,4.8
2013-11-07,1747.1500244140625,13.90999984741211,234.1,0.08,2.63,0.29,1.76,2.7,100.3158,4.8
2013-11-08,1770.6099853515625,12.899999618530273,234.1,0.08,2.77,0.32,1.77,2.69,100.3158,4.8
2013-11-11,1771.8900146484375,12.529999732971191,234.1,0.08,2.77,0.32,1.77,2.69,100.3158,4.8
2013-11-12,1767.68994140625,12.819999694824219,234.1,0.08,2.8,0.34,1.79,2.67,100.3158,4.8
2013-11-13,1782.0,12.520000457763672,234.1,0.08,2.75,0.32,1.79,2.69,100.3158,4.8
2013-11-14,1790.6199951171875,12.369999885559082,234.1,0.08,2.69,0.29,1.8,2.72,100.3158,4.8
2013-11-15,1798.1800537109375,12.1899995803833,234.1,0.08,2.71,0.31,1.8,2.7,100.3158,4.8
2013-11-18,1791.530029296875,13.100000381469727,234.1,0.08,2.67,0.31,1.8,2.66,100.3158,4.8
2013-11-19,1787.8699951171875,13.390000343322754,234.1,0.08,2.71,0.29,1.77,2.66,100.3158,4.8
2013-11-20,1781.3699951171875,13.399999618530273,234.1,0.08,2.8,0.28,1.75,2.67,100.3158,4.8
2013-11-21,1795.8499755859375,12.65999984741211,234.1,0.08,2.79,0.29,1.76,2.65,100.3158,4.8
2013-11-22,1804.760009765625,12.260000228881836,234.1,0.08,2.75,0.31,1.76,2.65,100.3158,4.8
2013-11-25,1802.47998046875,12.789999961853027,234.1,0.08,2.74,0.3,1.75,2.65,100.3158,4.8
2013-11-26,1802.75,12.8100004196167,234.1,0.08,2.71,0.29,1.71,2.63,100.3158,4.8
2013-11-27,1807.22998046875,12.979999542236328,234.1,0.08,2.74,0.28,1.71,2.63,100.3158,4.8
2013-11-29,1805.81005859375,13.699999809265137,234.1,0.08,2.75,0.28,1.69,2.61,100.3158,4.8
2013-12-02,1800.9000244140625,14.229999542236328,234.719,0.09,2.81,0.3,1.7,2.6,100.5175,3.9
2013-12-03,1795.1500244140625,14.550000190734863,234.719,0.09,2.79,0.28,1.69,2.6,100.5175,3.9
2013-12-04,1792.81005859375,14.699999809265137,234.719,0.09,2.84,0.3,1.64,2.62,100.5175,3.9
2013-12-05,1785.030029296875,15.079999923706055,234.719,0.09,2.88,0.3,1.66,2.59,100.5175,3.9
2013-12-06,1805.0899658203125,13.789999961853027,234.719,0.09,2.88,0.3,1.65,2.58,100.5175,3.9
2013-12-09,1808.3699951171875,13.489999771118164,234.719,0.09,2.86,0.3,1.63,2.57,100.5175,3.9
2013-12-10,1802.6199951171875,13.90999984741211,234.719,0.09,2.81,0.3,1.64,2.56,100.5175,3.9
2013-12-11,1782.219970703125,15.420000076293945,234.719,0.09,2.86,0.31,1.65,2.55,100.5175,3.9
2013-12-12,1775.5,15.539999961853027,234.719,0.09,2.89,0.34,1.65,2.53,100.5175,3.9
2013-12-13,1775.3199462890625,15.760000228881836,234.719,0.09,2.88,0.34,1.66,2.5,100.5175,3.9
2013-12-16,1786.5400390625,16.030000686645508,234.719,0.09,2.89,0.34,1.68,2.5,100.5175,3.9
2013-12-17,1781.0,16.209999084472656,234.719,0.09,2.85,0.34,1.69,2.5,100.5175,3.9
2013-12-18,1810.6500244140625,13.800000190734863,234.719,0.09,2.89,0.32,1.67,2.5,100.5175,3.9
2013-12-19,1809.5999755859375,14.149999618530273,234.719,0.09,2.94,0.35,1.75,2.42,100.5175,3.9
2013-12-20,1818.3199462890625,13.789999961853027,234.719,0.09,2.89,0.37,1.64,2.38,100.5175,3.9
2013-12-23,1827.989990234375,13.039999961853027,234.719,0.09,2.94,0.38,1.67,2.35,100.5175,3.9
2013-12-24,1833.3199462890625,12.479999542236328,234.719,0.09,2.99,0.38,1.68,2.36,100.5175,3.9
2013-12-26,1842.02001953125,12.329999923706055,234.719,0.09,3.0,0.42,1.7,2.37,100.5175,3.9
2013-12-27,1841.4000244140625,12.460000038146973,234.719,0.09,3.02,0.4,1.68,2.37,100.5175,3.9
2013-12-30,1841.0699462890625,13.5600004196167,234.719,0.09,2.99,0.39,1.64,2.35,100.5175,3.9
2013-12-31,1848.3599853515625,13.720000267028809,234.719,0.09,3.04,0.38,1.69,2.33,100.5175,3.9
2014-01-02,1831.97998046875,14.229999542236328,235.288,0.07,3.0,0.39,1.71,2.34,100.1599,15.4
2014-01-03,1831.3699951171875,13.760000228881836,235.288,0.07,3.01,0.41,1.69,2.34,100.1599,15.4
2014-01-06,1826.77001953125,13.550000190734863,235.288,0.07,2.98,0.4,1.75,2.32,100.1599,15.4
2014-01-07,1837.8800048828125,12.920000076293945,235.288,0.07,2.96,0.4,1.83,2.32,100.1599,15.4
2014-01-08,1837.489990234375,12.869999885559082,235.288,0.07,3.01,0.43,1.76,2.31,100.1599,15.4
2014-01-09,1838.1300048828125,12.890000343322754,235.288,0.07,2.97,0.44,1.83,2.31,100.1599,15.4
2014-01-10,1842.3699951171875,12.140000343322754,235.288,0.07,2.88,0.39,1.75,2.32,100.1599,15.4
2014-01-13,1819.199951171875,13.279999732971191,235.288,0.07,2.84,0.39,1.71,2.34,100.1599,15.4
2014-01-14,1838.8800048828125,12.279999732971191,235.288,0.07,2.88,0.39,1.76,2.34,100.1599,15.4
2014-01-15,1848.3800048828125,12.279999732971191,235.288,0.07,2.9,0.41,1.72,2.32,100.1599,15.4
2014-01-16,1845.8900146484375,12.529999732971191,235.288,0.07,2.86,0.41,1.74,2.32,100.1599,15.4
2014-01-17,1838.699951171875,12.4399995803833,235.288,0.07,2.84,0.4,1.72,2.33,100.1599,15.4
2014-01-21,1843.800048828125,12.869999885559082,235.288,0.07,2.85,0.4,1.71,2.3,100.1599,15.4
2014-01-22,1844.8599853515625,12.84000015258789,235.288,0.07,2.87,0.44,1.79,2.3,100.1599,15.4
2014-01-23,1828.4599609375,13.770000457763672,235.288,0.07,2.79,0.39,1.72,2.32,100.1599,15.4
2014-01-24,1790.2900390625,18.139999389648438,235.288,0.07,2.75,0.37,1.68,2.35,100.1599,15.4
2014-01-27,1781.56005859375,17.420000076293945,235.288,0.07,2.78,0.37,1.72,2.36,100.1599,15.4
2014-01-28,1792.5,15.800000190734863,235.288,0.07,2.77,0.38,1.71,2.35,100.1599,15.4
2014-01-29,1774.199951171875,17.350000381469727,235.288,0.07,2.69,0.36,1.72,2.38,100.1599,15.4
2014-01-30,1794.18994140625,17.290000915527344,235.288,0.07,2.72,0.36,1.76,2.36,100.1599,15.4
2014-01-31,1782.5899658203125,18.40999984741211,235.288,0.07,2.67,0.34,1.72,2.4,100.1599,15.4
2014-02-03,1741.8900146484375,21.440000534057617,235.547,0.07,2.61,0.3,1.7,2.39,100.9168,2.1
2014-02-04,1755.199951171875,19.110000610351562,235.547,0.07,2.64,0.31,1.77,2.41,100.9168,2.1
2014-02-05,1751.6400146484375,19.950000762939453,235.547,0.07,2.7,0.32,1.78,2.42,100.9168,2.1
2014-02-06,1773.4300537109375,17.229999542236328,235.547,0.07,2.73,0.33,1.82,2.4,100.9168,2.1
2014-02-07,1797.02001953125,15.289999961853027,235.547,0.07,2.71,0.3,1.77,2.42,100.9168,2.1
2014-02-10,1799.8399658203125,15.260000228881836,235.547,0.07,2.7,0.32,1.79,2.42,100.9168,2.1
2014-02-11,1819.75,14.510000228881836,235.547,0.07,2.75,0.35,1.8,2.39,100.9168,2.1
2014-02-12,1819.260009765625,14.300000190734863,235.547,0.07,2.8,0.35,1.83,2.36,100.9168,2.1
2014-02-13,1829.8299560546875,14.140000343322754,235.547,0.07,2.73,0.32,1.77,2.39,100.9168,2.1
2014-02-14,1838.6300048828125,13.569999694824219,235.547,0.07,2.75,0.32,1.67,2.38,100.9168,2.1
2014-02-18,1840.760009765625,13.869999885559082,235.547,0.07,2.71,0.31,1.79,2.4,100.9168,2.1
2014-02-19,1828.75,15.5,235.547,0.07,2.73,0.33,1.78,2.41,100.9168,2.1
2014-02-20,1839.780029296875,14.789999961853027,235.547,0.07,2.76,0.34,1.78,2.39,100.9168,2.1
2014-02-21,1836.25,14.680000305175781,235.547,0.07,2.73,0.33,1.74,2.38,100.9168,2.1
2014-02-24,1847.6099853515625,14.229999542236328,235.547,0.07,2.75,0.35,1.78,2.38,100.9168,2.1
2014-02-25,1845.1199951171875,13.670000076293945,235.547,0.07,2.7,0.34,1.78,2.38,100.9168,2.1
2014-02-26,1845.1600341796875,14.350000381469727,235.547,0.07,2.67,0.33,1.76,2.38,100.9168,2.1
2014-02-27,1854.2900390625,14.039999961853027,235.547,0.07,2.65,0.33,1.81,2.36,100.9168,2.1
2014-02-28,1859.449951171875,14.0,235.547,0.07,2.66,0.33,1.79,2.35,100.9168,2.1
2014-03-03,1845.72998046875,16.0,236.028,0.08,2.6,0.32,1.78,2.37,101.8942,12.6
2014-03-04,1873.9100341796875,14.100000381469727,236.028,0.08,2.7,0.33,1.79,2.35,101.8942,12.6
2014-03-05,1873.81005859375,13.890000343322754,236.028,0.08,2.7,0.33,1.8,2.36,101.8942,12.6
2014-03-06,1877.030029296875,14.210000038146973,236.028,0.08,2.74,0.37,1.84,2.37,101.8942,12.6
2014-03-07,1878.0400390625,14.109999656677246,236.028,0.08,2.8,0.38,1.83,2.34,101.8942,12.6
2014-03-10,1877.1700439453125,14.199999809265137,236.028,0.08,2.79,0.37,1.88,2.36,101.8942,12.6
2014-03-11,1867.6300048828125,14.800000190734863,236.028,0.08,2.77,0.37,1.86,2.37,101.8942,12.6
2014-03-12,1868.199951171875,14.470000267028809,236.028,0.08,2.73,0.37,1.82,2.38,101.8942,12.6
2014-03-13,1846.3399658203125,16.219999313354492,236.028,0.08,2.66,0.34,1.75,2.39,101.8942,12.6
2014-03-14,1841.1300048828125,17.81999969482422,236.028,0.08,2.65,0.36,1.74,2.4,101.8942,12.6
2014-03-17,1858.8299560546875,15.640000343322754,236.028,0.08,2.7,0.38,1.8,2.4,101.8942,12.6
2014-03-18,1872.25,14.520000457763672,236.028,0.08,2.68,0.36,1.77,2.42,101.8942,12.6
2014-03-19,1860.77001953125,15.119999885559082,236.028,0.08,2.78,0.47,1.73,2.37,101.8942,12.6
2014-03-20,1872.010009765625,14.520000457763672,236.028,0.08,2.79,0.45,1.75,2.34,101.8942,12.6
2014-03-21,1866.52001953125,15.0,236.028,0.08,2.75,0.45,1.79,2.32,101.8942,12.6
2014-03-24,1857.43994140625,15.09000015258789,236.028,0.08,2.74,0.47,1.79,2.29,101.8942,12.6
2014-03-25,1865.6199951171875,14.020000457763672,236.028,0.08,2.75,0.47,1.7,2.28,101.8942,12.6
2014-03-26,1852.56005859375,14.930000305175781,236.028,0.08,2.71,0.45,1.75,2.28,101.8942,12.6
2014-03-27,1849.0400390625,14.619999885559082,236.028,0.08,2.69,0.45,1.73,2.26,101.8942,12.6
2014-03-28,1857.6199951171875,14.40999984741211,236.028,0.08,2.73,0.45,1.72,2.25,101.8942,12.6
2014-03-31,1872.3399658203125,13.880000114440918,236.028,0.08,2.73,0.44,1.7,2.26,101.8942,12.6
2014-04-01,1885.52001953125,13.100000381469727,236.468,0.09,2.77,0.44,1.71,2.26,101.9928,16.9
2014-04-02,1890.9000244140625,13.09000015258789,236.468,0.09,2.82,0.47,1.72,2.25,101.9928,16.9
2014-04-03,1888.77001953125,13.369999885559082,236.468,0.09,2.8,0.46,1.68,2.24,101.9928,16.9
2014-04-04,1865.0899658203125,13.960000038146973,236.468,0.09,2.74,0.43,1.71,2.25,101.9928,16.9
2014-04-07,1845.0400390625,15.569999694824219,236.468,0.09,2.71,0.41,1.61,2.24,101.9928,16.9
2014-04-08,1851.9599609375,14.890000343322754,236.468,0.09,2.69,0.4,1.71,2.26,101.9928,16.9
2014-04-09,1872.1800537109375,13.819999694824219,236.468,0.09,2.71,0.37,1.7,2.25,101.9928,16.9
2014-04-10,1833.0799560546875,15.890000343322754,236.468,0.09,2.65,0.37,1.69,2.24,101.9928,16.9
2014-04-11,1815.68994140625,17.030000686645508,236.468,0.09,2.63,0.37,1.64,2.23,101.9928,16.9
2014-04-14,1830.6099853515625,16.110000610351562,236.468,0.09,2.65,0.37,1.71,2.22,101.9928,16.9
2014-04-15,1842.97998046875,15.609999656677246,236.468,0.09,2.64,0.39,1.68,2.2,101.9928,16.9
2014-04-16,1862.31005859375,14.180000305175781,236.468,0.09,2.65,0.39,1.73,2.19,101.9928,16.9
2014-04-17,1864.8499755859375,13.359999656677246,236.468,0.09,2.73,0.43,1.95,2.16,101.9928,16.9
2014-04-21,1871.8900146484375,13.25,236.468,0.09,2.73,0.42,1.97,2.18,101.9928,16.9
2014-04-22,1879.550048828125,13.1899995803833,236.468,0.09,2.73,0.45,1.98,2.15,101.9928,16.9
2014-04-23,1875.3900146484375,13.270000457763672,236.468,0.09,2.7,0.43,1.98,2.15,101.9928,16.9
2014-04-24,1878.6099853515625,13.319999694824219,236.468,0.09,2.7,0.43,1.99,2.14,101.9928,16.9
2014-04-25,1863.4000244140625,14.0600004196167,236.468,0.09,2.68,0.43,1.96,2.13,101.9928,16.9
2014-04-28,1869.4300537109375,13.970000267028809,236.468,0.09,2.7,0.44,1.95,2.13,101.9928,16.9
2014-04-29,1878.3299560546875,13.710000038146973,236.468,0.09,2.71,0.44,1.95,2.15,101.9928,16.9
2014-04-30,1883.949951171875,13.40999984741211,236.468,0.09,2.67,0.42,1.96,2.16,101.9928,16.9
2014-05-01,1883.6800537109375,13.25,236.918,0.09,2.63,0.41,1.96,2.14,102.3836,18.3
2014-05-02,1881.1400146484375,12.90999984741211,236.918,0.09,2.6,0.42,1.95,2.14,102.3836,18.3
2014-05-05,1884.6600341796875,13.289999961853027,236.918,0.09,2.63,0.43,1.92,2.15,102.3836,18.3
2014-05-06,1867.719970703125,13.800000190734863,236.918,0.09,2.61,0.43,1.91,2.15,102.3836,18.3
2014-05-07,1878.2099609375,13.399999618530273,236.918,0.09,2.62,0.41,1.92,2.16,102.3836,18.3
2014-05-08,1875.6300048828125,13.430000305175781,236.918,0.09,2.61,0.4,1.93,2.18,102.3836,18.3
2014-05-09,1878.47998046875,12.920000076293945,236.918,0.09,2.62,0.4,1.92,2.21,102.3836,18.3
2014-05-12,1896.6500244140625,12.229999542236328,236.918,0.09,2.66,0.41,1.91,2.2,102.3836,18.3
2014-05-13,1897.449951171875,12.130000114440918,236.918,0.09,2.61,0.39,1.89,2.21,102.3836,18.3
2014-05-14,1888.530029296875,12.170000076293945,236.918,0.09,2.54,0.39,1.92,2.2,102.3836,18.3
2014-05-15,1870.8499755859375,13.170000076293945,236.918,0.09,2.5,0.38,1.96,2.22,102.3836,18.3
2014-05-16,1877.8599853515625,12.4399995803833,236.918,0.09,2.52,0.38,1.94,2.2,102.3836,18.3
2014-05-19,1885.0799560546875,12.420000076293945,236.918,0.09,2.54,0.36,1.93,2.22,102.3836,18.3
2014-05-20,1872.8299560546875,12.960000038146973,236.918,0.09,2.52,0.35,1.92,2.23,102.3836,18.3
2014-05-21,1888.030029296875,11.90999984741211,236.918,0.09,2.54,0.37,1.95,2.26,102.3836,18.3
2014-05-22,1892.489990234375,12.029999732971191,236.918,0.09,2.56,0.37,1.97,2.25,102.3836,18.3
2014-05-23,1900.530029296875,11.359999656677246,236.918,0.09,2.54,0.37,1.97,2.24,102.3836,18.3
2014-05-27,1911.9100341796875,11.510000228881836,236.918,0.09,2.52,0.39,1.95,2.23,102.3836,18.3
2014-05-28,1909.780029296875,11.680000305175781,236.918,0.09,2.44,0.37,1.94,2.23,102.3836,18.3
2014-05-29,1920.030029296875,11.569999694824219,236.918,0.09,2.45,0.37,1.96,2.24,102.3836,18.3
2014-05-30,1923.5699462890625,11.399999618530273,236.918,0.09,2.48,0.37,1.93,2.22,102.3836,18.3
2014-06-02,1924.969970703125,11.579999923706055,237.231,0.1,2.54,0.39,1.93,2.22,102.735,14.2
2014-06-03,1924.239990234375,11.869999885559082,237.231,0.1,2.6,0.41,1.92,2.22,102.735,14.2
2014-06-04,1927.8800048828125,12.079999923706055,237.231,0.1,2.61,0.41,1.9,2.23,102.735,14.2
2014-06-05,1940.4599609375,11.680000305175781,237.231,0.1,2.59,0.4,1.92,2.24,102.735,14.2
2014-06-06,1949.43994140625,10.729999542236328,237.231,0.1,2.6,0.41,1.93,2.23,102.735,14.2
2014-06-09,1951.27001953125,11.149999618530273,237.231,0.1,2.62,0.43,1.95,2.22,102.735,14.2
2014-06-10,1950.7900390625,10.989999771118164,237.231,0.1,2.64,0.45,1.94,2.21,102.735,14.2
2014-06-11,1943.8900146484375,11.600000381469727,237.231,0.1,2.65,0.44,1.94,2.2,102.735,14.2
2014-06-12,1930.1099853515625,12.5600004196167,237.231,0.1,2.58,0.42,1.95,2.21,102.735,14.2
2014-06-13,1936.1600341796875,12.180000305175781,237.231,0.1,2.6,0.45,1.93,2.19,102.735,14.2
2014-06-16,1937.780029296875,12.649999618530273,237.231,0.1,2.61,0.49,1.92,2.17,102.735,14.2
2014-06-17,1941.989990234375,12.0600004196167,237.231,0.1,2.66,0.51,1.97,2.17,102.735,14.2
2014-06-18,1956.97998046875,10.609999656677246,237.231,0.1,2.61,0.48,1.98,2.19,102.735,14.2
2014-06-19,1959.47998046875,10.619999885559082,237.231,0.1,2.64,0.48,2.02,2.19,102.735,14.2
2014-06-20,1962.8699951171875,10.850000381469727,237.231,0.1,2.63,0.5,2.02,2.2,102.735,14.2
2014-06-23,1962.6099853515625,10.979999542236328,237.231,0.1,2.63,0.48,2.03,2.19,102.735,14.2
2014-06-24,1949.97998046875,12.130000114440918,237.231,0.1,2.59,0.49,2.05,2.18,102.735,14.2
2014-06-25,1959.530029296875,11.59000015258789,237.231,0.1,2.57,0.48,2.03,2.18,102.735,14.2
2014-06-26,1957.219970703125,11.630000114440918,237.231,0.1,2.53,0.46,2.02,2.18,102.735,14.2
2014-06-27,1960.9599609375,11.260000228881836,237.231,0.1,2.54,0.45,2.03,2.2,102.735,14.2
2014-06-30,1960.22998046875,11.569999694824219,237.231,0.1,2.53,0.47,2.0,2.18,102.735,14.2
2014-07-01,1973.3199462890625,11.149999618530273,237.498,0.09,2.58,0.47,2.0,2.19,102.9632,21.4
2014-07-02,1974.6199951171875,10.819999694824219,237.498,0.09,2.64,0.49,2.01,2.2,102.9632,21.4
2014-07-03,1985.43994140625,10.319999694824219,237.498,0.09,2.65,0.52,2.03,2.21,102.9632,21.4
2014-07-07,1977.6500244140625,11.329999923706055,237.498,0.09,2.63,0.52,2.01,2.18,102.9632,21.4
2014-07-08,1963.7099609375,11.979999542236328,237.498,0.09,2.58,0.51,1.99,2.18,102.9632,21.4
2014-07-09,1972.8299560546875,11.649999618530273,237.498,0.09,2.57,0.51,1.98,2.17,102.9632,21.4
2014-07-10,1964.6800537109375,12.59000015258789,237.498,0.09,2.55,0.46,2.0,2.2,102.9632,21.4
2014-07-11,1967.5699462890625,12.079999923706055,237.498,0.09,2.53,0.48,1.99,2.2,102.9632,21.4
2014-07-14,1977.0999755859375,11.819999694824219,237.498,0.09,2.55,0.48,1.99,2.21,102.9632,21.4
2014-07-15,1973.280029296875,11.960000038146973,237.498,0.09,2.56,0.49,1.96,2.2,102.9632,21.4
2014-07-16,1981.5699462890625,11.0,237.498,0.09,2.55,0.5,1.95,2.19,102.9632,21.4
2014-07-17,1958.1199951171875,14.539999961853027,237.498,0.09,2.47,0.47,1.97,2.22,102.9632,21.4
2014-07-18,1978.219970703125,12.0600004196167,237.498,0.09,2.5,0.51,1.96,2.2,102.9632,21.4
2014-07-21,1973.6300048828125,12.8100004196167,237.498,0.09,2.49,0.51,1.97,2.19,102.9632,21.4
2014-07-22,1983.530029296875,12.239999771118164,237.498,0.09,2.48,0.49,1.93,2.19,102.9632,21.4
2014-07-23,1987.010009765625,11.520000457763672,237.498,0.09,2.48,0.5,1.92,2.2,102.9632,21.4
2014-07-24,1987.97998046875,11.84000015258789,237.498,0.09,2.52,0.53,1.93,2.2,102.9632,21.4
2014-07-25,1978.3399658203125,12.6899995803833,237.498,0.09,2.48,0.53,1.95,2.19,102.9632,21.4
2014-07-28,1978.9100341796875,12.5600004196167,237.498,0.09,2.5,0.54,1.95,2.19,102.9632,21.4
2014-07-29,1969.949951171875,13.279999732971191,237.498,0.09,2.47,0.54,1.94,2.18,102.9632,21.4
2014-07-30,1970.0699462890625,13.329999923706055,237.498,0.09,2.57,0.56,1.96,2.17,102.9632,21.4
2014-07-31,1930.6700439453125,16.950000762939453,237.498,0.09,2.58,0.53,1.97,2.17,102.9632,21.4
2014-08-01,1925.1500244140625,17.030000686645508,237.46,0.09,2.52,0.47,1.92,2.23,102.7688,22.6
2014-08-04,1938.989990234375,15.119999885559082,237.46,0.09,2.51,0.47,1.9,2.24,102.7688,22.6
2014-08-05,1920.2099609375,16.8700008392334,237.46,0.09,2.49,0.47,1.9,2.25,102.7688,22.6
2014-08-06,1920.239990234375,16.3700008392334,237.46,0.09,2.49,0.48,1.9,2.26,102.7688,22.6
2014-08-07,1909.5699462890625,16.65999984741211,237.46,0.09,2.43,0.44,1.89,2.28,102.7688,22.6
2014-08-08,1931.5899658203125,15.770000457763672,237.46,0.09,2.44,0.45,1.86,2.27,102.7688,22.6
2014-08-11,1936.9200439453125,14.229999542236328,237.46,0.09,2.44,0.47,1.86,2.28,102.7688,22.6
2014-08-12,1933.75,14.130000114440918,237.46,0.09,2.46,0.45,1.87,2.29,102.7688,22.6
2014-08-13,1946.719970703125,12.899999618530273,237.46,0.09,2.43,0.43,1.88,2.31,102.7688,22.6
2014-08-14,1955.1800537109375,12.420000076293945,237.46,0.09,2.4,0.42,1.84,2.29,102.7688,22.6
2014-08-15,1955.06005859375,13.149999618530273,237.46,0.09,2.34,0.42,1.83,2.29,102.7688,22.6
2014-08-18,1971.739990234375,12.319999694824219,237.46,0.09,2.39,0.44,1.85,2.31,102.7688,22.6
2014-08-19,1981.5999755859375,12.210000038146973,237.46,0.09,2.4,0.46,1.81,2.33,102.7688,22.6
2014-08-20,1986.510009765625,11.779999732971191,237.46,0.09,2.43,0.49,1.83,2.3,102.7688,22.6
2014-08-21,1992.3699951171875,11.760000228881836,237.46,0.09,2.41,0.49,1.8,2.28,102.7688,22.6
2014-08-22,1988.4000244140625,11.470000267028809,237.46,0.09,2.4,0.53,1.79,2.26,102.7688,22.6
2014-08-25,1997.9200439453125,11.699999809265137,237.46,0.09,2.39,0.53,1.78,2.25,102.7688,22.6
2014-08-26,2000.02001953125,11.630000114440918,237.46,0.09,2.39,0.52,1.83,2.26,102.7688,22.6
2014-08-27,2000.1199951171875,11.779999732971191,237.46,0.09,2.37,0.51,1.8,2.24,102.7688,22.6
2014-08-28,1996.739990234375,12.050000190734863,237.46,0.09,2.34,0.5,1.77,2.23,102.7688,22.6
2014-08-29,2003.3699951171875,12.09000015258789,237.46,0.09,2.35,0.48,1.76,2.23,102.7688,22.6
2014-09-02,2002.280029296875,12.25,237.477,0.09,2.42,0.53,1.76,2.25,103.0641,21.8
2014-09-03,2000.719970703125,12.359999656677246,237.477,0.09,2.41,0.52,1.77,2.24,103.0641,21.8
2014-09-04,1997.6500244140625,12.640000343322754,237.477,0.09,2.45,0.54,1.76,2.25,103.0641,21.8
2014-09-05,2007.7099609375,12.09000015258789,237.477,0.09,2.46,0.52,1.77,2.29,103.0641,21.8
2014-09-08,2001.5400390625,12.65999984741211,237.477,0.09,2.48,0.54,1.74,2.26,103.0641,21.8
2014-09-09,1988.43994140625,13.5,237.477,0.09,2.5,0.56,1.71,2.25,103.0641,21.8
2014-09-10,1995.68994140625,12.880000114440918,237.477,0.09,2.54,0.58,1.69,2.26,103.0641,21.8
2014-09-11,1997.449951171875,12.800000190734863,237.477,0.09,2.54,0.58,1.76,2.25,103.0641,21.8
2014-09-12,1985.5400390625,13.3100004196167,237.477,0.09,2.62,0.58,1.75,2.27,103.0641,21.8
2014-09-15,1984.1300048828125,14.119999885559082,237.477,0.09,2.6,0.58,1.73,2.28,103.0641,21.8
2014-09-16,1998.97998046875,12.729999542236328,237.477,0.09,2.6,0.55,1.75,2.3,103.0641,21.8
2014-09-17,2001.5699462890625,12.649999618530273,237.477,0.09,2.62,0.59,1.63,2.29,103.0641,21.8
2014-09-18,2011.3599853515625,12.029999732971191,237.477,0.09,2.63,0.59,1.56,2.28,103.0641,21.8
2014-09-19,2010.4000244140625,12.109999656677246,237.477,0.09,2.59,0.59,1.56,2.26,103.0641,21.8
2014-09-22,1994.2900390625,13.6899995803833,237.477,0.09,2.57,0.58,1.6,2.27,103.0641,21.8
2014-09-23,1982.77001953125,14.930000305175781,237.477,0.09,2.54,0.57,1.63,2.26,103.0641,21.8
2014-09-24,1998.300048828125,13.270000457763672,237.477,0.09,2.57,0.59,1.66,2.27,103.0641,21.8
2014-09-25,1965.989990234375,15.640000343322754,237.477,0.09,2.52,0.56,1.62,2.27,103.0641,21.8
2014-09-26,1982.8499755859375,14.850000381469727,237.477,0.09,2.54,0.59,1.59,2.27,103.0641,21.8
2014-09-29,1977.800048828125,15.979999542236328,237.477,0.09,2.5,0.58,1.61,2.27,103.0641,21.8
2014-09-30,1972.2900390625,16.309999465942383,237.477,0.09,2.52,0.58,1.56,2.29,103.0641,21.8
2014-10-01,1946.1600341796875,16.709999084472656,237.43,0.09,2.42,0.53,1.6,2.31,103.0764,18.0
2014-10-02,1946.1700439453125,16.15999984741211,237.43,0.09,2.44,0.53,1.57,2.32,103.0764,18.0
2014-10-03,1967.9000244140625,14.550000190734863,237.43,0.09,2.45,0.57,1.56,2.29,103.0764,18.0
2014-10-06,1964.8199462890625,15.460000038146973,237.43,0.09,2.43,0.54,1.55,2.3,103.0764,18.0
2014-10-07,1935.0999755859375,17.200000762939453,237.43,0.09,2.36,0.52,1.52,2.3,103.0764,18.0
2014-10-08,1968.8900146484375,15.109999656677246,237.43,0.09,2.35,0.46,1.54,2.32,103.0764,18.0
2014-10-09,1928.2099609375,18.760000228881836,237.43,0.09,2.34,0.46,1.52,2.34,103.0764,18.0
2014-10-10,1906.1300048828125,21.239999771118164,237.43,0.09,2.31,0.45,1.52,2.36,103.0764,18.0
2014-10-13,1874.739990234375,24.639999389648438,237.43,0.09,2.31,0.45,1.52,2.36,103.0764,18.0
2014-10-14,1877.699951171875,22.790000915527344,237.43,0.09,2.21,0.39,1.41,2.39,103.0764,18.0
2014-10-15,1862.489990234375,25.270000457763672,237.43,0.09,2.15,0.34,1.37,2.44,103.0764,18.0
2014-10-16,1862.760009765625,25.200000762939453,237.43,0.09,2.17,0.35,1.37,2.47,103.0764,18.0
2014-10-17,1886.760009765625,21.989999771118164,237.43,0.09,2.22,0.39,1.43,2.44,103.0764,18.0
2014-10-20,1904.010009765625,18.56999969482422,237.43,0.09,2.2,0.37,1.45,2.45,103.0764,18.0
2014-10-21,1941.280029296875,16.079999923706055,237.43,0.09,2.23,0.38,1.42,2.43,103.0764,18.0
2014-10-22,1927.1099853515625,17.8700008392334,237.43,0.09,2.25,0.41,1.47,2.42,103.0764,18.0
2014-10-23,1950.8199462890625,16.530000686645508,237.43,0.09,2.29,0.41,1.43,2.42,103.0764,18.0
2014-10-24,1964.5799560546875,16.110000610351562,237.43,0.09,2.29,0.41,1.46,2.43,103.0764,18.0
2014-10-27,1961.6300048828125,16.040000915527344,237.43,0.09,2.27,0.41,1.44,2.44,103.0764,18.0
2014-10-28,1985.050048828125,14.390000343322754,237.43,0.09,2.3,0.42,1.47,2.43,103.0764,18.0
2014-10-29,1982.300048828125,15.149999618530273,237.43,0.09,2.34,0.48,1.47,2.36,103.0764,18.0
2014-10-30,1994.6500244140625,14.520000457763672,237.43,0.09,2.32,0.48,1.49,2.39,103.0764,18.0
2014-10-31,2018.050048828125,14.029999732971191,237.43,0.09,2.35,0.5,1.53,2.39,103.0764,18.0
2014-11-03,2017.81005859375,14.729999542236328,236.983,0.09,2.36,0.52,1.55,2.39,103.7126,35.9
2014-11-04,2012.0999755859375,14.890000343322754,236.983,0.09,2.35,0.52,1.49,2.39,103.7126,35.9
2014-11-05,2023.5699462890625,14.170000076293945,236.983,0.09,2.36,0.52,1.54,2.39,103.7126,35.9
2014-11-06,2031.2099609375,13.670000076293945,236.983,0.09,2.39,0.54,1.58,2.4,103.7126,35.9
2014-11-07,2031.9200439453125,13.119999885559082,236.983,0.09,2.32,0.51,1.59,2.43,103.7126,35.9
2014-11-10,2038.260009765625,12.670000076293945,236.983,0.09,2.38,0.55,1.58,2.41,103.7126,35.9
2014-11-11,2039.6800537109375,12.920000076293945,236.983,0.09,2.38,0.55,1.58,2.41,103.7126,35.9
2014-11-12,2038.25,13.020000457763672,236.983,0.09,2.37,0.55,1.53,2.43,103.7126,35.9
2014-11-13,2039.3299560546875,13.789999961853027,236.983,0.09,2.35,0.53,1.48,2.47,103.7126,35.9
2014-11-14,2039.8199462890625,13.3100004196167,236.983,0.09,2.32,0.54,1.45,2.48,103.7126,35.9
2014-11-17,2041.3199462890625,13.989999771118164,236.983,0.09,2.34,0.54,1.42,2.49,103.7126,35.9
2014-11-18,2051.800048828125,13.859999656677246,236.983,0.09,2.32,0.53,1.42,2.52,103.7126,35.9
2014-11-19,2048.719970703125,13.960000038146973,236.983,0.09,2.36,0.54,1.39,2.51,103.7126,35.9
2014-11-20,2052.75,13.579999923706055,236.983,0.09,2.34,0.53,1.41,2.52,103.7126,35.9
2014-11-21,2063.5,12.899999618530273,236.983,0.09,2.31,0.53,1.44,2.49,103.7126,35.9
2014-11-24,2069.409912109375,12.619999885559082,236.983,0.09,2.3,0.53,1.43,2.5,103.7126,35.9
2014-11-25,2067.030029296875,12.25,236.983,0.09,2.27,0.51,1.47,2.46,103.7126,35.9
2014-11-26,2072.830078125,12.069999694824219,236.983,0.09,2.24,0.53,1.44,2.47,103.7126,35.9
2014-11-28,2067.56005859375,13.329999923706055,236.983,0.09,2.18,0.47,1.39,2.52,103.7126,35.9
2014-12-01,2053.43994140625,14.15999984741211,236.252,0.12,2.22,0.49,1.39,2.54,103.7044,21.6
2014-12-02,2066.550048828125,12.850000381469727,236.252,0.12,2.28,0.55,1.36,2.54,103.7044,21.6
2014-12-03,2074.330078125,12.5,236.252,0.12,2.29,0.57,1.38,2.52,103.7044,21.6
2014-12-04,2071.919921875,12.380000114440918,236.252,0.12,2.25,0.55,1.36,2.53,103.7044,21.6
2014-12-05,2075.3701171875,11.890000343322754,236.252,0.12,2.31,0.65,1.35,2.48,103.7044,21.6
2014-12-08,2060.31005859375,14.210000038146973,236.252,0.12,2.26,0.64,1.24,2.48,103.7044,21.6
2014-12-09,2059.820068359375,15.350000381469727,236.252,0.12,2.22,0.64,1.34,2.51,103.7044,21.6
2014-12-10,2026.1400146484375,18.530000686645508,236.252,0.12,2.18,0.59,1.27,2.53,103.7044,21.6
2014-12-11,2035.3299560546875,20.079999923706055,236.252,0.12,2.19,0.62,1.27,2.53,103.7044,21.6
2014-12-12,2002.3299560546875,21.079999923706055,236.252,0.12,2.1,0.56,1.2,2.58,103.7044,21.6
2014-12-15,1989.6300048828125,20.420000076293945,236.252,0.12,2.12,0.6,1.17,2.56,103.7044,21.6
2014-12-16,1972.739990234375,23.56999969482422,236.252,0.12,2.07,0.58,1.21,2.6,103.7044,21.6
2014-12-17,2012.8900146484375,19.440000534057617,236.252,0.12,2.14,0.62,1.22,2.6,103.7044,21.6
2014-12-18,2061.22998046875,16.809999465942383,236.252,0.12,2.22,0.67,1.2,2.56,103.7044,21.6
2014-12-19,2070.64990234375,16.489999771118164,236.252,0.12,2.17,0.67,1.27,2.56,103.7044,21.6
2014-12-22,2078.5400390625,15.25,236.252,0.12,2.17,0.71,1.29,2.53,103.7044,21.6
2014-12-23,2082.169921875,14.800000190734863,236.252,0.12,2.26,0.73,1.3,2.53,103.7044,21.6
2014-12-24,2081.8798828125,14.369999885559082,236.252,0.12,2.27,0.73,1.26,2.5,103.7044,21.6
2014-12-26,2088.77001953125,14.5,236.252,0.12,2.25,0.73,1.26,2.5,103.7044,21.6
2014-12-29,2090.570068359375,15.0600004196167,236.252,0.12,2.22,0.72,1.22,2.49,103.7044,21.6
2014-12-30,2080.35009765625,15.920000076293945,236.252,0.12,2.2,0.69,1.21,2.49,103.7044,21.6
2014-12-31,2058.89990234375,19.200000762939453,236.252,0.12,2.17,0.67,1.27,2.51,103.7044,21.6
2015-01-02,2058.199951171875,17.790000915527344,234.747,0.11,2.12,0.66,1.3,2.51,102.8905,13.4
2015-01-05,2020.5799560546875,19.920000076293945,234.747,0.11,2.04,0.68,1.25,2.52,102.8905,13.4
2015-01-06,2002.6099853515625,21.1200008392334,234.747,0.11,1.97,0.65,1.16,2.52,102.8905,13.4
2015-01-07,2025.9000244140625,19.309999465942383,234.747,0.11,1.96,0.62,1.16,2.53,102.8905,13.4
2015-01-08,2062.139892578125,17.010000228881836,234.747,0.11,2.03,0.62,1.21,2.54,102.8905,13.4
2015-01-09,2044.81005859375,17.549999237060547,234.747,0.11,1.98,0.59,1.2,2.55,102.8905,13.4
2015-01-12,2028.260009765625,19.600000381469727,234.747,0.11,1.92,0.56,1.16,2.55,102.8905,13.4
2015-01-13,2023.030029296875,20.559999465942383,234.747,0.11,1.91,0.54,1.05,2.55,102.8905,13.4
2015-01-14,2011.27001953125,21.479999542236328,234.747,0.11,1.86,0.51,1.18,2.58,102.8905,13.4
2015-01-15,1992.6700439453125,22.389999389648438,234.747,0.11,1.77,0.44,1.18,2.65,102.8905,13.4
2015-01-16,2019.4200439453125,20.950000762939453,234.747,0.11,1.83,0.49,1.19,2.62,102.8905,13.4
2015-01-20,2022.550048828125,19.889999389648438,234.747,0.11,1.82,0.53,1.19,2.61,102.8905,13.4
2015-01-21,2032.1199951171875,18.850000381469727,234.747,0.11,1.87,0.53,1.17,2.59,102.8905,13.4
2015-01-22,2063.14990234375,16.399999618530273,234.747,0.11,1.9,0.53,1.19,2.59,102.8905,13.4
2015-01-23,2051.820068359375,16.65999984741211,234.747,0.11,1.81,0.52,1.21,2.6,102.8905,13.4
2015-01-26,2057.090087890625,15.520000457763672,234.747,0.11,1.83,0.54,1.24,2.58,102.8905,13.4
2015-01-27,2029.550048828125,17.219999313354492,234.747,0.11,1.83,0.54,1.29,2.59,102.8905,13.4
2015-01-28,2002.1600341796875,20.440000534057617,234.747,0.11,1.73,0.5,1.24,2.59,102.8905,13.4
2015-01-29,2021.25,18.760000228881836,234.747,0.11,1.77,0.51,1.31,2.58,102.8905,13.4
2015-01-30,1994.989990234375,20.969999313354492,234.747,0.11,1.68,0.47,1.29,2.61,102.8905,13.4
2015-02-02,2020.8499755859375,19.43000030517578,235.342,0.11,1.68,0.49,1.32,2.61,102.2335,10.7
2015-02-03,2050.030029296875,17.329999923706055,235.342,0.11,1.79,0.52,1.4,2.61,102.2335,10.7
2015-02-04,2041.510009765625,18.329999923706055,235.342,0.11,1.81,0.52,1.35,2.6,102.2335,10.7
2015-02-05,2062.52001953125,16.850000381469727,235.342,0.11,1.83,0.52,1.38,2.6,102.2335,10.7
2015-02-06,2055.469970703125,17.290000915527344,235.342,0.11,1.95,0.65,1.36,2.55,102.2335,10.7
2015-02-09,2046.739990234375,18.549999237060547,235.342,0.11,1.96,0.65,1.36,2.53,102.2335,10.7
2015-02-10,2068.590087890625,17.229999542236328,235.342,0.11,2.01,0.67,1.32,2.53,102.2335,10.7
2015-02-11,2068.530029296875,16.959999084472656,235.342,0.11,2.0,0.67,1.32,2.53,102.2335,10.7
2015-02-12,2088.47998046875,15.34000015258789,235.342,0.11,1.99,0.61,1.37,2.54,102.2335,10.7
2015-02-13,2096.989990234375,14.6899995803833,235.342,0.11,2.02,0.66,1.32,2.55,102.2335,10.7
2015-02-17,2100.340087890625,15.800000190734863,235.342,0.11,2.14,0.7,1.33,2.53,102.2335,10.7
2015-02-18,2099.679931640625,15.449999809265137,235.342,0.11,2.07,0.62,1.32,2.53,102.2335,10.7
2015-02-19,2097.449951171875,15.289999961853027,235.342,0.11,2.11,0.67,1.35,2.53,102.2335,10.7
2015-02-20,2110.300048828125,14.300000190734863,235.342,0.11,2.13,0.67,1.37,2.5,102.2335,10.7
2015-02-23,2109.659912109375,14.5600004196167,235.342,0.11,2.06,0.64,1.34,2.48,102.2335,10.7
2015-02-24,2115.47998046875,13.6899995803833,235.342,0.11,1.99,0.6,1.33,2.49,102.2335,10.7
2015-02-25,2113.860107421875,13.84000015258789,235.342,0.11,1.96,0.61,1.36,2.49,102.2335,10.7
2015-02-26,2110.739990234375,13.90999984741211,235.342,0.11,2.03,0.66,1.49,2.44,102.2335,10.7
2015-02-27,2104.5,13.34000015258789,235.342,0.11,2.0,0.63,1.49,2.46,102.2335,10.7
2015-03-02,2117.389892578125,13.039999961853027,235.976,0.11,2.08,0.66,1.54,2.48,101.8914,7.2
2015-03-03,2107.780029296875,13.859999656677246,235.976,0.11,2.12,0.68,1.57,2.46,101.8914,7.2
2015-03-04,2098.530029296875,14.229999542236328,235.976,0.11,2.12,0.66,1.61,2.46,101.8914,7.2
2015-03-05,2101.0400390625,14.039999961853027,235.976,0.11,2.11,0.65,1.53,2.47,101.8914,7.2
2015-03-06,2071.260009765625,15.199999809265137,235.976,0.11,2.24,0.73,1.55,2.45,101.8914,7.2
2015-03-09,2079.429931640625,15.0600004196167,235.976,0.11,2.2,0.7,1.47,2.46,101.8914,7.2
2015-03-10,2044.1600341796875,16.690000534057617,235.976,0.11,2.14,0.7,1.36,2.45,101.8914,7.2
2015-03-11,2040.239990234375,16.8700008392334,235.976,0.11,2.11,0.7,1.45,2.45,101.8914,7.2
2015-03-12,2065.949951171875,15.420000076293945,235.976,0.11,2.1,0.67,1.41,2.46,101.8914,7.2
2015-03-13,2053.39990234375,16.0,235.976,0.11,2.13,0.68,1.4,2.47,101.8914,7.2
2015-03-16,2081.18994140625,15.609999656677246,235.976,0.11,2.1,0.66,1.27,2.48,101.8914,7.2
2015-03-17,2074.280029296875,15.65999984741211,235.976,0.11,2.06,0.7,1.34,2.49,101.8914,7.2
2015-03-18,2099.5,13.970000267028809,235.976,0.11,1.93,0.57,1.33,2.55,101.8914,7.2
2015-03-19,2089.27001953125,14.069999694824219,235.976,0.11,1.98,0.63,1.49,2.5,101.8914,7.2
2015-03-20,2108.10009765625,13.020000457763672,235.976,0.11,1.93,0.6,1.5,2.51,101.8914,7.2
2015-03-23,2104.419921875,13.40999984741211,235.976,0.11,1.92,0.6,1.48,2.54,101.8914,7.2
2015-03-24,2091.5,13.619999885559082,235.976,0.11,1.88,0.58,1.53,2.53,101.8914,7.2
2015-03-25,2061.050048828125,15.4399995803833,235.976,0.11,1.93,0.59,1.56,2.53,101.8914,7.2
2015-03-26,2056.14990234375,15.800000190734863,235.976,0.11,2.01,0.61,1.57,2.55,101.8914,7.2
2015-03-27,2061.02001953125,15.069999694824219,235.976,0.11,1.95,0.58,1.54,2.53,101.8914,7.2
2015-03-30,2086.239990234375,14.510000228881836,235.976,0.11,1.96,0.58,1.49,2.55,101.8914,7.2
2015-03-31,2067.889892578125,15.289999961853027,235.976,0.11,1.94,0.56,1.51,2.55,101.8914,7.2
2015-04-01,2059.68994140625,15.109999656677246,236.222,0.12,1.87,0.55,1.58,2.55,101.3355,9.6
2015-04-02,2066.9599609375,14.670000076293945,236.222,0.12,1.92,0.55,1.56,2.55,101.3355,9.6
2015-04-06,2080.6201171875,14.739999771118164,236.222,0.12,1.92,0.51,1.6,2.58,101.3355,9.6
2015-04-07,2076.330078125,14.779999732971191,236.222,0.12,1.89,0.52,1.6,2.56,101.3355,9.6
2015-04-08,2081.89990234375,13.979999542236328,236.222,0.12,1.92,0.54,1.58,2.51,101.3355,9.6
2015-04-09,2091.179931640625,13.09000015258789,236.222,0.12,1.97,0.56,1.59,2.53,101.3355,9.6
2015-04-10,2102.06005859375,12.579999923706055,236.222,0.12,1.96,0.57,1.56,2.53,101.3355,9.6
2015-04-13,2092.429931640625,13.9399995803833,236.222,0.12,1.94,0.54,1.55,2.54,101.3355,9.6
2015-04-14,2095.840087890625,13.670000076293945,236.222,0.12,1.9,0.53,1.55,2.54,101.3355,9.6
2015-04-15,2106.6298828125,12.84000015258789,236.222,0.12,1.91,0.51,1.59,2.54,101.3355,9.6
2015-04-16,2104.989990234375,12.600000381469727,236.222,0.12,1.9,0.5,1.58,2.55,101.3355,9.6
2015-04-17,2081.179931640625,13.890000343322754,236.222,0.12,1.87,0.51,1.65,2.53,101.3355,9.6
2015-04-20,2100.39990234375,13.300000190734863,236.222,0.12,1.9,0.55,1.6,2.55,101.3355,9.6
2015-04-21,2097.2900390625,13.25,236.222,0.12,1.92,0.55,1.59,2.54,101.3355,9.6
2015-04-22,2107.9599609375,12.710000038146973,236.222,0.12,1.99,0.57,1.6,2.53,101.3355,9.6
2015-04-23,2112.929931640625,12.479999542236328,236.222,0.12,1.96,0.55,1.7,2.54,101.3355,9.6
2015-04-24,2117.68994140625,12.289999961853027,236.222,0.12,1.93,0.54,1.71,2.56,101.3355,9.6
2015-04-27,2108.919921875,13.119999885559082,236.222,0.12,1.94,0.54,1.71,2.54,101.3355,9.6
2015-04-28,2114.760009765625,12.40999984741211,236.222,0.12,2.0,0.56,1.69,2.55,101.3355,9.6
2015-04-29,2106.85009765625,13.390000343322754,236.222,0.12,2.06,0.56,1.7,2.58,101.3355,9.6
2015-04-30,2085.510009765625,14.550000190734863,236.222,0.12,2.05,0.58,1.72,2.6,101.3355,9.6
2015-05-01,2108.2900390625,12.699999809265137,237.001,0.12,2.12,0.6,1.72,2.61,100.8883,5.7
2015-05-04,2114.489990234375,12.850000381469727,237.001,0.12,2.16,0.6,1.69,2.61,100.8883,5.7
2015-05-05,2089.4599609375,14.3100004196167,237.001,0.12,2.19,0.62,1.72,2.62,100.8883,5.7
2015-05-06,2080.14990234375,15.149999618530273,237.001,0.12,2.25,0.65,1.69,2.64,100.8883,5.7
2015-05-07,2088.0,15.130000114440918,237.001,0.12,2.18,0.63,1.66,2.64,100.8883,5.7
2015-05-08,2116.10009765625,12.859999656677246,237.001,0.12,2.16,0.59,1.66,2.65,100.8883,5.7
2015-05-11,2105.330078125,13.850000381469727,237.001,0.12,2.28,0.62,1.64,2.66,100.8883,5.7
2015-05-12,2099.1201171875,13.859999656677246,237.001,0.12,2.28,0.61,1.65,2.65,100.8883,5.7
2015-05-13,2098.47998046875,13.760000228881836,237.001,0.12,2.27,0.59,1.67,2.71,100.8883,5.7
2015-05-14,2121.10009765625,12.739999771118164,237.001,0.12,2.23,0.56,1.65,2.74,100.8883,5.7
2015-05-15,2122.72998046875,12.380000114440918,237.001,0.12,2.14,0.55,1.62,2.72,100.8883,5.7
2015-05-18,2129.199951171875,12.729999542236328,237.001,0.12,2.23,0.58,1.64,2.73,100.8883,5.7
2015-05-19,2127.830078125,12.850000381469727,237.001,0.12,2.27,0.63,1.62,2.71,100.8883,5.7
2015-05-20,2125.85009765625,12.880000114440918,237.001,0.12,2.26,0.6,1.65,2.73,100.8883,5.7
2015-05-21,2130.820068359375,12.109999656677246,237.001,0.12,2.19,0.6,1.63,2.75,100.8883,5.7
2015-05-22,2126.06005859375,12.130000114440918,237.001,0.12,2.21,0.64,1.65,2.74,100.8883,5.7
2015-05-26,2104.199951171875,14.0600004196167,237.001,0.12,2.14,0.64,1.59,2.73,100.8883,5.7
2015-05-27,2123.47998046875,13.270000457763672,237.001,0.12,2.14,0.64,1.54,2.71,100.8883,5.7
2015-05-28,2120.7900390625,13.3100004196167,237.001,0.12,2.13,0.62,1.53,2.75,100.8883,5.7
2015-05-29,2107.389892578125,13.84000015258789,237.001,0.12,2.12,0.61,1.57,2.72,100.8883,5.7
2015-06-01,2111.72998046875,13.970000267028809,237.657,0.13,2.19,0.64,1.55,2.75,100.571,8.2
2015-06-02,2109.60009765625,14.239999771118164,237.657,0.13,2.27,0.64,1.59,2.75,100.571,8.2
2015-06-03,2114.070068359375,13.65999984741211,237.657,0.13,2.38,0.69,1.59,2.72,100.571,8.2
2015-06-04,2095.840087890625,14.710000038146973,237.657,0.13,2.31,0.66,1.59,2.72,100.571,8.2
2015-06-05,2092.830078125,14.210000038146973,237.657,0.13,2.41,0.73,1.64,2.69,100.571,8.2
2015-06-08,2079.280029296875,15.289999961853027,237.657,0.13,2.39,0.7,1.63,2.7,100.571,8.2
2015-06-09,2080.14990234375,14.470000267028809,237.657,0.13,2.42,0.72,1.65,2.73,100.571,8.2
2015-06-10,2105.199951171875,13.220000267028809,237.657,0.13,2.5,0.75,1.66,2.7,100.571,8.2
2015-06-11,2108.860107421875,12.850000381469727,237.657,0.13,2.39,0.73,1.63,2.71,100.571,8.2
2015-06-12,2094.110107421875,13.779999732971191,237.657,0.13,2.39,0.74,1.64,2.7,100.571,8.2
2015-06-15,2084.429931640625,15.390000343322754,237.657,0.13,2.36,0.72,1.64,2.73,100.571,8.2
2015-06-16,2096.2900390625,14.8100004196167,237.657,0.13,2.32,0.71,1.67,2.74,100.571,8.2
2015-06-17,2100.43994140625,14.5,237.657,0.13,2.32,0.67,1.69,2.76,100.571,8.2
2015-06-18,2121.239990234375,13.1899995803833,237.657,0.13,2.35,0.66,1.67,2.82,100.571,8.2
2015-06-19,2109.989990234375,13.960000038146973,237.657,0.13,2.26,0.65,1.63,2.82,100.571,8.2
2015-06-22,2122.85009765625,12.739999771118164,237.657,0.13,2.37,0.68,1.65,2.81,100.571,8.2
2015-06-23,2124.199951171875,12.109999656677246,237.657,0.13,2.42,0.7,1.67,2.82,100.571,8.2
2015-06-24,2108.580078125,13.260000228881836,237.657,0.13,2.38,0.68,1.64,2.81,100.571,8.2
2015-06-25,2102.31005859375,14.010000228881836,237.657,0.13,2.4,0.68,1.63,2.8,100.571,8.2
2015-06-26,2101.489990234375,14.020000457763672,237.657,0.13,2.49,0.72,1.66,2.81,100.571,8.2
2015-06-29,2057.639892578125,18.850000381469727,237.657,0.13,2.33,0.64,1.59,2.84,100.571,8.2
2015-06-30,2063.110107421875,18.229999542236328,237.657,0.13,2.35,0.64,1.61,2.83,100.571,8.2
2015-07-01,2077.419921875,16.09000015258789,238.034,0.13,2.43,0.69,1.6,2.83,101.2228,4.6
2015-07-02,2076.780029296875,16.790000915527344,238.034,0.13,2.4,0.64,1.62,2.86,101.2228,4.6
2015-07-06,2068.760009765625,17.010000228881836,238.034,0.13,2.3,0.6,1.57,2.84,101.2228,4.6
2015-07-07,2081.340087890625,16.09000015258789,238.034,0.13,2.27,0.58,1.57,2.84,101.2228,4.6
2015-07-08,2046.6800537109375,19.65999984741211,238.034,0.13,2.22,0.55,1.54,2.87,101.2228,4.6
2015-07-09,2051.31005859375,19.969999313354492,238.034,0.13,2.32,0.6,1.56,2.88,101.2228,4.6
2015-07-10,2076.6201171875,16.829999923706055,238.034,0.13,2.42,0.65,1.58,2.9,101.2228,4.6
2015-07-13,2099.60009765625,13.899999618530273,238.034,0.13,2.44,0.69,1.56,2.88,101.2228,4.6
2015-07-14,2108.949951171875,13.369999885559082,238.034,0.13,2.41,0.66,1.55,2.91,101.2228,4.6
2015-07-15,2107.39990234375,13.229999542236328,238.034,0.13,2.36,0.64,1.53,2.91,101.2228,4.6
2015-07-16,2124.2900390625,12.109999656677246,238.034,0.13,2.36,0.67,1.52,2.88,101.2228,4.6
2015-07-17,2126.639892578125,11.949999809265137,238.034,0.13,2.34,0.68,1.5,2.87,101.2228,4.6
2015-07-20,2128.280029296875,12.25,238.034,0.13,2.38,0.71,1.49,2.86,101.2228,4.6
2015-07-21,2119.2099609375,12.220000267028809,238.034,0.13,2.35,0.71,1.49,2.87,101.2228,4.6
2015-07-22,2114.14990234375,12.119999885559082,238.034,0.13,2.33,0.75,1.48,2.85,101.2228,4.6
2015-07-23,2102.14990234375,12.640000343322754,238.034,0.13,2.28,0.71,1.45,2.85,101.2228,4.6
2015-07-24,2079.64990234375,13.739999771118164,238.034,0.13,2.27,0.7,1.4,2.87,101.2228,4.6
2015-07-27,2067.639892578125,15.600000381469727,238.034,0.13,2.23,0.68,1.35,2.9,101.2228,4.6
2015-07-28,2093.25,13.4399995803833,238.034,0.13,2.26,0.69,1.38,2.91,101.2228,4.6
2015-07-29,2108.570068359375,12.5,238.034,0.13,2.29,0.7,1.4,2.9,101.2228,4.6
2015-07-30,2108.6298828125,12.130000114440918,238.034,0.13,2.28,0.72,1.4,2.88,101.2228,4.6
2015-07-31,2103.840087890625,12.119999885559082,238.034,0.13,2.2,0.67,1.36,2.94,101.2228,4.6
2015-08-03,2098.0400390625,12.5600004196167,238.033,0.14,2.16,0.68,1.31,2.92,101.0367,5.4
2015-08-04,2093.320068359375,13.0,238.033,0.14,2.23,0.74,1.31,2.88,101.0367,5.4
2015-08-05,2099.840087890625,12.510000228881836,238.033,0.14,2.28,0.73,1.31,2.9,101.0367,5.4
2015-08-06,2083.56005859375,13.770000457763672,238.033,0.14,2.23,0.71,1.31,2.92,101.0367,5.4
2015-08-07,2077.570068359375,13.390000343322754,238.033,0.14,2.18,0.73,1.28,2.91,101.0367,5.4
2015-08-10,2104.179931640625,12.229999542236328,238.033,0.14,2.24,0.73,1.3,2.93,101.0367,5.4
2015-08-11,2084.070068359375,13.710000038146973,238.033,0.14,2.15,0.68,1.27,2.94,101.0367,5.4
2015-08-12,2086.050048828125,13.609999656677246,238.033,0.14,2.14,0.67,1.27,2.97,101.0367,5.4
2015-08-13,2083.389892578125,13.489999771118164,238.033,0.14,2.19,0.72,1.24,2.98,101.0367,5.4
2015-08-14,2091.5400390625,12.829999923706055,238.033,0.14,2.2,0.73,1.25,2.97,101.0367,5.4
2015-08-17,2102.43994140625,13.020000457763672,238.033,0.14,2.16,0.72,1.22,2.97,101.0367,5.4
2015-08-18,2096.919921875,13.789999961853027,238.033,0.14,2.2,0.74,1.21,3.01,101.0367,5.4
2015-08-19,2079.610107421875,15.25,238.033,0.14,2.12,0.67,1.17,3.06,101.0367,5.4
2015-08-20,2035.72998046875,19.139999389648438,238.033,0.14,2.09,0.69,1.17,3.04,101.0367,5.4
2015-08-21,1970.8900146484375,28.030000686645508,238.033,0.14,2.05,0.64,1.13,3.1,101.0367,5.4
2015-08-24,1893.2099609375,40.7400016784668,238.033,0.14,2.01,0.59,1.11,3.14,101.0367,5.4
2015-08-25,1867.6099853515625,36.02000045776367,238.033,0.14,2.12,0.67,1.15,3.17,101.0367,5.4
2015-08-26,1940.510009765625,30.31999969482422,238.033,0.14,2.18,0.67,1.13,3.2,101.0367,5.4
2015-08-27,1987.6600341796875,26.100000381469727,238.033,0.14,2.18,0.68,1.2,3.15,101.0367,5.4
2015-08-28,1988.8699951171875,26.049999237060547,238.033,0.14,2.19,0.72,1.22,3.13,101.0367,5.4
2015-08-31,1972.1800537109375,28.43000030517578,238.033,0.14,2.21,0.74,1.26,3.15,101.0367,5.4
2015-09-01,1913.8499755859375,31.399999618530273,237.498,0.14,2.17,0.7,1.18,3.18,100.7547,-3.6
2015-09-02,1948.8599853515625,26.09000015258789,237.498,0.14,2.2,0.72,1.19,3.17,100.7547,-3.6
2015-09-03,1951.1300048828125,25.610000610351562,237.498,0.14,2.18,0.71,1.16,3.17,100.7547,-3.6
2015-09-04,1921.219970703125,27.799999237060547,237.498,0.14,2.13,0.71,1.14,3.15,100.7547,-3.6
2015-09-08,1969.4100341796875,24.899999618530273,237.498,0.14,2.2,0.74,1.15,3.16,100.7547,-3.6
2015-09-09,1942.0400390625,26.229999542236328,237.498,0.14,2.21,0.75,1.15,3.1,100.7547,-3.6
2015-09-10,1952.2900390625,24.3700008392334,237.498,0.14,2.23,0.75,1.21,3.12,100.7547,-3.6
2015-09-11,1961.050048828125,23.200000762939453,237.498,0.14,2.2,0.71,1.21,3.11,100.7547,-3.6
2015-09-14,1953.030029296875,24.25,237.498,0.14,2.18,0.73,1.19,3.13,100.7547,-3.6
2015-09-15,1978.0899658203125,22.540000915527344,237.498,0.14,2.28,0.82,1.2,3.16,100.7547,-3.6
2015-09-16,1995.31005859375,21.350000381469727,237.498,0.14,2.3,0.82,1.21,3.15,100.7547,-3.6
2015-09-17,1990.199951171875,21.139999389648438,237.498,0.14,2.21,0.7,1.24,3.18,100.7547,-3.6
2015-09-18,1958.030029296875,22.280000686645508,237.498,0.14,2.13,0.69,1.19,3.15,100.7547,-3.6
2015-09-21,1966.969970703125,20.139999389648438,237.498,0.14,2.2,0.72,1.19,3.19,100.7547,-3.6
2015-09-22,1942.739990234375,22.440000534057617,237.498,0.14,2.14,0.69,1.15,3.15,100.7547,-3.6
2015-09-23,1938.760009765625,22.1299991607666,237.498,0.14,2.16,0.7,1.16,3.15,100.7547,-3.6
2015-09-24,1932.239990234375,23.469999313354492,237.498,0.14,2.13,0.67,1.11,3.16,100.7547,-3.6
2015-09-25,1931.3399658203125,23.6200008392334,237.498,0.14,2.17,0.7,1.11,3.19,100.7547,-3.6
2015-09-28,1881.77001953125,27.6299991607666,237.498,0.14,2.1,0.67,1.02,3.21,100.7547,-3.6
2015-09-29,1884.0899658203125,26.829999923706055,237.498,0.14,2.05,0.64,1.03,3.26,100.7547,-3.6
2015-09-30,1920.030029296875,24.5,237.498,0.14,2.06,0.64,1.07,3.29,100.7547,-3.6
2015-10-01,1923.8199462890625,22.549999237060547,237.733,0.12,2.05,0.64,1.13,3.31,100.2675,-4.9
2015-10-02,1951.3599853515625,20.940000534057617,237.733,0.12,1.99,0.58,1.15,3.34,100.2675,-4.9
2015-10-05,1987.050048828125,19.540000915527344,237.733,0.12,2.07,0.61,1.18,3.33,100.2675,-4.9
2015-10-06,1979.9200439453125,19.399999618530273,237.733,0.12,2.05,0.61,1.22,3.32,100.2675,-4.9
2015-10-07,1995.8299560546875,18.399999618530273,237.733,0.12,2.08,0.65,1.22,3.27,100.2675,-4.9
2015-10-08,2013.4300537109375,17.420000076293945,237.733,0.12,2.12,0.65,1.26,3.28,100.2675,-4.9
2015-10-09,2014.8900146484375,17.079999923706055,237.733,0.12,2.12,0.65,1.22,3.26,100.2675,-4.9
2015-10-12,2017.4599609375,16.170000076293945,237.733,0.12,2.12,0.65,1.22,3.26,100.2675,-4.9
2015-10-13,2003.68994140625,17.670000076293945,237.733,0.12,2.06,0.64,1.18,3.28,100.2675,-4.9
2015-10-14,1994.239990234375,18.030000686645508,237.733,0.12,1.99,0.57,1.15,3.31,100.2675,-4.9
2015-10-15,2023.8599853515625,16.049999237060547,237.733,0.12,2.04,0.61,1.18,3.29,100.2675,-4.9
2015-10-16,2033.1099853515625,15.050000190734863,237.733,0.12,2.04,0.61,1.18,3.28,100.2675,-4.9
2015-10-19,2033.6600341796875,14.979999542236328,237.733,0.12,2.04,0.61,1.13,3.3,100.2675,-4.9
2015-10-20,2030.77001953125,15.75,237.733,0.12,2.08,0.66,1.16,3.29,100.2675,-4.9
2015-10-21,2018.93994140625,16.700000762939453,237.733,0.12,2.04,0.64,1.13,3.28,100.2675,-4.9
2015-10-22,2052.510009765625,14.449999809265137,237.733,0.12,2.04,0.61,1.14,3.26,100.2675,-4.9
2015-10-23,2075.14990234375,14.460000038146973,237.733,0.12,2.09,0.66,1.19,3.23,100.2675,-4.9
2015-10-26,2071.179931640625,15.289999961853027,237.733,0.12,2.07,0.66,1.16,3.22,100.2675,-4.9
2015-10-27,2065.889892578125,15.430000305175781,237.733,0.12,2.05,0.65,1.15,3.25,100.2675,-4.9
2015-10-28,2090.35009765625,14.329999923706055,237.733,0.12,2.1,0.73,1.14,3.2,100.2675,-4.9
2015-10-29,2089.409912109375,14.609999656677246,237.733,0.12,2.19,0.75,1.19,3.21,100.2675,-4.9
2015-10-30,2079.360107421875,15.069999694824219,237.733,0.12,2.16,0.75,1.2,3.19,100.2675,-4.9
2015-11-02,2104.050048828125,14.149999618530273,238.017,0.12,2.2,0.77,1.23,3.18,99.5298,-3.1
2015-11-03,2109.7900390625,14.539999961853027,238.017,0.12,2.23,0.8,1.27,3.19,99.5298,-3.1
2015-11-04,2102.31005859375,15.510000228881836,238.017,0.12,2.25,0.84,1.26,3.16,99.5298,-3.1
2015-11-05,2099.929931640625,15.050000190734863,238.017,0.12,2.26,0.85,1.23,3.18,99.5298,-3.1
2015-11-06,2099.199951171875,14.329999923706055,238.017,0.12,2.34,0.9,1.25,3.17,99.5298,-3.1
2015-11-09,2078.580078125,16.520000457763672,238.017,0.12,2.36,0.89,1.28,3.15,99.5298,-3.1
2015-11-10,2081.719970703125,15.289999961853027,238.017,0.12,2.32,0.87,1.25,3.18,99.5298,-3.1
2015-11-11,2075.0,16.059999465942383,238.017,0.12,2.32,0.87,1.25,3.18,99.5298,-3.1
2015-11-12,2045.969970703125,18.3700008392334,238.017,0.12,2.32,0.89,1.24,3.19,99.5298,-3.1
2015-11-13,2023.0400390625,20.079999923706055,238.017,0.12,2.28,0.86,1.21,3.2,99.5298,-3.1
2015-11-16,2053.18994140625,18.15999984741211,238.017,0.12,2.27,0.88,1.2,3.24,99.5298,-3.1
2015-11-17,2050.43994140625,18.84000015258789,238.017,0.12,2.25,0.86,1.23,3.23,99.5298,-3.1
2015-11-18,2083.580078125,16.850000381469727,238.017,0.12,2.27,0.9,1.25,3.21,99.5298,-3.1
2015-11-19,2081.239990234375,16.989999771118164,238.017,0.12,2.24,0.91,1.27,3.2,99.5298,-3.1
2015-11-20,2089.169921875,15.470000267028809,238.017,0.12,2.26,0.93,1.31,3.2,99.5298,-3.1
2015-11-23,2086.590087890625,15.619999885559082,238.017,0.12,2.25,0.94,1.33,3.19,99.5298,-3.1
2015-11-24,2089.139892578125,15.930000305175781,238.017,0.12,2.24,0.93,1.33,3.2,99.5298,-3.1
2015-11-25,2088.8701171875,15.1899995803833,238.017,0.12,2.23,0.93,1.31,3.21,99.5298,-3.1
2015-11-27,2090.110107421875,15.119999885559082,238.017,0.12,2.22,0.92,1.31,3.22,99.5298,-3.1
2015-11-30,2080.409912109375,16.1299991607666,238.017,0.12,2.21,0.94,1.3,3.2,99.5298,-3.1
2015-12-01,2102.6298828125,14.670000076293945,237.761,0.24,2.15,0.91,1.29,3.21,99.0417,-9.1
2015-12-02,2079.510009765625,15.90999984741211,237.761,0.24,2.18,0.94,1.27,3.17,99.0417,-9.1
2015-12-03,2049.6201171875,18.110000610351562,237.761,0.24,2.33,0.96,1.33,3.18,99.0417,-9.1
2015-12-04,2091.68994140625,14.8100004196167,237.761,0.24,2.28,0.96,1.3,3.15,99.0417,-9.1
2015-12-07,2077.070068359375,15.84000015258789,237.761,0.24,2.23,0.94,1.25,3.15,99.0417,-9.1
2015-12-08,2063.590087890625,17.600000381469727,237.761,0.24,2.24,0.94,1.25,3.19,99.0417,-9.1
2015-12-09,2047.6199951171875,19.610000610351562,237.761,0.24,2.22,0.93,1.21,3.18,99.0417,-9.1
2015-12-10,2052.22998046875,19.34000015258789,237.761,0.24,2.24,0.95,1.2,3.19,99.0417,-9.1
2015-12-11,2012.3699951171875,24.389999389648438,237.761,0.24,2.13,0.88,1.17,3.24,99.0417,-9.1
2015-12-14,2021.93994140625,22.729999542236328,237.761,0.24,2.23,0.97,1.17,3.23,99.0417,-9.1
2015-12-15,2043.4100341796875,20.950000762939453,237.761,0.24,2.28,0.98,1.22,3.21,99.0417,-9.1
2015-12-16,2073.070068359375,17.860000610351562,237.761,0.24,2.3,1.02,1.2,3.21,99.0417,-9.1
2015-12-17,2041.8900146484375,18.940000534057617,237.761,0.24,2.24,1.0,1.21,3.21,99.0417,-9.1
2015-12-18,2005.550048828125,20.700000762939453,237.761,0.24,2.19,0.97,1.21,3.25,99.0417,-9.1
2015-12-21,2021.1500244140625,18.700000762939453,237.761,0.24,2.2,0.96,1.19,3.27,99.0417,-9.1
2015-12-22,2038.969970703125,16.600000381469727,237.761,0.24,2.24,0.99,1.19,3.26,99.0417,-9.1
2015-12-23,2064.2900390625,15.569999694824219,237.761,0.24,2.27,1.01,1.25,3.26,99.0417,-9.1
2015-12-24,2060.989990234375,15.739999771118164,237.761,0.24,2.25,1.03,1.23,3.22,99.0417,-9.1
2015-12-28,2056.5,16.90999984741211,237.761,0.24,2.24,1.05,1.24,3.21,99.0417,-9.1
2015-12-29,2078.360107421875,16.079999923706055,237.761,0.24,2.32,1.09,1.28,3.22,99.0417,-9.1
2015-12-30,2063.360107421875,17.290000915527344,237.761,0.24,2.31,1.08,1.28,3.23,99.0417,-9.1
2015-12-31,2043.93994140625,18.209999084472656,237.761,0.24,2.27,1.06,1.31,3.23,99.0417,-9.1
2016-01-04,2012.6600341796875,20.700000762939453,237.652,0.34,2.24,1.02,1.31,3.24,99.5607,-4.4
2016-01-05,2016.7099609375,19.34000015258789,237.652,0.34,2.25,1.04,1.31,3.25,99.5607,-4.4
2016-01-06,1990.260009765625,20.59000015258789,237.652,0.34,2.18,0.99,1.26,3.26,99.5607,-4.4
2016-01-07,1943.0899658203125,24.989999771118164,237.652,0.34,2.16,0.96,1.25,3.28,99.5607,-4.4
2016-01-08,1922.030029296875,27.010000228881836,237.652,0.34,2.13,0.94,1.23,3.31,99.5607,-4.4
2016-01-11,1923.6700439453125,24.299999237060547,237.652,0.34,2.17,0.94,1.19,3.3,99.5607,-4.4
2016-01-12,1938.6800537109375,22.469999313354492,237.652,0.34,2.12,0.93,1.19,3.29,99.5607,-4.4
2016-01-13,1890.280029296875,25.219999313354492,237.652,0.34,2.08,0.91,1.18,3.28,99.5607,-4.4
2016-01-14,1921.8399658203125,23.950000762939453,237.652,0.34,2.1,0.9,1.2,3.36,99.5607,-4.4
2016-01-15,1880.3299560546875,27.020000457763672,237.652,0.34,2.03,0.85,1.12,3.38,99.5607,-4.4
2016-01-19,1881.3299560546875,26.049999237060547,237.652,0.34,2.06,0.88,1.16,3.35,99.5607,-4.4
2016-01-20,1859.3299560546875,27.59000015258789,237.652,0.34,2.01,0.85,1.1,3.4,99.5607,-4.4
2016-01-21,1868.989990234375,26.690000534057617,237.652,0.34,2.02,0.84,1.08,3.45,99.5607,-4.4
2016-01-22,1906.9000244140625,22.34000015258789,237.652,0.34,2.07,0.88,1.15,3.42,99.5607,-4.4
2016-01-25,1877.0799560546875,24.149999618530273,237.652,0.34,2.03,0.88,1.15,3.44,99.5607,-4.4
2016-01-26,1903.6300048828125,22.5,237.652,0.34,2.01,0.85,1.17,3.46,99.5607,-4.4
2016-01-27,1882.949951171875,23.110000610351562,237.652,0.34,2.02,0.84,1.18,3.46,99.5607,-4.4
2016-01-28,1893.3599853515625,22.420000076293945,237.652,0.34,2.0,0.83,1.2,3.48,99.5607,-4.4
2016-01-29,1940.239990234375,20.200000762939453,237.652,0.34,1.94,0.76,1.19,3.48,99.5607,-4.4
2016-02-01,1939.3800048828125,19.979999542236328,237.336,0.38,1.97,0.81,1.2,3.49,99.0445,-5.7
2016-02-02,1903.030029296875,21.979999542236328,237.336,0.38,1.87,0.75,1.14,3.49,99.0445,-5.7
2016-02-03,1912.530029296875,21.649999618530273,237.336,0.38,1.88,0.72,1.16,3.52,99.0445,-5.7
2016-02-04,1915.449951171875,21.84000015258789,237.336,0.38,1.87,0.7,1.13,3.53,99.0445,-5.7
2016-02-05,1880.050048828125,23.3799991607666,237.336,0.38,1.86,0.74,1.07,3.52,99.0445,-5.7
2016-02-08,1853.43994140625,26.0,237.336,0.38,1.75,0.66,0.97,3.53,99.0445,-5.7
2016-02-09,1852.2099609375,26.540000915527344,237.336,0.38,1.74,0.69,0.93,3.54,99.0445,-5.7
2016-02-10,1851.8599853515625,26.290000915527344,237.336,0.38,1.71,0.71,0.95,3.56,99.0445,-5.7
2016-02-11,1829.0799560546875,28.139999389648438,237.336,0.38,1.63,0.64,0.94,3.63,99.0445,-5.7
2016-02-12,1864.780029296875,25.399999618530273,237.336,0.38,1.74,0.71,1.03,3.6,99.0445,-5.7
2016-02-16,1895.5799560546875,24.110000610351562,237.336,0.38,1.78,0.74,1.03,3.59,99.0445,-5.7
2016-02-17,1926.8199462890625,22.309999465942383,237.336,0.38,1.81,0.74,1.04,3.62,99.0445,-5.7
2016-02-18,1917.8299560546875,21.639999389648438,237.336,0.38,1.75,0.71,1.02,3.62,99.0445,-5.7
2016-02-19,1917.780029296875,20.530000686645508,237.336,0.38,1.76,0.76,1.06,3.56,99.0445,-5.7
2016-02-22,1945.5,19.3799991607666,237.336,0.38,1.77,0.78,1.11,3.57,99.0445,-5.7
2016-02-23,1921.27001953125,20.979999542236328,237.336,0.38,1.74,0.76,1.13,3.58,99.0445,-5.7
2016-02-24,1929.800048828125,20.719999313354492,237.336,0.38,1.75,0.75,1.15,3.56,99.0445,-5.7
2016-02-25,1951.699951171875,19.110000610351562,237.336,0.38,1.71,0.72,1.18,3.56,99.0445,-5.7
2016-02-26,1948.050048828125,19.809999465942383,237.336,0.38,1.76,0.8,1.2,3.56,99.0445,-5.7
2016-02-29,1932.22998046875,20.549999237060547,237.336,0.38,1.74,0.78,1.23,3.55,99.0445,-5.7
2016-03-01,1978.3499755859375,17.700000762939453,238.08,0.36,1.83,0.85,1.29,3.54,98.3096,8.4
2016-03-02,1986.449951171875,17.09000015258789,238.08,0.36,1.84,0.85,1.34,3.5,98.3096,8.4
2016-03-03,1993.4000244140625,16.700000762939453,238.08,0.36,1.83,0.85,1.36,3.47,98.3096,8.4
2016-03-04,1999.989990234375,16.860000610351562,238.08,0.36,1.88,0.88,1.36,3.43,98.3096,8.4
2016-03-07,2001.760009765625,17.350000381469727,238.08,0.36,1.91,0.91,1.36,3.39,98.3096,8.4
2016-03-08,1979.260009765625,18.670000076293945,238.08,0.36,1.83,0.88,1.33,3.38,98.3096,8.4
2016-03-09,1989.260009765625,18.34000015258789,238.08,0.36,1.9,0.9,1.37,3.36,98.3096,8.4
2016-03-10,1989.5699462890625,18.049999237060547,238.08,0.36,1.93,0.93,1.35,3.3,98.3096,8.4
2016-03-11,2022.18994140625,16.5,238.08,0.36,1.98,0.97,1.41,3.26,98.3096,8.4
2016-03-14,2019.6400146484375,16.920000076293945,238.08,0.36,1.97,0.97,1.38,3.22,98.3096,8.4
2016-03-15,2015.9300537109375,16.84000015258789,238.08,0.36,1.97,0.98,1.35,3.19,98.3096,8.4
2016-03-16,2027.219970703125,14.989999771118164,238.08,0.36,1.94,0.87,1.45,3.22,98.3096,8.4
2016-03-17,2040.5899658203125,14.4399995803833,238.08,0.36,1.91,0.87,1.46,3.2,98.3096,8.4
2016-03-18,2049.580078125,14.020000457763672,238.08,0.36,1.88,0.84,1.47,3.17,98.3096,8.4
2016-03-21,2051.60009765625,13.789999961853027,238.08,0.36,1.92,0.87,1.5,3.15,98.3096,8.4
2016-03-22,2049.800048828125,14.170000076293945,238.08,0.36,1.94,0.91,1.48,3.1,98.3096,8.4
2016-03-23,2036.7099609375,14.9399995803833,238.08,0.36,1.88,0.87,1.44,3.07,98.3096,8.4
2016-03-24,2035.93994140625,14.739999771118164,238.08,0.36,1.91,0.89,1.42,3.06,98.3096,8.4
2016-03-28,2037.050048828125,15.239999771118164,238.08,0.36,1.89,0.89,1.4,3.05,98.3096,8.4
2016-03-29,2055.010009765625,13.819999694824219,238.08,0.36,1.81,0.78,1.47,3.09,98.3096,8.4
2016-03-30,2063.949951171875,13.5600004196167,238.08,0.36,1.83,0.76,1.52,3.11,98.3096,8.4
2016-03-31,2059.739990234375,13.949999809265137,238.08,0.36,1.78,0.73,1.49,3.12,98.3096,8.4
2016-04-01,2072.780029296875,13.100000381469727,238.992,0.37,1.79,0.76,1.49,3.1,98.6421,-1.8
2016-04-04,2066.1298828125,14.119999885559082,238.992,0.37,1.78,0.75,1.48,3.1,98.6421,-1.8
2016-04-05,2045.1700439453125,15.420000076293945,238.992,0.37,1.73,0.72,1.43,3.08,98.6421,-1.8
2016-04-06,2066.659912109375,14.09000015258789,238.992,0.37,1.76,0.73,1.43,3.08,98.6421,-1.8
2016-04-07,2041.9100341796875,16.15999984741211,238.992,0.37,1.7,0.7,1.41,3.06,98.6421,-1.8
2016-04-08,2047.5999755859375,15.359999656677246,238.992,0.37,1.72,0.7,1.43,3.07,98.6421,-1.8
2016-04-11,2041.989990234375,16.260000228881836,238.992,0.37,1.73,0.7,1.41,3.05,98.6421,-1.8
2016-04-12,2061.719970703125,14.850000381469727,238.992,0.37,1.79,0.74,1.39,3.03,98.6421,-1.8
2016-04-13,2082.419921875,13.84000015258789,238.992,0.37,1.77,0.75,1.43,3.01,98.6421,-1.8
2016-04-14,2082.780029296875,13.720000267028809,238.992,0.37,1.8,0.77,1.42,2.99,98.6421,-1.8
2016-04-15,2080.72998046875,13.619999885559082,238.992,0.37,1.76,0.74,1.42,2.99,98.6421,-1.8
2016-04-18,2094.340087890625,13.350000381469727,238.992,0.37,1.78,0.75,1.41,2.99,98.6421,-1.8
2016-04-19,2100.800048828125,13.239999771118164,238.992,0.37,1.79,0.77,1.46,2.96,98.6421,-1.8
2016-04-20,2102.39990234375,13.279999732971191,238.992,0.37,1.85,0.8,1.49,2.93,98.6421,-1.8
2016-04-21,2091.47998046875,13.949999809265137,238.992,0.37,1.88,0.82,1.56,2.91,98.6421,-1.8
2016-04-22,2091.580078125,13.220000267028809,238.992,0.37,1.89,0.84,1.56,2.89,98.6421,-1.8
2016-04-25,2087.7900390625,14.079999923706055,238.992,0.37,1.91,0.85,1.56,2.88,98.6421,-1.8
2016-04-26,2091.699951171875,13.960000038146973,238.992,0.37,1.94,0.86,1.56,2.85,98.6421,-1.8
2016-04-27,2095.14990234375,13.770000457763672,238.992,0.37,1.87,0.83,1.57,2.86,98.6421,-1.8
2016-04-28,2075.81005859375,15.220000267028809,238.992,0.37,1.84,0.78,1.61,2.89,98.6421,-1.8
2016-04-29,2065.300048828125,15.699999809265137,238.992,0.37,1.83,0.77,1.6,2.86,98.6421,-1.8
2016-05-02,2081.429931640625,14.680000305175781,239.557,0.37,1.88,0.8,1.58,2.86,98.4184,-5.6
2016-05-03,2063.3701171875,15.600000381469727,239.557,0.37,1.81,0.75,1.54,2.85,98.4184,-5.6
2016-05-04,2051.1201171875,16.049999237060547,239.557,0.37,1.79,0.75,1.52,2.85,98.4184,-5.6
2016-05-05,2050.6298828125,15.90999984741211,239.557,0.37,1.76,0.72,1.52,2.86,98.4184,-5.6
2016-05-06,2057.139892578125,14.720000267028809,239.557,0.37,1.79,0.74,1.51,2.87,98.4184,-5.6
2016-05-09,2058.68994140625,14.569999694824219,239.557,0.37,1.77,0.72,1.5,2.89,98.4184,-5.6
2016-05-10,2084.389892578125,13.630000114440918,239.557,0.37,1.77,0.72,1.53,2.89,98.4184,-5.6
2016-05-11,2064.4599609375,14.6899995803833,239.557,0.37,1.73,0.74,1.53,2.9,98.4184,-5.6
2016-05-12,2064.110107421875,14.40999984741211,239.557,0.37,1.75,0.76,1.53,2.91,98.4184,-5.6
2016-05-13,2046.6099853515625,15.039999961853027,239.557,0.37,1.71,0.76,1.52,2.9,98.4184,-5.6
2016-05-16,2066.659912109375,14.680000305175781,239.557,0.37,1.75,0.79,1.53,2.9,98.4184,-5.6
2016-05-17,2047.2099609375,15.569999694824219,239.557,0.37,1.76,0.82,1.56,2.89,98.4184,-5.6
2016-05-18,2047.6300048828125,15.949999809265137,239.557,0.37,1.87,0.9,1.54,2.87,98.4184,-5.6
2016-05-19,2040.0400390625,16.329999923706055,239.557,0.37,1.85,0.89,1.51,2.85,98.4184,-5.6
2016-05-20,2052.320068359375,15.199999809265137,239.557,0.37,1.85,0.89,1.51,2.86,98.4184,-5.6
2016-05-23,2048.0400390625,15.819999694824219,239.557,0.37,1.84,0.91,1.49,2.86,98.4184,-5.6
2016-05-24,2076.06005859375,14.420000076293945,239.557,0.37,1.86,0.92,1.51,2.85,98.4184,-5.6
2016-05-25,2090.5400390625,13.899999618530273,239.557,0.37,1.87,0.92,1.51,2.87,98.4184,-5.6
2016-05-26,2090.10009765625,13.430000305175781,239.557,0.37,1.83,0.87,1.51,2.86,98.4184,-5.6
2016-05-27,2099.06005859375,13.119999885559082,239.557,0.37,1.85,0.9,1.51,2.85,98.4184,-5.6
2016-05-31,2096.949951171875,14.1899995803833,239.557,0.37,1.84,0.87,1.47,2.84,98.4184,-5.6
2016-06-01,2099.330078125,14.199999809265137,240.222,0.38,1.85,0.91,1.47,2.82,98.8833,4.4
2016-06-02,2105.260009765625,13.630000114440918,240.222,0.38,1.81,0.89,1.48,2.83,98.8833,4.4
2016-06-03,2099.1298828125,13.470000267028809,240.222,0.38,1.71,0.78,1.45,2.86,98.8833,4.4
2016-06-06,2109.409912109375,13.649999618530273,240.222,0.38,1.73,0.8,1.49,2.86,98.8833,4.4
2016-06-07,2112.1298828125,14.050000190734863,240.222,0.38,1.72,0.78,1.51,2.86,98.8833,4.4
2016-06-08,2119.1201171875,14.079999923706055,240.222,0.38,1.71,0.78,1.54,2.85,98.8833,4.4
2016-06-09,2115.47998046875,14.640000343322754,240.222,0.38,1.68,0.77,1.53,2.85,98.8833,4.4
2016-06-10,2096.070068359375,17.030000686645508,240.222,0.38,1.64,0.73,1.49,2.86,98.8833,4.4
2016-06-13,2079.06005859375,20.969999313354492,240.222,0.38,1.62,0.73,1.45,2.86,98.8833,4.4
2016-06-14,2075.320068359375,20.5,240.222,0.38,1.62,0.74,1.45,2.88,98.8833,4.4
2016-06-15,2071.5,20.139999389648438,240.222,0.38,1.6,0.69,1.47,2.9,98.8833,4.4
2016-06-16,2077.989990234375,19.3700008392334,240.222,0.38,1.57,0.7,1.42,2.9,98.8833,4.4
2016-06-17,2071.219970703125,19.40999984741211,240.222,0.38,1.62,0.7,1.43,2.89,98.8833,4.4
2016-06-20,2083.25,18.3700008392334,240.222,0.38,1.67,0.74,1.43,2.87,98.8833,4.4
2016-06-21,2088.89990234375,18.479999542236328,240.222,0.38,1.71,0.76,1.41,2.86,98.8833,4.4
2016-06-22,2085.449951171875,21.170000076293945,240.222,0.38,1.69,0.75,1.41,2.86,98.8833,4.4
2016-06-23,2113.320068359375,17.25,240.222,0.38,1.74,0.78,1.47,2.86,98.8833,4.4
2016-06-24,2037.4100341796875,25.760000228881836,240.222,0.38,1.57,0.64,1.36,2.98,98.8833,4.4
2016-06-27,2000.5400390625,23.850000381469727,240.222,0.38,1.46,0.61,1.27,2.96,98.8833,4.4
2016-06-28,2036.0899658203125,18.75,240.222,0.38,1.46,0.61,1.32,2.95,98.8833,4.4
2016-06-29,2070.77001953125,16.639999389648438,240.222,0.38,1.5,0.62,1.36,2.9,98.8833,4.4
2016-06-30,2098.860107421875,15.630000114440918,240.222,0.38,1.49,0.58,1.38,2.92,98.8833,4.4
2016-07-01,2102.949951171875,14.770000457763672,240.101,0.39,1.46,0.59,1.43,2.86,98.9992,1.6
2016-07-05,2088.550048828125,15.579999923706055,240.101,0.39,1.37,0.56,1.39,2.83,98.9992,1.6
2016-07-06,2099.72998046875,14.960000038146973,240.101,0.39,1.38,0.58,1.41,2.83,98.9992,1.6
2016-07-07,2097.89990234375,14.760000228881836,240.101,0.39,1.4,0.58,1.41,2.79,98.9992,1.6
2016-07-08,2129.89990234375,13.199999809265137,240.101,0.39,1.37,0.61,1.39,2.78,98.9992,1.6
2016-07-11,2137.159912109375,13.539999961853027,240.101,0.39,1.43,0.66,1.41,2.75,98.9992,1.6
2016-07-12,2152.139892578125,13.550000190734863,240.101,0.39,1.53,0.69,1.46,2.7,98.9992,1.6
2016-07-13,2152.429931640625,13.039999961853027,240.101,0.39,1.48,0.68,1.43,2.69,98.9992,1.6
2016-07-14,2163.75,12.819999694824219,240.101,0.39,1.53,0.68,1.44,2.7,98.9992,1.6
2016-07-15,2161.739990234375,12.670000076293945,240.101,0.39,1.6,0.71,1.44,2.66,98.9992,1.6
2016-07-18,2166.889892578125,12.4399995803833,240.101,0.39,1.59,0.68,1.41,2.67,98.9992,1.6
2016-07-19,2163.780029296875,11.970000267028809,240.101,0.39,1.56,0.7,1.39,2.67,98.9992,1.6
2016-07-20,2173.02001953125,11.770000457763672,240.101,0.39,1.59,0.73,1.4,2.66,98.9992,1.6
2016-07-21,2165.169921875,12.739999771118164,240.101,0.39,1.57,0.7,1.38,2.68,98.9992,1.6
2016-07-22,2175.030029296875,12.020000457763672,240.101,0.39,1.57,0.71,1.36,2.66,98.9992,1.6
2016-07-25,2168.47998046875,12.869999885559082,240.101,0.39,1.58,0.72,1.34,2.65,98.9992,1.6
2016-07-26,2169.179931640625,13.050000190734863,240.101,0.39,1.57,0.75,1.33,2.65,98.9992,1.6
2016-07-27,2166.580078125,12.829999923706055,240.101,0.39,1.52,0.73,1.31,2.67,98.9992,1.6
2016-07-28,2170.06005859375,12.720000267028809,240.101,0.39,1.52,0.72,1.33,2.68,98.9992,1.6
2016-07-29,2173.60009765625,11.869999885559082,240.101,0.39,1.46,0.67,1.31,2.71,98.9992,1.6
2016-08-01,2170.840087890625,12.4399995803833,240.545,0.4,1.51,0.67,1.27,2.73,98.85,5.0
2016-08-02,2157.030029296875,13.369999885559082,240.545,0.4,1.55,0.67,1.25,2.75,98.85,5.0
2016-08-03,2163.7900390625,12.859999656677246,240.545,0.4,1.55,0.67,1.28,2.76,98.85,5.0
2016-08-04,2164.25,12.420000076293945,240.545,0.4,1.51,0.64,1.3,2.76,98.85,5.0
2016-08-05,2182.8701171875,11.390000343322754,240.545,0.4,1.59,0.72,1.33,2.73,98.85,5.0
2016-08-08,2180.889892578125,11.5,240.545,0.4,1.59,0.74,1.34,2.71,98.85,5.0
2016-08-09,2181.739990234375,11.65999984741211,240.545,0.4,1.55,0.71,1.3,2.7,98.85,5.0
2016-08-10,2175.489990234375,12.050000190734863,240.545,0.4,1.5,0.69,1.27,2.71,98.85,5.0
2016-08-11,2185.7900390625,11.680000305175781,240.545,0.4,1.57,0.76,1.32,2.7,98.85,5.0
2016-08-12,2184.050048828125,11.550000190734863,240.545,0.4,1.51,0.71,1.29,2.71,98.85,5.0
2016-08-15,2190.14990234375,11.8100004196167,240.545,0.4,1.55,0.72,1.3,2.7,98.85,5.0
2016-08-16,2178.14990234375,12.640000343322754,240.545,0.4,1.57,0.76,1.28,2.7,98.85,5.0
2016-08-17,2182.219970703125,12.1899995803833,240.545,0.4,1.56,0.74,1.31,2.69,98.85,5.0
2016-08-18,2187.02001953125,11.430000305175781,240.545,0.4,1.53,0.71,1.32,2.7,98.85,5.0
2016-08-19,2183.8701171875,11.34000015258789,240.545,0.4,1.58,0.76,1.34,2.67,98.85,5.0
2016-08-22,2182.639892578125,12.270000457763672,240.545,0.4,1.55,0.76,1.34,2.65,98.85,5.0
2016-08-23,2186.89990234375,12.380000114440918,240.545,0.4,1.55,0.74,1.34,2.64,98.85,5.0
2016-08-24,2175.43994140625,13.449999809265137,240.545,0.4,1.56,0.76,1.32,2.64,98.85,5.0
2016-08-25,2172.469970703125,13.630000114440918,240.545,0.4,1.58,0.78,1.33,2.63,98.85,5.0
2016-08-26,2169.0400390625,13.649999618530273,240.545,0.4,1.62,0.84,1.31,2.63,98.85,5.0
2016-08-29,2180.3798828125,12.9399995803833,240.545,0.4,1.57,0.81,1.29,2.59,98.85,5.0
2016-08-30,2176.1201171875,13.119999885559082,240.545,0.4,1.57,0.8,1.28,2.62,98.85,5.0
2016-08-31,2170.949951171875,13.420000076293945,240.545,0.4,1.58,0.8,1.27,2.61,98.85,5.0
2016-09-01,2170.860107421875,13.479999542236328,241.176,0.4,1.57,0.78,1.24,2.62,98.7457,12.5
2016-09-02,2179.97998046875,11.979999542236328,241.176,0.4,1.6,0.8,1.28,2.63,98.7457,12.5
2016-09-06,2186.47998046875,12.020000457763672,241.176,0.4,1.55,0.74,1.29,2.64,98.7457,12.5
2016-09-07,2186.159912109375,11.9399995803833,241.176,0.4,1.54,0.74,1.3,2.65,98.7457,12.5
2016-09-08,2181.300048828125,12.510000228881836,241.176,0.4,1.61,0.78,1.34,2.67,98.7457,12.5
2016-09-09,2127.81005859375,17.5,241.176,0.4,1.67,0.79,1.32,2.67,98.7457,12.5
2016-09-12,2159.0400390625,15.15999984741211,241.176,0.4,1.68,0.79,1.33,2.68,98.7457,12.5
2016-09-13,2127.02001953125,17.850000381469727,241.176,0.4,1.73,0.8,1.31,2.7,98.7457,12.5
2016-09-14,2125.77001953125,18.139999389648438,241.176,0.4,1.7,0.77,1.3,2.7,98.7457,12.5
2016-09-15,2147.260009765625,16.299999237060547,241.176,0.4,1.71,0.74,1.31,2.72,98.7457,12.5
2016-09-16,2139.159912109375,15.369999885559082,241.176,0.4,1.7,0.77,1.34,2.71,98.7457,12.5
2016-09-19,2139.1201171875,15.529999732971191,241.176,0.4,1.7,0.79,1.35,2.7,98.7457,12.5
2016-09-20,2139.760009765625,15.920000076293945,241.176,0.4,1.69,0.79,1.33,2.7,98.7457,12.5
2016-09-21,2163.1201171875,13.300000190734863,241.176,0.4,1.66,0.79,1.37,2.7,98.7457,12.5
2016-09-22,2177.179931640625,12.020000457763672,241.176,0.4,1.63,0.79,1.4,2.69,98.7457,12.5
2016-09-23,2164.68994140625,12.289999961853027,241.176,0.4,1.62,0.77,1.42,2.68,98.7457,12.5
2016-09-26,2146.10009765625,14.5,241.176,0.4,1.59,0.76,1.4,2.7,98.7457,12.5
2016-09-27,2159.929931640625,13.100000381469727,241.176,0.4,1.56,0.75,1.38,2.69,98.7457,12.5
2016-09-28,2171.3701171875,12.390000343322754,241.176,0.4,1.57,0.75,1.44,2.69,98.7457,12.5
2016-09-29,2151.1298828125,14.020000457763672,241.176,0.4,1.56,0.73,1.44,2.67,98.7457,12.5
2016-09-30,2168.27001953125,13.289999961853027,241.176,0.4,1.6,0.77,1.45,2.69,98.7457,12.5
2016-10-03,2161.199951171875,13.569999694824219,241.741,0.4,1.63,0.8,1.47,2.66,98.7611,11.0
2016-10-04,2150.489990234375,13.630000114440918,241.741,0.4,1.69,0.82,1.45,2.66,98.7611,11.0
2016-10-05,2159.72998046875,12.989999771118164,241.741,0.4,1.72,0.85,1.48,2.64,98.7611,11.0
2016-10-06,2160.77001953125,12.84000015258789,241.741,0.4,1.75,0.86,1.49,2.61,98.7611,11.0
2016-10-07,2153.739990234375,13.479999542236328,241.741,0.4,1.73,0.83,1.5,2.63,98.7611,11.0
2016-10-10,2163.659912109375,13.380000114440918,241.741,0.4,1.73,0.83,1.5,2.63,98.7611,11.0
2016-10-11,2136.72998046875,15.359999656677246,241.741,0.4,1.77,0.87,1.51,2.6,98.7611,11.0
2016-10-12,2139.179931640625,15.90999984741211,241.741,0.4,1.79,0.87,1.51,2.6,98.7611,11.0
2016-10-13,2132.550048828125,16.690000534057617,241.741,0.4,1.75,0.85,1.5,2.59,98.7611,11.0
2016-10-14,2132.97998046875,16.1200008392334,241.741,0.4,1.8,0.84,1.53,2.63,98.7611,11.0
2016-10-17,2126.5,16.209999084472656,241.741,0.4,1.77,0.81,1.55,2.62,98.7611,11.0
2016-10-18,2139.60009765625,15.279999732971191,241.741,0.4,1.75,0.82,1.54,2.62,98.7611,11.0
2016-10-19,2144.2900390625,14.40999984741211,241.741,0.4,1.76,0.81,1.56,2.62,98.7611,11.0
2016-10-20,2141.340087890625,13.75,241.741,0.4,1.76,0.84,1.56,2.59,98.7611,11.0
2016-10-21,2141.159912109375,13.34000015258789,241.741,0.4,1.74,0.84,1.56,2.6,98.7611,11.0
2016-10-24,2151.330078125,13.020000457763672,241.741,0.4,1.77,0.84,1.53,2.59,98.7611,11.0
2016-10-25,2143.159912109375,13.460000038146973,241.741,0.4,1.77,0.86,1.57,2.58,98.7611,11.0
2016-10-26,2139.429931640625,14.239999771118164,241.741,0.4,1.79,0.86,1.58,2.6,98.7611,11.0
2016-10-27,2133.0400390625,15.359999656677246,241.741,0.4,1.85,0.87,1.57,2.59,98.7611,11.0
2016-10-28,2126.409912109375,16.190000534057617,241.741,0.4,1.86,0.86,1.6,2.6,98.7611,11.0
2016-10-31,2126.14990234375,17.059999465942383,241.741,0.4,1.84,0.86,1.59,2.61,98.7611,11.0
2016-11-01,2111.719970703125,18.559999465942383,242.026,0.41,1.83,0.83,1.59,2.61,98.3491,10.7
2016-11-02,2097.93994140625,19.31999969482422,242.026,0.41,1.81,0.81,1.55,2.63,98.3491,10.7
2016-11-03,2088.659912109375,22.079999923706055,242.026,0.41,1.82,0.81,1.52,2.67,98.3491,10.7
2016-11-04,2085.179931640625,22.510000228881836,242.026,0.41,1.79,0.8,1.52,2.67,98.3491,10.7
2016-11-07,2131.52001953125,18.709999084472656,242.026,0.41,1.83,0.82,1.56,2.66,98.3491,10.7
2016-11-08,2139.56005859375,18.739999771118164,242.026,0.41,1.88,0.87,1.57,2.62,98.3491,10.7
2016-11-09,2163.260009765625,14.380000114440918,242.026,0.41,2.07,0.9,1.67,2.66,98.3491,10.7
2016-11-10,2167.47998046875,14.739999771118164,242.026,0.41,2.15,0.92,1.7,2.6,98.3491,10.7
2016-11-11,2164.449951171875,14.170000076293945,242.026,0.41,2.15,0.92,1.7,2.6,98.3491,10.7
2016-11-14,2164.199951171875,14.479999542236328,242.026,0.41,2.23,1.0,1.65,2.6,98.3491,10.7
2016-11-15,2180.389892578125,13.369999885559082,242.026,0.41,2.23,1.02,1.67,2.59,98.3491,10.7
2016-11-16,2176.93994140625,13.720000267028809,242.026,0.41,2.22,1.0,1.66,2.55,98.3491,10.7
2016-11-17,2187.1201171875,13.350000381469727,242.026,0.41,2.29,1.04,1.71,2.54,98.3491,10.7
2016-11-18,2181.89990234375,12.850000381469727,242.026,0.41,2.34,1.07,1.74,2.52,98.3491,10.7
2016-11-21,2198.179931640625,12.420000076293945,242.026,0.41,2.33,1.08,1.74,2.52,98.3491,10.7
2016-11-22,2202.93994140625,12.40999984741211,242.026,0.41,2.31,1.07,1.75,2.53,98.3491,10.7
2016-11-23,2204.719970703125,12.430000305175781,242.026,0.41,2.36,1.12,1.74,2.49,98.3491,10.7
2016-11-25,2213.35009765625,12.34000015258789,242.026,0.41,2.36,1.12,1.74,2.48,98.3491,10.7
2016-11-28,2201.719970703125,13.149999618530273,242.026,0.41,2.32,1.11,1.69,2.47,98.3491,10.7
2016-11-29,2204.659912109375,12.899999618530273,242.026,0.41,2.3,1.09,1.69,2.46,98.3491,10.7
2016-11-30,2198.81005859375,13.329999923706055,242.026,0.41,2.37,1.11,1.77,2.45,98.3491,10.7
2016-12-01,2191.080078125,14.069999694824219,242.637,0.54,2.45,1.14,1.81,2.42,99.0214,22.4
2016-12-02,2191.949951171875,14.119999885559082,242.637,0.54,2.4,1.11,1.76,2.42,99.0214,22.4
2016-12-05,2204.7099609375,12.140000343322754,242.637,0.54,2.39,1.13,1.79,2.42,99.0214,22.4
2016-12-06,2212.22998046875,11.789999961853027,242.637,0.54,2.39,1.12,1.8,2.44,99.0214,22.4
2016-12-07,2241.35009765625,12.220000267028809,242.637,0.54,2.34,1.1,1.78,2.44,99.0214,22.4
2016-12-08,2246.18994140625,12.640000343322754,242.637,0.54,2.4,1.12,1.83,2.43,99.0214,22.4
2016-12-09,2259.530029296875,11.75,242.637,0.54,2.47,1.15,1.83,2.43,99.0214,22.4
2016-12-12,2256.9599609375,12.640000343322754,242.637,0.54,2.49,1.15,1.86,2.41,99.0214,22.4
2016-12-13,2271.719970703125,12.720000267028809,242.637,0.54,2.48,1.17,1.86,2.39,99.0214,22.4
2016-12-14,2253.280029296875,13.1899995803833,242.637,0.54,2.54,1.27,1.82,2.32,99.0214,22.4
2016-12-15,2262.030029296875,12.789999961853027,242.637,0.54,2.6,1.29,1.78,2.24,99.0214,22.4
2016-12-16,2258.070068359375,12.199999809265137,242.637,0.54,2.6,1.28,1.75,2.28,99.0214,22.4
2016-12-19,2262.530029296875,11.710000038146973,242.637,0.54,2.54,1.24,1.74,2.28,99.0214,22.4
2016-12-20,2270.760009765625,11.449999809265137,242.637,0.54,2.57,1.25,1.8,2.28,99.0214,22.4
2016-12-21,2265.179931640625,11.270000457763672,242.637,0.54,2.55,1.21,1.74,2.26,99.0214,22.4
2016-12-22,2260.9599609375,11.430000305175781,242.637,0.54,2.55,1.22,1.86,2.27,99.0214,22.4
2016-12-23,2263.7900390625,11.4399995803833,242.637,0.54,2.55,1.22,1.84,2.25,99.0214,22.4
2016-12-27,2268.8798828125,11.989999771118164,242.637,0.54,2.57,1.28,1.88,2.25,99.0214,22.4
2016-12-28,2249.919921875,12.949999809265137,242.637,0.54,2.51,1.26,1.85,2.26,99.0214,22.4
2016-12-29,2249.260009765625,13.369999885559082,242.637,0.54,2.49,1.22,1.81,2.27,99.0214,22.4
2016-12-30,2238.830078125,14.039999961853027,242.637,0.54,2.45,1.2,1.84,2.28,99.0214,22.4
2017-01-03,2257.830078125,12.850000381469727,243.618,0.65,2.45,1.22,1.86,2.27,98.7611,24.0
2017-01-04,2270.75,11.850000381469727,243.618,0.65,2.46,1.24,1.86,2.25,98.7611,24.0
2017-01-05,2269.0,11.670000076293945,243.618,0.65,2.37,1.17,1.83,2.25,98.7611,24.0
2017-01-06,2276.97998046875,11.319999694824219,243.618,0.65,2.42,1.22,1.84,2.24,98.7611,24.0
2017-01-09,2268.89990234375,11.5600004196167,243.618,0.65,2.38,1.21,1.85,2.24,98.7611,24.0
2017-01-10,2268.89990234375,11.489999771118164,243.618,0.65,2.38,1.19,1.84,2.24,98.7611,24.0
2017-01-11,2275.320068359375,11.260000228881836,243.618,0.65,2.38,1.2,1.85,2.22,98.7611,24.0
2017-01-12,2270.43994140625,11.539999961853027,243.618,0.65,2.36,1.18,1.87,2.25,98.7611,24.0
2017-01-13,2274.639892578125,11.229999542236328,243.618,0.65,2.4,1.21,1.85,2.23,98.7611,24.0
2017-01-17,2267.889892578125,11.869999885559082,243.618,0.65,2.33,1.17,1.84,2.26,98.7611,24.0
2017-01-18,2271.889892578125,12.479999542236328,243.618,0.65,2.42,1.23,1.86,2.22,98.7611,24.0
2017-01-19,2263.68994140625,12.779999732971191,243.618,0.65,2.47,1.25,1.9,2.21,98.7611,24.0
2017-01-20,2271.31005859375,11.539999961853027,243.618,0.65,2.48,1.2,1.92,2.21,98.7611,24.0
2017-01-23,2265.199951171875,11.770000457763672,243.618,0.65,2.41,1.16,1.86,2.21,98.7611,24.0
2017-01-24,2280.070068359375,11.069999694824219,243.618,0.65,2.47,1.21,1.93,2.22,98.7611,24.0
2017-01-25,2298.3701171875,10.8100004196167,243.618,0.65,2.53,1.23,1.96,2.21,98.7611,24.0
2017-01-26,2296.679931640625,10.630000114440918,243.618,0.65,2.51,1.21,1.94,2.2,98.7611,24.0
2017-01-27,2294.68994140625,10.579999923706055,243.618,0.65,2.49,1.22,1.96,2.19,98.7611,24.0
2017-01-30,2280.89990234375,11.880000114440918,243.618,0.65,2.49,1.22,1.95,2.21,98.7611,24.0
2017-01-31,2278.8701171875,11.989999771118164,243.618,0.65,2.45,1.19,1.94,2.23,98.7611,24.0
2017-02-01,2279.550048828125,11.8100004196167,244.006,0.66,2.48,1.22,1.92,2.23,98.3646,41.4
2017-02-02,2280.85009765625,11.930000305175781,244.006,0.66,2.48,1.21,1.93,2.23,98.3646,41.4
2017-02-03,2297.419921875,10.970000267028809,244.006,0.66,2.49,1.21,1.91,2.24,98.3646,41.4
2017-02-06,2292.56005859375,11.369999885559082,244.006,0.66,2.42,1.16,1.91,2.25,98.3646,41.4
2017-02-07,2293.080078125,11.289999961853027,244.006,0.66,2.4,1.16,1.87,2.24,98.3646,41.4
2017-02-08,2294.669921875,11.449999809265137,244.006,0.66,2.34,1.15,1.82,2.25,98.3646,41.4
2017-02-09,2307.8701171875,10.880000114440918,244.006,0.66,2.4,1.2,1.86,2.24,98.3646,41.4
2017-02-10,2316.10009765625,10.850000381469727,244.006,0.66,2.41,1.2,1.87,2.23,98.3646,41.4
2017-02-13,2328.25,11.069999694824219,244.006,0.66,2.43,1.2,1.87,2.23,98.3646,41.4
2017-02-14,2337.580078125,10.739999771118164,244.006,0.66,2.47,1.25,1.87,2.21,98.3646,41.4
2017-02-15,2349.25,11.970000267028809,244.006,0.66,2.51,1.27,1.93,2.19,98.3646,41.4
2017-02-16,2347.219970703125,11.760000228881836,244.006,0.66,2.45,1.22,1.9,2.2,98.3646,41.4
2017-02-17,2351.159912109375,11.489999771118164,244.006,0.66,2.42,1.21,1.85,2.21,98.3646,41.4
2017-02-21,2365.3798828125,11.569999694824219,244.006,0.66,2.43,1.22,1.87,2.2,98.3646,41.4
2017-02-22,2362.820068359375,11.739999771118164,244.006,0.66,2.42,1.22,1.92,2.21,98.3646,41.4
2017-02-23,2363.81005859375,11.710000038146973,244.006,0.66,2.38,1.18,1.9,2.23,98.3646,41.4
2017-02-24,2367.340087890625,11.470000267028809,244.006,0.66,2.31,1.12,1.9,2.23,98.3646,41.4
2017-02-27,2369.75,12.09000015258789,244.006,0.66,2.36,1.2,1.86,2.21,98.3646,41.4
2017-02-28,2363.639892578125,12.920000076293945,244.006,0.66,2.36,1.22,1.89,2.19,98.3646,41.4
2017-03-01,2395.9599609375,12.539999961853027,243.892,0.79,2.46,1.29,1.84,2.18,99.0137,29.6
2017-03-02,2381.919921875,11.8100004196167,243.892,0.79,2.49,1.32,1.84,2.16,99.0137,29.6
2017-03-03,2383.1201171875,10.960000038146973,243.892,0.79,2.49,1.32,1.92,2.16,99.0137,29.6
2017-03-06,2375.31005859375,11.239999771118164,243.892,0.79,2.49,1.31,1.9,2.17,99.0137,29.6
2017-03-07,2368.389892578125,11.449999809265137,243.892,0.79,2.52,1.32,1.92,2.15,99.0137,29.6
2017-03-08,2362.97998046875,11.859999656677246,243.892,0.79,2.57,1.36,1.9,2.15,99.0137,29.6
2017-03-09,2364.8701171875,12.300000190734863,243.892,0.79,2.6,1.37,1.89,2.17,99.0137,29.6
2017-03-10,2372.60009765625,11.65999984741211,243.892,0.79,2.58,1.36,1.9,2.18,99.0137,29.6
2017-03-13,2373.469970703125,11.350000381469727,243.892,0.79,2.62,1.4,1.86,2.17,99.0137,29.6
2017-03-14,2365.449951171875,12.300000190734863,243.892,0.79,2.6,1.4,1.88,2.18,99.0137,29.6
2017-03-15,2385.260009765625,11.630000114440918,243.892,0.79,2.51,1.33,1.84,2.2,99.0137,29.6
2017-03-16,2381.3798828125,11.210000038146973,243.892,0.79,2.53,1.35,1.87,2.21,99.0137,29.6
2017-03-17,2378.25,11.279999732971191,243.892,0.79,2.5,1.33,1.89,2.22,99.0137,29.6
2017-03-20,2373.469970703125,11.34000015258789,243.892,0.79,2.47,1.3,1.86,2.23,99.0137,29.6
2017-03-21,2344.02001953125,12.470000267028809,243.892,0.79,2.43,1.27,1.8,2.23,99.0137,29.6
2017-03-22,2348.449951171875,12.8100004196167,243.892,0.79,2.4,1.27,1.79,2.23,99.0137,29.6
2017-03-23,2345.9599609375,13.119999885559082,243.892,0.79,2.41,1.26,1.75,2.24,99.0137,29.6
2017-03-24,2343.97998046875,12.960000038146973,243.892,0.79,2.4,1.26,1.73,2.22,99.0137,29.6
2017-03-27,2341.590087890625,12.5,243.892,0.79,2.38,1.27,1.75,2.23,99.0137,29.6
2017-03-28,2358.570068359375,11.529999732971191,243.892,0.79,2.42,1.3,1.73,2.22,99.0137,29.6
2017-03-29,2361.1298828125,11.420000076293945,243.892,0.79,2.39,1.26,1.8,2.23,99.0137,29.6
2017-03-30,2368.06005859375,11.539999961853027,243.892,0.79,2.42,1.28,1.81,2.23,99.0137,29.6
2017-03-31,2362.719970703125,12.369999885559082,243.892,0.79,2.4,1.27,1.77,2.24,99.0137,29.6
2017-04-03,2358.840087890625,12.380000114440918,244.193,0.9,2.35,1.24,1.73,2.26,100.0224,22.0
2017-04-04,2360.159912109375,11.789999961853027,244.193,0.9,2.36,1.25,1.77,2.26,100.0224,22.0
2017-04-05,2352.949951171875,12.890000343322754,244.193,0.9,2.34,1.24,1.77,2.29,100.0224,22.0
2017-04-06,2357.489990234375,12.390000343322754,244.193,0.9,2.34,1.24,1.71,2.27,100.0224,22.0
2017-04-07,2355.5400390625,12.869999885559082,244.193,0.9,2.38,1.29,1.7,2.24,100.0224,22.0
2017-04-10,2357.159912109375,14.050000190734863,244.193,0.9,2.37,1.29,1.69,2.24,100.0224,22.0
2017-04-11,2353.780029296875,15.069999694824219,244.193,0.9,2.32,1.24,1.7,2.24,100.0224,22.0
2017-04-12,2344.929931640625,15.770000457763672,244.193,0.9,2.28,1.24,1.69,2.28,100.0224,22.0
2017-04-13,2328.949951171875,15.960000038146973,244.193,0.9,2.24,1.21,1.74,2.28,100.0224,22.0
2017-04-17,2349.010009765625,14.65999984741211,244.193,0.9,2.26,1.21,1.69,2.29,100.0224,22.0
2017-04-18,2342.18994140625,14.420000076293945,244.193,0.9,2.18,1.18,1.65,2.29,100.0224,22.0
2017-04-19,2338.169921875,14.930000305175781,244.193,0.9,2.21,1.19,1.66,2.29,100.0224,22.0
2017-04-20,2355.840087890625,14.149999618530273,244.193,0.9,2.24,1.21,1.82,2.28,100.0224,22.0
2017-04-21,2348.68994140625,14.630000114440918,244.193,0.9,2.24,1.2,1.79,2.29,100.0224,22.0
2017-04-24,2374.14990234375,10.84000015258789,244.193,0.9,2.28,1.25,1.81,2.28,100.0224,22.0
2017-04-25,2388.610107421875,10.760000228881836,244.193,0.9,2.35,1.29,1.85,2.26,100.0224,22.0
2017-04-26,2387.449951171875,10.850000381469727,244.193,0.9,2.32,1.28,1.83,2.27,100.0224,22.0
2017-04-27,2388.77001953125,10.359999656677246,244.193,0.9,2.3,1.25,1.81,2.28,100.0224,22.0
2017-04-28,2384.199951171875,10.819999694824219,244.193,0.9,2.29,1.28,1.81,2.28,100.0224,22.0
2017-05-01,2388.330078125,10.109999656677246,244.004,0.91,2.33,1.28,1.8,2.29,100.1408,33.7
2017-05-02,2391.169921875,10.59000015258789,244.004,0.91,2.29,1.27,1.77,2.3,100.1408,33.7
2017-05-03,2388.1298828125,10.680000305175781,244.004,0.91,2.33,1.3,1.76,2.23,100.1408,33.7
2017-05-04,2389.52001953125,10.460000038146973,244.004,0.91,2.36,1.32,1.72,2.25,100.1408,33.7
2017-05-05,2399.2900390625,10.569999694824219,244.004,0.91,2.36,1.32,1.75,2.24,100.1408,33.7
2017-05-08,2399.3798828125,9.770000457763672,244.004,0.91,2.39,1.33,1.75,2.23,100.1408,33.7
2017-05-09,2396.919921875,9.960000038146973,244.004,0.91,2.42,1.37,1.74,2.22,100.1408,33.7
2017-05-10,2399.6298828125,10.210000038146973,244.004,0.91,2.41,1.35,1.78,2.22,100.1408,33.7
2017-05-11,2394.43994140625,10.600000381469727,244.004,0.91,2.39,1.35,1.82,2.24,100.1408,33.7
2017-05-12,2390.89990234375,10.399999618530273,244.004,0.91,2.33,1.29,1.75,2.25,100.1408,33.7
2017-05-15,2402.320068359375,10.420000076293945,244.004,0.91,2.34,1.31,1.74,2.25,100.1408,33.7
2017-05-16,2400.669921875,10.649999618530273,244.004,0.91,2.33,1.29,1.74,2.24,100.1408,33.7
2017-05-17,2357.030029296875,15.59000015258789,244.004,0.91,2.22,1.26,1.7,2.26,100.1408,33.7
2017-05-18,2365.719970703125,14.65999984741211,244.004,0.91,2.23,1.27,1.72,2.26,100.1408,33.7
2017-05-19,2381.72998046875,12.039999961853027,244.004,0.91,2.23,1.28,1.75,2.26,100.1408,33.7
2017-05-22,2394.02001953125,10.930000305175781,244.004,0.91,2.25,1.29,1.75,2.24,100.1408,33.7
2017-05-23,2398.419921875,10.720000267028809,244.004,0.91,2.29,1.31,1.77,2.22,100.1408,33.7
2017-05-24,2404.389892578125,10.020000457763672,244.004,0.91,2.26,1.29,1.73,2.25,100.1408,33.7
2017-05-25,2415.070068359375,9.989999771118164,244.004,0.91,2.25,1.3,1.7,2.24,100.1408,33.7
2017-05-26,2415.820068359375,9.8100004196167,244.004,0.91,2.25,1.3,1.73,2.24,100.1408,33.7
2017-05-30,2412.909912109375,10.380000114440918,244.004,0.91,2.21,1.28,1.73,2.25,100.1408,33.7
2017-05-31,2411.800048828125,10.40999984741211,244.004,0.91,2.21,1.28,1.72,2.23,100.1408,33.7
2017-06-01,2430.06005859375,9.890000343322754,244.163,1.04,2.21,1.28,1.73,2.24,100.3471,28.5
2017-06-02,2439.070068359375,9.75,244.163,1.04,2.15,1.28,1.72,2.24,100.3471,28.5
2017-06-05,2436.10009765625,10.069999694824219,244.163,1.04,2.18,1.32,1.72,2.24,100.3471,28.5
2017-06-06,2429.330078125,10.449999809265137,244.163,1.04,2.14,1.3,1.71,2.25,100.3471,28.5
2017-06-07,2433.139892578125,10.390000343322754,244.163,1.04,2.18,1.32,1.69,2.23,100.3471,28.5
2017-06-08,2433.7900390625,10.15999984741211,244.163,1.04,2.19,1.33,1.69,2.23,100.3471,28.5
2017-06-09,2431.77001953125,10.699999809265137,244.163,1.04,2.21,1.35,1.68,2.21,100.3471,28.5
2017-06-12,2429.389892578125,11.460000038146973,244.163,1.04,2.21,1.35,1.67,2.22,100.3471,28.5
2017-06-13,2440.35009765625,10.420000076293945,244.163,1.04,2.21,1.38,1.67,2.21,100.3471,28.5
2017-06-14,2437.919921875,10.640000343322754,244.163,1.04,2.15,1.35,1.59,2.19,100.3471,28.5
2017-06-15,2432.4599609375,10.899999618530273,244.163,1.04,2.16,1.35,1.56,2.18,100.3471,28.5
2017-06-16,2433.14990234375,10.380000114440918,244.163,1.04,2.16,1.32,1.56,2.19,100.3471,28.5
2017-06-19,2453.4599609375,10.369999885559082,244.163,1.04,2.19,1.36,1.56,2.17,100.3471,28.5
2017-06-20,2437.030029296875,10.859999656677246,244.163,1.04,2.16,1.36,1.54,2.16,100.3471,28.5
2017-06-21,2435.610107421875,10.75,244.163,1.04,2.16,1.36,1.54,2.15,100.3471,28.5
2017-06-22,2434.5,10.479999542236328,244.163,1.04,2.15,1.34,1.57,2.16,100.3471,28.5
2017-06-23,2438.300048828125,10.020000457763672,244.163,1.04,2.15,1.34,1.59,2.15,100.3471,28.5
2017-06-26,2439.070068359375,9.899999618530273,244.163,1.04,2.14,1.36,1.61,2.15,100.3471,28.5
2017-06-27,2419.3798828125,11.0600004196167,244.163,1.04,2.21,1.38,1.62,2.12,100.3471,28.5
2017-06-28,2440.68994140625,10.029999732971191,244.163,1.04,2.22,1.34,1.65,2.14,100.3471,28.5
2017-06-29,2419.699951171875,11.4399995803833,244.163,1.04,2.27,1.38,1.62,2.11,100.3471,28.5
2017-06-30,2423.409912109375,11.180000305175781,244.163,1.04,2.31,1.38,1.63,2.09,100.3471,28.5
2017-07-03,2429.010009765625,11.220000267028809,244.243,1.15,2.35,1.41,1.66,2.07,100.1068,22.6
2017-07-05,2432.5400390625,11.069999694824219,244.243,1.15,2.33,1.41,1.65,2.08,100.1068,22.6
2017-07-06,2409.75,12.539999961853027,244.243,1.15,2.37,1.4,1.66,2.07,100.1068,22.6
2017-07-07,2425.179931640625,11.1899995803833,244.243,1.15,2.39,1.4,1.63,2.08,100.1068,22.6
2017-07-10,2427.429931640625,11.109999656677246,244.243,1.15,2.38,1.4,1.6,2.08,100.1068,22.6
2017-07-11,2425.530029296875,10.890000343322754,244.243,1.15,2.37,1.37,1.61,2.08,100.1068,22.6
2017-07-12,2443.25,10.300000190734863,244.243,1.15,2.33,1.35,1.63,2.09,100.1068,22.6
2017-07-13,2447.830078125,9.899999618530273,244.243,1.15,2.35,1.37,1.64,2.09,100.1068,22.6
2017-07-14,2459.27001953125,9.510000228881836,244.243,1.15,2.33,1.35,1.62,2.09,100.1068,22.6
2017-07-17,2459.139892578125,9.819999694824219,244.243,1.15,2.31,1.36,1.64,2.09,100.1068,22.6
2017-07-18,2460.610107421875,9.890000343322754,244.243,1.15,2.27,1.36,1.62,2.08,100.1068,22.6
2017-07-19,2473.830078125,9.789999961853027,244.243,1.15,2.27,1.37,1.65,2.07,100.1068,22.6
2017-07-20,2473.449951171875,9.579999923706055,244.243,1.15,2.27,1.37,1.62,2.05,100.1068,22.6
2017-07-21,2472.5400390625,9.359999656677246,244.243,1.15,2.24,1.36,1.62,2.05,100.1068,22.6
2017-07-24,2469.909912109375,9.430000305175781,244.243,1.15,2.26,1.37,1.62,2.06,100.1068,22.6
2017-07-25,2477.1298828125,9.430000305175781,244.243,1.15,2.33,1.4,1.67,2.05,100.1068,22.6
2017-07-26,2477.830078125,9.600000381469727,244.243,1.15,2.29,1.36,1.66,2.07,100.1068,22.6
2017-07-27,2475.419921875,10.109999656677246,244.243,1.15,2.32,1.36,1.68,2.07,100.1068,22.6
2017-07-28,2472.10009765625,10.289999961853027,244.243,1.15,2.3,1.34,1.68,2.05,100.1068,22.6
2017-07-31,2470.300048828125,10.260000228881836,244.243,1.15,2.3,1.34,1.67,2.06,100.1068,22.6
2017-08-01,2476.35009765625,10.09000015258789,245.183,1.16,2.26,1.34,1.62,2.06,99.6925,19.9
2017-08-02,2477.570068359375,10.279999732971191,245.183,1.16,2.27,1.36,1.63,2.05,99.6925,19.9
2017-08-03,2472.159912109375,10.4399995803833,245.183,1.16,2.24,1.34,1.62,2.05,99.6925,19.9
2017-08-04,2476.830078125,10.029999732971191,245.183,1.16,2.27,1.36,1.65,2.05,99.6925,19.9
2017-08-07,2480.909912109375,9.930000305175781,245.183,1.16,2.26,1.36,1.65,2.06,99.6925,19.9
2017-08-08,2474.919921875,10.960000038146973,245.183,1.16,2.29,1.36,1.69,2.07,99.6925,19.9
2017-08-09,2474.02001953125,11.109999656677246,245.183,1.16,2.24,1.33,1.7,2.09,99.6925,19.9
2017-08-10,2438.2099609375,16.040000915527344,245.183,1.16,2.2,1.33,1.68,2.11,99.6925,19.9
2017-08-11,2441.320068359375,15.510000228881836,245.183,1.16,2.19,1.3,1.64,2.12,99.6925,19.9
2017-08-14,2465.840087890625,12.329999923706055,245.183,1.16,2.22,1.33,1.59,2.11,99.6925,19.9
2017-08-15,2464.610107421875,12.039999961853027,245.183,1.16,2.27,1.35,1.63,2.09,99.6925,19.9
2017-08-16,2468.110107421875,11.739999771118164,245.183,1.16,2.23,1.33,1.62,2.09,99.6925,19.9
2017-08-17,2430.010009765625,15.550000190734863,245.183,1.16,2.19,1.32,1.61,2.11,99.6925,19.9
2017-08-18,2425.550048828125,14.260000228881836,245.183,1.16,2.19,1.33,1.61,2.12,99.6925,19.9
2017-08-21,2428.3701171875,13.1899995803833,245.183,1.16,2.18,1.32,1.59,2.12,99.6925,19.9
2017-08-22,2452.510009765625,11.350000381469727,245.183,1.16,2.22,1.33,1.61,2.1,99.6925,19.9
2017-08-23,2444.0400390625,12.25,245.183,1.16,2.17,1.32,1.58,2.12,99.6925,19.9
2017-08-24,2438.969970703125,12.229999542236328,245.183,1.16,2.19,1.33,1.6,2.12,99.6925,19.9
2017-08-25,2443.050048828125,11.279999732971191,245.183,1.16,2.17,1.35,1.57,2.12,99.6925,19.9
2017-08-28,2444.239990234375,11.319999694824219,245.183,1.16,2.16,1.33,1.56,2.13,99.6925,19.9
2017-08-29,2446.300048828125,11.699999809265137,245.183,1.16,2.13,1.33,1.54,2.15,99.6925,19.9
2017-08-30,2457.590087890625,11.220000267028809,245.183,1.16,2.15,1.33,1.57,2.14,99.6925,19.9
2017-08-31,2471.64990234375,10.59000015258789,245.183,1.16,2.12,1.33,1.58,2.14,99.6925,19.9
2017-09-01,2476.550048828125,10.130000114440918,246.435,1.15,2.16,1.35,1.63,2.15,99.7954,24.5
2017-09-05,2457.85009765625,12.229999542236328,246.435,1.15,2.07,1.3,1.58,2.16,99.7954,24.5
2017-09-06,2465.5400390625,11.630000114440918,246.435,1.15,2.1,1.3,1.6,2.17,99.7954,24.5
2017-09-07,2465.10009765625,11.550000190734863,246.435,1.15,2.05,1.27,1.61,2.17,99.7954,24.5
2017-09-08,2461.429931640625,12.119999885559082,246.435,1.15,2.06,1.27,1.63,2.17,99.7954,24.5
2017-09-11,2488.110107421875,10.729999542236328,246.435,1.15,2.14,1.32,1.63,2.15,99.7954,24.5
2017-09-12,2496.47998046875,10.579999923706055,246.435,1.15,2.17,1.33,1.67,2.16,99.7954,24.5
2017-09-13,2498.3701171875,10.5,246.435,1.15,2.2,1.35,1.68,2.13,99.7954,24.5
2017-09-14,2495.6201171875,10.4399995803833,246.435,1.15,2.2,1.37,1.7,2.11,99.7954,24.5
2017-09-15,2500.22998046875,10.170000076293945,246.435,1.15,2.2,1.39,1.72,2.1,99.7954,24.5
2017-09-18,2503.8701171875,10.149999618530273,246.435,1.15,2.23,1.4,1.74,2.1,99.7954,24.5
2017-09-19,2506.64990234375,10.180000305175781,246.435,1.15,2.24,1.4,1.74,2.09,99.7954,24.5
2017-09-20,2508.239990234375,9.779999732971191,246.435,1.15,2.28,1.45,1.71,2.06,99.7954,24.5
2017-09-21,2500.60009765625,9.670000076293945,246.435,1.15,2.27,1.45,1.7,2.05,99.7954,24.5
2017-09-22,2502.219970703125,9.59000015258789,246.435,1.15,2.26,1.46,1.71,2.05,99.7954,24.5
2017-09-25,2496.659912109375,10.210000038146973,246.435,1.15,2.22,1.44,1.72,2.06,99.7954,24.5
2017-09-26,2496.840087890625,10.170000076293945,246.435,1.15,2.24,1.45,1.72,2.04,99.7954,24.5
2017-09-27,2507.0400390625,9.869999885559082,246.435,1.15,2.31,1.47,1.74,2.06,99.7954,24.5
2017-09-28,2510.06005859375,9.550000190734863,246.435,1.15,2.31,1.45,1.73,2.05,99.7954,24.5
2017-09-29,2519.360107421875,9.510000228881836,246.435,1.15,2.33,1.47,1.68,2.0,99.7954,24.5
2017-10-02,2529.1201171875,9.449999809265137,246.626,1.15,2.34,1.49,1.73,1.99,101.0247,27.8
2017-10-03,2534.580078125,9.510000228881836,246.626,1.15,2.33,1.47,1.68,2.0,101.0247,27.8
2017-10-04,2537.739990234375,9.630000114440918,246.626,1.15,2.33,1.47,1.73,2.01,101.0247,27.8
2017-10-05,2552.070068359375,9.1899995803833,246.626,1.15,2.35,1.49,1.74,2.0,101.0247,27.8
2017-10-06,2549.330078125,9.649999618530273,246.626,1.15,2.37,1.54,1.78,1.98,101.0247,27.8
2017-10-09,2544.72998046875,10.329999923706055,246.626,1.15,2.37,1.54,1.78,1.98,101.0247,27.8
2017-10-10,2550.639892578125,10.079999923706055,246.626,1.15,2.35,1.51,1.75,1.97,101.0247,27.8
2017-10-11,2555.239990234375,9.850000381469727,246.626,1.15,2.35,1.51,1.75,1.97,101.0247,27.8
2017-10-12,2550.929931640625,9.90999984741211,246.626,1.15,2.33,1.51,1.79,1.97,101.0247,27.8
2017-10-13,2553.169921875,9.609999656677246,246.626,1.15,2.28,1.51,1.71,1.97,101.0247,27.8
2017-10-16,2557.639892578125,9.90999984741211,246.626,1.15,2.3,1.54,1.66,1.97,101.0247,27.8
2017-10-17,2559.360107421875,10.3100004196167,246.626,1.15,2.3,1.54,1.69,1.95,101.0247,27.8
2017-10-18,2561.260009765625,10.069999694824219,246.626,1.15,2.34,1.59,1.69,1.95,101.0247,27.8
2017-10-19,2562.10009765625,10.050000190734863,246.626,1.15,2.33,1.58,1.66,1.94,101.0247,27.8
2017-10-20,2575.2099609375,9.970000267028809,246.626,1.15,2.39,1.6,1.76,1.94,101.0247,27.8
2017-10-23,2564.97998046875,11.069999694824219,246.626,1.15,2.38,1.58,1.69,1.94,101.0247,27.8
2017-10-24,2569.1298828125,11.15999984741211,246.626,1.15,2.42,1.6,1.73,1.92,101.0247,27.8
2017-10-25,2557.14990234375,11.229999542236328,246.626,1.15,2.44,1.61,1.74,1.93,101.0247,27.8
2017-10-26,2560.39990234375,11.300000190734863,246.626,1.15,2.46,1.63,1.76,1.91,101.0247,27.8
2017-10-27,2581.070068359375,9.800000190734863,246.626,1.15,2.42,1.59,1.76,1.93,101.0247,27.8
2017-10-30,2572.830078125,10.5,246.626,1.15,2.37,1.58,1.77,1.92,101.0247,27.8
2017-10-31,2575.260009765625,10.180000305175781,246.626,1.15,2.38,1.6,1.79,1.91,101.0247,27.8
2017-11-01,2579.360107421875,10.199999809265137,247.284,1.16,2.37,1.61,1.71,1.92,101.2664,25.8
2017-11-02,2579.85009765625,9.930000305175781,247.284,1.16,2.35,1.61,1.79,1.91,101.2664,25.8
2017-11-03,2587.840087890625,9.140000343322754,247.284,1.16,2.34,1.63,1.74,1.91,101.2664,25.8
2017-11-06,2591.1298828125,9.399999618530273,247.284,1.16,2.32,1.61,1.77,1.92,101.2664,25.8
2017-11-07,2590.639892578125,9.890000343322754,247.284,1.16,2.32,1.63,1.8,1.9,101.2664,25.8
2017-11-08,2594.3798828125,9.779999732971191,247.284,1.16,2.32,1.65,1.77,1.92,101.2664,25.8
2017-11-09,2584.6201171875,10.5,247.284,1.16,2.33,1.63,1.8,1.93,101.2664,25.8
2017-11-10,2582.300048828125,11.289999961853027,247.284,1.16,2.4,1.67,1.78,1.93,101.2664,25.8
2017-11-13,2584.840087890625,11.5,247.284,1.16,2.4,1.7,1.79,1.93,101.2664,25.8
2017-11-14,2578.8701171875,11.59000015258789,247.284,1.16,2.38,1.68,1.79,1.93,101.2664,25.8
2017-11-15,2564.6201171875,13.130000114440918,247.284,1.16,2.33,1.68,1.78,1.95,101.2664,25.8
2017-11-16,2585.639892578125,11.760000228881836,247.284,1.16,2.37,1.72,1.79,1.92,101.2664,25.8
2017-11-17,2578.85009765625,11.430000305175781,247.284,1.16,2.35,1.73,1.75,1.93,101.2664,25.8
2017-11-20,2582.139892578125,10.649999618530273,247.284,1.16,2.37,1.77,1.74,1.91,101.2664,25.8
2017-11-21,2599.030029296875,9.729999542236328,247.284,1.16,2.36,1.77,1.75,1.88,101.2664,25.8
2017-11-22,2597.080078125,9.880000114440918,247.284,1.16,2.32,1.74,1.75,1.91,101.2664,25.8
2017-11-24,2602.419921875,9.670000076293945,247.284,1.16,2.34,1.75,1.71,1.9,101.2664,25.8
2017-11-27,2601.419921875,9.869999885559082,247.284,1.16,2.32,1.74,1.69,1.93,101.2664,25.8
2017-11-28,2627.0400390625,10.029999732971191,247.284,1.16,2.34,1.75,1.69,1.91,101.2664,25.8
2017-11-29,2626.070068359375,10.699999809265137,247.284,1.16,2.37,1.78,1.69,1.92,101.2664,25.8
2017-11-30,2647.580078125,11.279999732971191,247.284,1.16,2.42,1.78,1.73,1.88,101.2664,25.8
2017-12-01,2642.219970703125,11.430000305175781,247.805,1.3,2.37,1.78,1.72,1.87,101.4644,29.0
2017-12-04,2639.43994140625,11.680000305175781,247.805,1.3,2.37,1.8,1.76,1.87,101.4644,29.0
2017-12-05,2629.570068359375,11.329999923706055,247.805,1.3,2.36,1.83,1.69,1.84,101.4644,29.0
2017-12-06,2629.27001953125,11.020000457763672,247.805,1.3,2.33,1.78,1.74,1.86,101.4644,29.0
2017-12-07,2636.97998046875,10.15999984741211,247.805,1.3,2.37,1.8,1.74,1.88,101.4644,29.0
2017-12-08,2651.5,9.579999923706055,247.805,1.3,2.38,1.8,1.71,1.87,101.4644,29.0
2017-12-11,2659.989990234375,9.34000015258789,247.805,1.3,2.39,1.82,1.76,1.85,101.4644,29.0
2017-12-12,2664.110107421875,9.920000076293945,247.805,1.3,2.4,1.83,1.78,1.84,101.4644,29.0
2017-12-13,2662.85009765625,10.180000305175781,247.805,1.3,2.36,1.79,1.74,1.83,101.4644,29.0
2017-12-14,2652.010009765625,10.489999771118164,247.805,1.3,2.35,1.82,1.76,1.82,101.4644,29.0
2017-12-15,2675.81005859375,9.420000076293945,247.805,1.3,2.35,1.84,1.77,1.8,101.4644,29.0
2017-12-18,2690.159912109375,9.529999732971191,247.805,1.3,2.39,1.84,1.71,1.81,101.4644,29.0
2017-12-19,2681.469970703125,10.029999732971191,247.805,1.3,2.46,1.87,1.74,1.81,101.4644,29.0
2017-12-20,2679.25,9.720000267028809,247.805,1.3,2.49,1.87,1.74,1.82,101.4644,29.0
2017-12-21,2684.570068359375,9.619999885559082,247.805,1.3,2.48,1.89,1.84,1.79,101.4644,29.0
2017-12-22,2683.340087890625,9.899999618530273,247.805,1.3,2.48,1.91,1.82,1.79,101.4644,29.0
2017-12-26,2680.5,10.25,247.805,1.3,2.47,1.92,1.76,1.78,101.4644,29.0
2017-12-27,2682.6201171875,10.470000267028809,247.805,1.3,2.42,1.89,1.82,1.76,101.4644,29.0
2017-12-28,2687.5400390625,10.180000305175781,247.805,1.3,2.43,1.91,1.86,1.76,101.4644,29.0
2017-12-29,2673.610107421875,11.039999961853027,247.805,1.3,2.4,1.89,1.86,1.77,101.4644,29.0
2018-01-02,2695.81005859375,9.770000457763672,248.859,1.41,2.46,1.92,1.9,1.78,101.4625,20.8
2018-01-03,2713.06005859375,9.149999618530273,248.859,1.41,2.44,1.94,1.87,1.77,101.4625,20.8
2018-01-04,2723.989990234375,9.220000267028809,248.859,1.41,2.46,1.96,1.92,1.75,101.4625,20.8
2018-01-05,2743.14990234375,9.220000267028809,248.859,1.41,2.47,1.96,1.95,1.76,101.4625,20.8
2018-01-08,2747.7099609375,9.520000457763672,248.859,1.41,2.49,1.96,1.91,1.74,101.4625,20.8
2018-01-09,2751.2900390625,10.079999923706055,248.859,1.41,2.55,1.98,1.95,1.74,101.4625,20.8
2018-01-10,2748.22998046875,9.819999694824219,248.859,1.41,2.55,1.98,1.94,1.73,101.4625,20.8
2018-01-11,2767.56005859375,9.880000114440918,248.859,1.41,2.54,1.98,1.89,1.69,101.4625,20.8
2018-01-12,2786.239990234375,10.15999984741211,248.859,1.41,2.55,1.99,1.92,1.68,101.4625,20.8
2018-01-16,2776.419921875,11.65999984741211,248.859,1.41,2.54,2.03,1.94,1.66,101.4625,20.8
2018-01-17,2802.56005859375,11.90999984741211,248.859,1.41,2.57,2.05,1.9,1.66,101.4625,20.8
2018-01-18,2798.030029296875,12.220000267028809,248.859,1.41,2.62,2.05,1.99,1.64,101.4625,20.8
2018-01-19,2810.300048828125,11.270000457763672,248.859,1.41,2.64,2.06,2.0,1.64,101.4625,20.8
2018-01-22,2832.969970703125,11.029999732971191,248.859,1.41,2.66,2.08,2.0,1.64,101.4625,20.8
2018-01-23,2839.1298828125,11.100000381469727,248.859,1.41,2.63,2.06,1.92,1.64,101.4625,20.8
2018-01-24,2837.5400390625,11.470000267028809,248.859,1.41,2.65,2.08,1.96,1.65,101.4625,20.8
2018-01-25,2839.25,11.579999923706055,248.859,1.41,2.63,2.08,1.91,1.61,101.4625,20.8
2018-01-26,2872.8701171875,11.079999923706055,248.859,1.41,2.66,2.13,1.93,1.6,101.4625,20.8
2018-01-29,2853.530029296875,13.84000015258789,248.859,1.41,2.7,2.11,1.92,1.59,101.4625,20.8
2018-01-30,2822.429931640625,14.789999961853027,248.859,1.41,2.73,2.13,1.97,1.59,101.4625,20.8
2018-01-31,2823.81005859375,13.539999961853027,248.859,1.41,2.72,2.14,1.98,1.56,101.4625,20.8
2018-02-01,2821.97998046875,13.470000267028809,249.529,1.42,2.78,2.16,1.93,1.56,101.7085,32.3
2018-02-02,2762.1298828125,17.309999465942383,249.529,1.42,2.84,2.15,1.93,1.58,101.7085,32.3
2018-02-05,2648.93994140625,37.31999969482422,249.529,1.42,2.77,2.08,1.95,1.63,101.7085,32.3
2018-02-06,2695.139892578125,29.979999542236328,249.529,1.42,2.79,2.1,1.88,1.61,101.7085,32.3
2018-02-07,2681.659912109375,27.729999542236328,249.529,1.42,2.84,2.15,1.9,1.62,101.7085,32.3
2018-02-08,2581.0,33.459999084472656,249.529,1.42,2.85,2.13,1.89,1.63,101.7085,32.3
2018-02-09,2619.550048828125,29.059999465942383,249.529,1.42,2.83,2.05,1.83,1.67,101.7085,32.3
2018-02-12,2656.0,25.610000610351562,249.529,1.42,2.86,2.09,1.84,1.64,101.7085,32.3
2018-02-13,2662.93994140625,24.969999313354492,249.529,1.42,2.83,2.1,1.88,1.69,101.7085,32.3
2018-02-14,2698.6298828125,19.260000228881836,249.529,1.42,2.91,2.17,1.91,1.66,101.7085,32.3
2018-02-15,2731.199951171875,19.1299991607666,249.529,1.42,2.9,2.19,2.0,1.63,101.7085,32.3
2018-02-16,2732.219970703125,19.459999084472656,249.529,1.42,2.87,2.21,2.0,1.66,101.7085,32.3
2018-02-20,2716.260009765625,20.600000381469727,249.529,1.42,2.88,2.25,2.04,1.67,101.7085,32.3
2018-02-21,2701.330078125,20.020000457763672,249.529,1.42,2.94,2.26,2.06,1.67,101.7085,32.3
2018-02-22,2703.9599609375,18.719999313354492,249.529,1.42,2.92,2.25,2.06,1.68,101.7085,32.3
2018-02-23,2747.300048828125,16.489999771118164,249.529,1.42,2.88,2.25,2.04,1.68,101.7085,32.3
2018-02-26,2779.60009765625,15.800000190734863,249.529,1.42,2.86,2.22,2.07,1.7,101.7085,32.3
2018-02-27,2744.280029296875,18.59000015258789,249.529,1.42,2.9,2.27,2.09,1.69,101.7085,32.3
2018-02-28,2713.830078125,19.850000381469727,249.529,1.42,2.87,2.25,2.04,1.68,101.7085,32.3
2018-03-01,2677.669921875,22.469999313354492,249.577,1.51,2.81,2.22,2.03,1.72,102.2067,19.7
2018-03-02,2691.25,19.59000015258789,249.577,1.51,2.86,2.25,2.03,1.72,102.2067,19.7
2018-03-05,2720.93994140625,18.729999542236328,249.577,1.51,2.88,2.24,2.05,1.72,102.2067,19.7
2018-03-06,2728.1201171875,18.360000610351562,249.577,1.51,2.88,2.25,2.1,1.75,102.2067,19.7
2018-03-07,2726.800048828125,17.760000228881836,249.577,1.51,2.89,2.25,2.1,1.77,102.2067,19.7
2018-03-08,2738.969970703125,16.540000915527344,249.577,1.51,2.86,2.25,2.08,1.78,102.2067,19.7
2018-03-09,2786.570068359375,14.640000343322754,249.577,1.51,2.9,2.27,1.96,1.77,102.2067,19.7
2018-03-12,2783.02001953125,15.779999732971191,249.577,1.51,2.87,2.27,2.02,1.79,102.2067,19.7
2018-03-13,2765.31005859375,16.350000381469727,249.577,1.51,2.84,2.26,2.05,1.8,102.2067,19.7
2018-03-14,2749.47998046875,17.229999542236328,249.577,1.51,2.81,2.26,2.04,1.8,102.2067,19.7
2018-03-15,2747.330078125,16.59000015258789,249.577,1.51,2.82,2.29,2.07,1.81,102.2067,19.7
2018-03-16,2752.010009765625,15.800000190734863,249.577,1.51,2.85,2.31,2.05,1.79,102.2067,19.7
2018-03-19,2712.919921875,19.020000457763672,249.577,1.51,2.85,2.31,2.04,1.8,102.2067,19.7
2018-03-20,2716.93994140625,18.200000762939453,249.577,1.51,2.89,2.34,2.05,1.79,102.2067,19.7
2018-03-21,2711.929931640625,17.860000610351562,249.577,1.51,2.89,2.31,1.96,1.82,102.2067,19.7
2018-03-22,2643.68994140625,23.34000015258789,249.577,1.51,2.83,2.29,2.03,1.84,102.2067,19.7
2018-03-23,2588.260009765625,24.8700008392334,249.577,1.51,2.82,2.28,2.01,1.87,102.2067,19.7
2018-03-26,2658.550048828125,21.030000686645508,249.577,1.51,2.85,2.33,2.01,1.84,102.2067,19.7
2018-03-27,2612.6201171875,22.5,249.577,1.51,2.78,2.26,1.94,1.86,102.2067,19.7
2018-03-28,2605.0,22.8700008392334,249.577,1.51,2.77,2.28,1.91,1.86,102.2067,19.7
2018-03-29,2640.8701171875,19.969999313354492,249.577,1.51,2.74,2.27,1.92,1.85,102.2067,19.7
2018-04-02,2581.8798828125,23.6200008392334,250.227,1.69,2.73,2.25,1.99,1.86,103.3329,23.2
2018-04-03,2614.449951171875,21.100000381469727,250.227,1.69,2.79,2.28,1.99,1.84,103.3329,23.2
2018-04-04,2644.68994140625,20.059999465942383,250.227,1.69,2.79,2.28,2.04,1.85,103.3329,23.2
2018-04-05,2662.840087890625,18.940000534057617,250.227,1.69,2.83,2.3,1.93,1.84,103.3329,23.2
2018-04-06,2604.469970703125,21.489999771118164,250.227,1.69,2.77,2.27,2.01,1.84,103.3329,23.2
2018-04-09,2613.159912109375,21.770000457763672,250.227,1.69,2.78,2.29,2.02,1.83,103.3329,23.2
2018-04-10,2656.8701171875,20.469999313354492,250.227,1.69,2.8,2.32,2.0,1.8,103.3329,23.2
2018-04-11,2642.18994140625,20.239999771118164,250.227,1.69,2.79,2.32,2.06,1.8,103.3329,23.2
2018-04-12,2663.989990234375,18.489999771118164,250.227,1.69,2.83,2.34,2.05,1.79,103.3329,23.2
2018-04-13,2656.300048828125,17.40999984741211,250.227,1.69,2.82,2.37,2.01,1.79,103.3329,23.2
2018-04-16,2677.840087890625,16.559999465942383,250.227,1.69,2.83,2.39,2.08,1.77,103.3329,23.2
2018-04-17,2706.389892578125,15.25,250.227,1.69,2.82,2.41,2.01,1.76,103.3329,23.2
2018-04-18,2708.639892578125,15.600000381469727,250.227,1.69,2.87,2.42,2.04,1.76,103.3329,23.2
2018-04-19,2693.1298828125,15.960000038146973,250.227,1.69,2.92,2.44,2.12,1.77,103.3329,23.2
2018-04-20,2670.139892578125,16.8799991607666,250.227,1.69,2.96,2.46,2.1,1.78,103.3329,23.2
2018-04-23,2670.2900390625,16.34000015258789,250.227,1.69,2.98,2.49,2.11,1.76,103.3329,23.2
2018-04-24,2634.56005859375,18.020000457763672,250.227,1.69,3.0,2.48,2.1,1.77,103.3329,23.2
2018-04-25,2639.39990234375,17.84000015258789,250.227,1.69,3.03,2.49,2.09,1.8,103.3329,23.2
2018-04-26,2666.93994140625,16.239999771118164,250.227,1.69,3.0,2.49,2.1,1.8,103.3329,23.2
2018-04-27,2669.909912109375,15.40999984741211,250.227,1.69,2.96,2.49,2.09,1.8,103.3329,23.2
2018-04-30,2648.050048828125,15.930000305175781,250.227,1.69,2.95,2.49,2.1,1.79,103.3329,23.2
2018-05-01,2654.800048828125,15.489999771118164,250.792,1.7,2.97,2.5,2.09,1.82,102.4024,32.1
2018-05-02,2635.669921875,15.970000267028809,250.792,1.7,2.97,2.49,2.09,1.83,102.4024,32.1
2018-05-03,2629.72998046875,15.899999618530273,250.792,1.7,2.94,2.49,2.09,1.86,102.4024,32.1
2018-05-04,2663.419921875,14.770000457763672,250.792,1.7,2.95,2.51,2.09,1.86,102.4024,32.1
2018-05-07,2672.6298828125,14.75,250.792,1.7,2.95,2.49,2.11,1.87,102.4024,32.1
2018-05-08,2671.919921875,14.710000038146973,250.792,1.7,2.97,2.51,2.1,1.87,102.4024,32.1
2018-05-09,2697.7900390625,13.420000076293945,250.792,1.7,3.0,2.54,2.13,1.86,102.4024,32.1
2018-05-10,2723.070068359375,13.229999542236328,250.792,1.7,2.97,2.54,2.12,1.84,102.4024,32.1
2018-05-11,2727.719970703125,12.649999618530273,250.792,1.7,2.97,2.54,2.13,1.82,102.4024,32.1
2018-05-14,2730.1298828125,12.930000305175781,250.792,1.7,3.0,2.55,2.12,1.81,102.4024,32.1
2018-05-15,2711.449951171875,14.630000114440918,250.792,1.7,3.08,2.58,2.15,1.81,102.4024,32.1
2018-05-16,2722.4599609375,13.420000076293945,250.792,1.7,3.09,2.58,2.16,1.8,102.4024,32.1
2018-05-17,2720.1298828125,13.430000305175781,250.792,1.7,3.11,2.57,2.16,1.82,102.4024,32.1
2018-05-18,2712.969970703125,13.420000076293945,250.792,1.7,3.06,2.55,2.14,1.83,102.4024,32.1
2018-05-21,2733.010009765625,13.079999923706055,250.792,1.7,3.06,2.58,2.15,1.83,102.4024,32.1
2018-05-22,2724.43994140625,13.220000267028809,250.792,1.7,3.06,2.59,2.13,1.83,102.4024,32.1
2018-05-23,2733.2900390625,12.579999923706055,250.792,1.7,3.01,2.53,2.12,1.84,102.4024,32.1
2018-05-24,2727.760009765625,12.529999732971191,250.792,1.7,2.98,2.5,2.11,1.84,102.4024,32.1
2018-05-25,2721.330078125,13.220000267028809,250.792,1.7,2.93,2.48,2.04,1.85,102.4024,32.1
2018-05-29,2689.860107421875,17.020000457763672,250.792,1.7,2.77,2.32,1.98,1.96,102.4024,32.1
2018-05-30,2724.010009765625,14.9399995803833,250.792,1.7,2.84,2.42,2.0,1.91,102.4024,32.1
2018-05-31,2705.27001953125,15.430000305175781,250.792,1.7,2.83,2.4,2.03,1.89,102.4024,32.1
2018-06-01,2734.6201171875,13.460000038146973,251.018,1.82,2.89,2.47,2.06,1.9,103.198,22.2
2018-06-04,2746.8701171875,12.739999771118164,251.018,1.82,2.94,2.52,2.06,1.88,103.198,22.2
2018-06-05,2748.800048828125,12.399999618530273,251.018,1.82,2.92,2.49,2.05,1.9,103.198,22.2
2018-06-06,2772.35009765625,11.640000343322754,251.018,1.82,2.97,2.52,2.06,1.91,103.198,22.2
2018-06-07,2770.3701171875,12.130000114440918,251.018,1.82,2.93,2.5,2.08,1.89,103.198,22.2
2018-06-08,2779.030029296875,12.180000305175781,251.018,1.82,2.93,2.5,2.06,1.9,103.198,22.2
2018-06-11,2782.0,12.350000381469727,251.018,1.82,2.96,2.52,2.08,1.89,103.198,22.2
2018-06-12,2786.85009765625,12.34000015258789,251.018,1.82,2.96,2.54,2.07,1.88,103.198,22.2
2018-06-13,2775.6298828125,12.9399995803833,251.018,1.82,2.98,2.59,2.09,1.87,103.198,22.2
2018-06-14,2782.489990234375,12.119999885559082,251.018,1.82,2.94,2.59,2.07,1.88,103.198,22.2
2018-06-15,2779.659912109375,11.979999542236328,251.018,1.82,2.93,2.55,2.08,1.87,103.198,22.2
2018-06-18,2773.75,12.3100004196167,251.018,1.82,2.92,2.56,2.08,1.9,103.198,22.2
2018-06-19,2762.590087890625,13.350000381469727,251.018,1.82,2.89,2.54,2.07,1.91,103.198,22.2
2018-06-20,2767.320068359375,12.789999961853027,251.018,1.82,2.93,2.56,2.06,1.92,103.198,22.2
2018-06-21,2749.760009765625,14.640000343322754,251.018,1.82,2.9,2.56,2.05,1.95,103.198,22.2
2018-06-22,2754.8798828125,13.770000457763672,251.018,1.82,2.9,2.56,2.07,1.97,103.198,22.2
2018-06-25,2717.070068359375,17.329999923706055,251.018,1.82,2.87,2.54,2.06,1.99,103.198,22.2
2018-06-26,2723.06005859375,15.920000076293945,251.018,1.82,2.88,2.53,2.07,1.99,103.198,22.2
2018-06-27,2699.6298828125,17.90999984741211,251.018,1.82,2.83,2.52,2.07,1.98,103.198,22.2
2018-06-28,2716.31005859375,16.850000381469727,251.018,1.82,2.84,2.52,2.07,2.0,103.198,22.2
2018-06-29,2718.3701171875,16.09000015258789,251.018,1.82,2.85,2.52,2.06,1.99,103.198,22.2
2018-07-02,2726.7099609375,15.600000381469727,251.214,1.91,2.87,2.57,2.07,1.97,103.3646,24.7
2018-07-03,2713.219970703125,16.139999389648438,251.214,1.91,2.83,2.53,2.08,1.99,103.3646,24.7
2018-07-05,2736.610107421875,14.970000267028809,251.214,1.91,2.84,2.55,2.1,1.95,103.3646,24.7
2018-07-06,2759.820068359375,13.369999885559082,251.214,1.91,2.82,2.53,2.08,1.96,103.3646,24.7
2018-07-09,2784.169921875,12.6899995803833,251.214,1.91,2.86,2.57,2.1,1.93,103.3646,24.7
2018-07-10,2793.840087890625,12.640000343322754,251.214,1.91,2.87,2.59,2.09,1.91,103.3646,24.7
2018-07-11,2774.02001953125,13.630000114440918,251.214,1.91,2.85,2.58,2.07,1.91,103.3646,24.7
2018-07-12,2798.2900390625,12.579999923706055,251.214,1.91,2.85,2.6,2.06,1.9,103.3646,24.7
2018-07-13,2801.31005859375,12.180000305175781,251.214,1.91,2.83,2.59,2.07,1.9,103.3646,24.7
2018-07-16,2798.429931640625,12.829999923706055,251.214,1.91,2.85,2.59,2.05,1.91,103.3646,24.7
2018-07-17,2809.550048828125,12.0600004196167,251.214,1.91,2.86,2.62,2.03,1.9,103.3646,24.7
2018-07-18,2815.6201171875,12.100000381469727,251.214,1.91,2.88,2.6,2.03,1.89,103.3646,24.7
2018-07-19,2804.489990234375,12.869999885559082,251.214,1.91,2.84,2.6,2.01,1.9,103.3646,24.7
2018-07-20,2801.830078125,12.859999656677246,251.214,1.91,2.89,2.6,2.02,1.91,103.3646,24.7
2018-07-23,2806.97998046875,12.619999885559082,251.214,1.91,2.96,2.64,2.01,1.91,103.3646,24.7
2018-07-24,2820.39990234375,12.40999984741211,251.214,1.91,2.95,2.63,2.0,1.88,103.3646,24.7
2018-07-25,2846.070068359375,12.289999961853027,251.214,1.91,2.94,2.66,2.01,1.87,103.3646,24.7
2018-07-26,2837.43994140625,12.140000343322754,251.214,1.91,2.98,2.69,2.0,1.85,103.3646,24.7
2018-07-27,2818.820068359375,13.029999732971191,251.214,1.91,2.96,2.67,2.0,1.84,103.3646,24.7
2018-07-30,2802.60009765625,14.260000228881836,251.214,1.91,2.98,2.66,2.01,1.84,103.3646,24.7
2018-07-31,2816.2900390625,12.829999923706055,251.214,1.91,2.96,2.67,2.0,1.83,103.3646,24.7
2018-08-01,2813.360107421875,13.149999618530273,251.663,1.91,3.0,2.67,2.0,1.83,104.0327,8.7
2018-08-02,2827.219970703125,12.1899995803833,251.663,1.91,2.98,2.66,1.99,1.84,104.0327,8.7
2018-08-03,2840.35009765625,11.640000343322754,251.663,1.91,2.95,2.63,2.0,1.84,104.0327,8.7
2018-08-06,2850.39990234375,11.270000457763672,251.663,1.91,2.94,2.64,1.98,1.82,104.0327,8.7
2018-08-07,2858.449951171875,10.930000305175781,251.663,1.91,2.98,2.68,2.0,1.82,104.0327,8.7
2018-08-08,2857.699951171875,10.850000381469727,251.663,1.91,2.96,2.68,1.98,1.84,104.0327,8.7
2018-08-09,2853.580078125,11.270000457763672,251.663,1.91,2.93,2.64,1.97,1.85,104.0327,8.7
2018-08-10,2833.280029296875,13.15999984741211,251.663,1.91,2.87,2.61,1.98,1.87,104.0327,8.7
2018-08-13,2821.929931640625,14.779999732971191,251.663,1.91,2.88,2.61,1.99,1.91,104.0327,8.7
2018-08-14,2839.9599609375,13.3100004196167,251.663,1.91,2.89,2.63,1.99,1.9,104.0327,8.7
2018-08-15,2818.3701171875,14.640000343322754,251.663,1.91,2.86,2.61,1.97,1.9,104.0327,8.7
2018-08-16,2840.68994140625,13.449999809265137,251.663,1.91,2.87,2.63,1.97,1.89,104.0327,8.7
2018-08-17,2850.1298828125,12.640000343322754,251.663,1.91,2.87,2.61,1.96,1.89,104.0327,8.7
2018-08-20,2857.050048828125,12.489999771118164,251.663,1.91,2.82,2.6,1.95,1.89,104.0327,8.7
2018-08-21,2862.9599609375,12.859999656677246,251.663,1.91,2.85,2.61,1.97,1.88,104.0327,8.7
2018-08-22,2861.820068359375,12.25,251.663,1.91,2.82,2.6,1.96,1.91,104.0327,8.7
2018-08-23,2856.97998046875,12.40999984741211,251.663,1.91,2.82,2.61,1.99,1.9,104.0327,8.7
2018-08-24,2874.68994140625,11.989999771118164,251.663,1.91,2.82,2.63,1.99,1.9,104.0327,8.7
2018-08-27,2896.739990234375,12.15999984741211,251.663,1.91,2.85,2.67,2.0,1.89,104.0327,8.7
2018-08-28,2897.52001953125,12.5,251.663,1.91,2.88,2.67,1.99,1.9,104.0327,8.7
2018-08-29,2914.0400390625,12.25,251.663,1.91,2.89,2.67,2.0,1.88,104.0327,8.7
2018-08-30,2901.1298828125,13.529999732971191,251.663,1.91,2.86,2.64,1.99,1.9,104.0327,8.7
2018-08-31,2901.52001953125,12.859999656677246,251.663,1.91,2.86,2.62,1.98,1.92,104.0327,8.7
2018-09-04,2896.719970703125,13.15999984741211,252.182,1.95,2.9,2.66,1.99,1.94,104.1004,22.2
2018-09-05,2888.60009765625,13.90999984741211,252.182,1.95,2.9,2.66,1.98,1.95,104.1004,22.2
2018-09-06,2878.050048828125,14.649999618530273,252.182,1.95,2.88,2.64,1.97,1.93,104.1004,22.2
2018-09-07,2871.679931640625,14.880000114440918,252.182,1.95,2.94,2.71,1.98,1.93,104.1004,22.2
2018-09-10,2877.1298828125,14.15999984741211,252.182,1.95,2.94,2.73,1.98,1.92,104.1004,22.2
2018-09-11,2887.889892578125,13.220000267028809,252.182,1.95,2.98,2.76,2.01,1.9,104.1004,22.2
2018-09-12,2888.919921875,13.140000343322754,252.182,1.95,2.97,2.74,2.02,1.89,104.1004,22.2
2018-09-13,2904.179931640625,12.369999885559082,252.182,1.95,2.97,2.76,1.98,1.87,104.1004,22.2
2018-09-14,2904.97998046875,12.069999694824219,252.182,1.95,2.99,2.78,2.0,1.88,104.1004,22.2
2018-09-17,2888.800048828125,13.680000305175781,252.182,1.95,2.99,2.78,1.99,1.88,104.1004,22.2
2018-09-18,2904.31005859375,12.789999961853027,252.182,1.95,3.05,2.81,2.01,1.88,104.1004,22.2
2018-09-19,2907.949951171875,11.75,252.182,1.95,3.08,2.81,2.02,1.88,104.1004,22.2
2018-09-20,2930.75,11.800000190734863,252.182,1.95,3.07,2.81,2.02,1.85,104.1004,22.2
2018-09-21,2929.669921875,11.680000305175781,252.182,1.95,3.07,2.81,2.02,1.83,104.1004,22.2
2018-09-24,2919.3701171875,12.199999809265137,252.182,1.95,3.08,2.83,2.03,1.84,104.1004,22.2
2018-09-25,2915.56005859375,12.420000076293945,252.182,1.95,3.1,2.83,2.05,1.83,104.1004,22.2
2018-09-26,2905.969970703125,12.890000343322754,252.182,1.95,3.06,2.83,2.04,1.84,104.1004,22.2
2018-09-27,2914.0,12.40999984741211,252.182,1.95,3.06,2.83,2.04,1.83,104.1004,22.2
2018-09-28,2913.97998046875,12.119999885559082,252.182,1.95,3.05,2.81,2.03,1.84,104.1004,22.2
2018-10-01,2924.590087890625,12.0,252.772,2.19,3.09,2.82,2.04,1.83,103.9856,20.7
2018-10-02,2923.429931640625,12.050000190734863,252.772,2.19,3.05,2.82,2.03,1.84,103.9856,20.7
2018-10-03,2925.510009765625,11.609999656677246,252.772,2.19,3.15,2.85,2.07,1.83,103.9856,20.7
2018-10-04,2901.610107421875,14.220000267028809,252.772,2.19,3.19,2.87,2.06,1.84,103.9856,20.7
2018-10-05,2885.570068359375,14.819999694824219,252.772,2.19,3.23,2.88,2.05,1.85,103.9856,20.7
2018-10-08,2884.429931640625,15.6899995803833,252.772,2.19,3.23,2.88,2.05,1.85,103.9856,20.7
2018-10-09,2880.340087890625,15.949999809265137,252.772,2.19,3.21,2.88,2.05,1.84,103.9856,20.7
2018-10-10,2785.679931640625,22.959999084472656,252.772,2.19,3.22,2.88,2.04,1.86,103.9856,20.7
2018-10-11,2728.3701171875,24.979999542236328,252.772,2.19,3.14,2.85,1.99,1.88,103.9856,20.7
2018-10-12,2767.1298828125,21.309999465942383,252.772,2.19,3.15,2.85,1.99,1.88,103.9856,20.7
2018-10-15,2750.7900390625,21.299999237060547,252.772,2.19,3.16,2.85,2.0,1.89,103.9856,20.7
2018-10-16,2809.919921875,17.6200008392334,252.772,2.19,3.16,2.87,2.01,1.88,103.9856,20.7
2018-10-17,2809.2099609375,17.399999618530273,252.772,2.19,3.19,2.89,2.0,1.88,103.9856,20.7
2018-10-18,2768.780029296875,20.059999465942383,252.772,2.19,3.17,2.87,1.99,1.92,103.9856,20.7
2018-10-19,2767.780029296875,19.889999389648438,252.772,2.19,3.2,2.92,1.98,1.92,103.9856,20.7
2018-10-22,2755.8798828125,19.639999389648438,252.772,2.19,3.2,2.92,1.98,1.92,103.9856,20.7
2018-10-23,2740.68994140625,20.709999084472656,252.772,2.19,3.17,2.89,1.94,1.96,103.9856,20.7
2018-10-24,2656.10009765625,25.229999542236328,252.772,2.19,3.1,2.84,1.93,1.99,103.9856,20.7
2018-10-25,2705.570068359375,24.219999313354492,252.772,2.19,3.14,2.86,1.91,1.98,103.9856,20.7
2018-10-26,2658.68994140625,24.15999984741211,252.772,2.19,3.08,2.81,1.93,2.02,103.9856,20.7
2018-10-29,2641.25,24.700000762939453,252.772,2.19,3.08,2.81,1.92,2.02,103.9856,20.7
2018-10-30,2682.6298828125,23.350000381469727,252.772,2.19,3.12,2.84,1.91,2.03,103.9856,20.7
2018-10-31,2711.739990234375,21.229999542236328,252.772,2.19,3.15,2.87,1.9,2.03,103.9856,20.7
2018-11-01,2740.3701171875,19.34000015258789,252.594,2.2,3.14,2.84,1.88,2.04,104.0681,14.8
2018-11-02,2723.06005859375,19.510000228881836,252.594,2.2,3.22,2.91,1.91,2.02,104.0681,14.8
2018-11-05,2738.31005859375,19.959999084472656,252.594,2.2,3.2,2.91,1.91,2.02,104.0681,14.8
2018-11-06,2755.449951171875,19.90999984741211,252.594,2.2,3.22,2.93,1.92,1.98,104.0681,14.8
2018-11-07,2813.889892578125,16.360000610351562,252.594,2.2,3.22,2.96,1.93,1.96,104.0681,14.8
2018-11-08,2806.830078125,16.719999313354492,252.594,2.2,3.24,2.98,1.92,1.96,104.0681,14.8
2018-11-09,2781.010009765625,17.360000610351562,252.594,2.2,3.19,2.94,1.9,1.98,104.0681,14.8
2018-11-12,2726.219970703125,20.450000762939453,252.594,2.2,3.19,2.94,1.9,1.98,104.0681,14.8
2018-11-13,2722.179931640625,20.020000457763672,252.594,2.2,3.14,2.89,1.88,2.04,104.0681,14.8
2018-11-14,2701.580078125,21.25,252.594,2.2,3.12,2.86,1.85,2.09,104.0681,14.8
2018-11-15,2730.199951171875,19.979999542236328,252.594,2.2,3.11,2.86,1.85,2.13,104.0681,14.8
2018-11-16,2736.27001953125,18.139999389648438,252.594,2.2,3.08,2.81,1.88,2.13,104.0681,14.8
2018-11-19,2690.72998046875,20.100000381469727,252.594,2.2,3.06,2.79,1.85,2.16,104.0681,14.8
2018-11-20,2641.889892578125,22.479999542236328,252.594,2.2,3.06,2.79,1.82,2.17,104.0681,14.8
2018-11-21,2649.929931640625,20.799999237060547,252.594,2.2,3.06,2.81,1.81,2.17,104.0681,14.8
2018-11-23,2632.56005859375,21.520000457763672,252.594,2.2,3.05,2.81,1.77,2.18,104.0681,14.8
2018-11-26,2673.449951171875,18.899999618530273,252.594,2.2,3.07,2.84,1.78,2.16,104.0681,14.8
2018-11-27,2682.169921875,19.020000457763672,252.594,2.2,3.06,2.83,1.73,2.2,104.0681,14.8
2018-11-28,2743.7900390625,18.489999771118164,252.594,2.2,3.06,2.81,1.74,2.22,104.0681,14.8
2018-11-29,2737.800048828125,18.790000915527344,252.594,2.2,3.03,2.81,1.79,2.26,104.0681,14.8
2018-11-30,2760.169921875,18.06999969482422,252.594,2.2,3.01,2.8,1.77,2.27,104.0681,14.8
2018-12-03,2790.3701171875,16.440000534057617,252.767,2.27,2.98,2.83,1.76,2.26,104.0936,10.9
2018-12-04,2700.06005859375,20.739999771118164,252.767,2.27,2.91,2.8,1.74,2.25,104.0936,10.9
2018-12-06,2695.949951171875,21.190000534057617,252.767,2.27,2.87,2.75,1.69,2.29,104.0936,10.9
2018-12-07,2633.080078125,23.229999542236328,252.767,2.27,2.85,2.72,1.68,2.31,104.0936,10.9
2018-12-10,2637.719970703125,22.639999389648438,252.767,2.27,2.85,2.72,1.65,2.31,104.0936,10.9
2018-12-11,2636.780029296875,21.760000228881836,252.767,2.27,2.89,2.78,1.62,2.26,104.0936,10.9
2018-12-12,2651.070068359375,21.459999084472656,252.767,2.27,2.91,2.77,1.62,2.24,104.0936,10.9
2018-12-13,2650.5400390625,20.649999618530273,252.767,2.27,2.91,2.75,1.62,2.25,104.0936,10.9
2018-12-14,2599.949951171875,21.6299991607666,252.767,2.27,2.89,2.73,1.6,2.25,104.0936,10.9
2018-12-17,2545.93994140625,24.520000457763672,252.767,2.27,2.86,2.7,1.58,2.25,104.0936,10.9
2018-12-18,2546.159912109375,25.579999923706055,252.767,2.27,2.82,2.65,1.58,2.26,104.0936,10.9
2018-12-19,2506.9599609375,25.579999923706055,252.767,2.27,2.77,2.63,1.56,2.27,104.0936,10.9
2018-12-20,2467.419921875,28.3799991607666,252.767,2.27,2.79,2.67,1.53,2.28,104.0936,10.9
2018-12-21,2416.6201171875,30.110000610351562,252.767,2.27,2.79,2.63,1.55,2.31,104.0936,10.9
2018-12-24,2351.10009765625,36.06999969482422,252.767,2.27,2.74,2.55,1.52,2.35,104.0936,10.9
2018-12-26,2467.699951171875,30.40999984741211,252.767,2.27,2.81,2.61,1.57,2.33,104.0936,10.9
2018-12-27,2488.830078125,29.959999084472656,252.767,2.27,2.77,2.56,1.53,2.36,104.0936,10.9
2018-12-28,2485.739990234375,28.34000015258789,252.767,2.27,2.72,2.52,1.52,2.44,104.0936,10.9
2018-12-31,2506.85009765625,25.420000076293945,252.767,2.27,2.69,2.48,1.51,2.45,104.0936,10.9
2019-01-02,2510.030029296875,23.219999313354492,252.561,2.4,2.66,2.5,1.49,2.45,103.4021,11.6
2019-01-03,2447.889892578125,25.450000762939453,252.561,2.4,2.56,2.39,1.49,2.48,103.4021,11.6
2019-01-04,2531.93994140625,21.3799991607666,252.561,2.4,2.67,2.5,1.58,2.45,103.4021,11.6
2019-01-07,2549.68994140625,21.399999618530273,252.561,2.4,2.7,2.53,1.61,2.42,103.4021,11.6
2019-01-08,2574.409912109375,20.469999313354492,252.561,2.4,2.73,2.58,1.66,2.39,103.4021,11.6
2019-01-09,2584.9599609375,19.979999542236328,252.561,2.4,2.74,2.56,1.68,2.39,103.4021,11.6
2019-01-10,2596.639892578125,19.5,252.561,2.4,2.74,2.56,1.65,2.42,103.4021,11.6
2019-01-11,2596.260009765625,18.190000534057617,252.561,2.4,2.71,2.55,1.66,2.42,103.4021,11.6
2019-01-14,2582.610107421875,19.06999969482422,252.561,2.4,2.71,2.53,1.64,2.46,103.4021,11.6
2019-01-15,2610.300048828125,18.600000381469727,252.561,2.4,2.72,2.53,1.63,2.46,103.4021,11.6
2019-01-16,2616.10009765625,19.040000915527344,252.561,2.4,2.73,2.55,1.64,2.45,103.4021,11.6
2019-01-17,2635.9599609375,18.059999465942383,252.561,2.4,2.75,2.56,1.64,2.43,103.4021,11.6
2019-01-18,2670.7099609375,17.799999237060547,252.561,2.4,2.79,2.62,1.67,2.38,103.4021,11.6
2019-01-22,2632.89990234375,20.799999237060547,252.561,2.4,2.74,2.58,1.63,2.38,103.4021,11.6
2019-01-23,2638.699951171875,19.520000457763672,252.561,2.4,2.76,2.58,1.64,2.37,103.4021,11.6
2019-01-24,2642.330078125,18.889999389648438,252.561,2.4,2.72,2.56,1.62,2.37,103.4021,11.6
2019-01-25,2664.760009765625,17.420000076293945,252.561,2.4,2.76,2.6,1.64,2.34,103.4021,11.6
2019-01-28,2643.85009765625,18.8700008392334,252.561,2.4,2.75,2.6,1.62,2.36,103.4021,11.6
2019-01-29,2640.0,19.1299991607666,252.561,2.4,2.72,2.56,1.62,2.36,103.4021,11.6
2019-01-30,2681.050048828125,17.65999984741211,252.561,2.4,2.7,2.52,1.68,2.37,103.4021,11.6
2019-01-31,2704.10009765625,16.56999969482422,252.561,2.4,2.63,2.45,1.7,2.38,103.4021,11.6
2019-02-01,2706.530029296875,16.139999389648438,253.319,2.4,2.7,2.52,1.72,2.31,102.8371,0.8
2019-02-04,2724.8701171875,15.729999542236328,253.319,2.4,2.73,2.53,1.72,2.3,102.8371,0.8
2019-02-05,2737.699951171875,15.569999694824219,253.319,2.4,2.71,2.53,1.72,2.27,102.8371,0.8
2019-02-06,2731.610107421875,15.380000114440918,253.319,2.4,2.7,2.52,1.71,2.28,102.8371,0.8
2019-02-07,2706.050048828125,16.3700008392334,253.319,2.4,2.65,2.48,1.69,2.31,102.8371,0.8
2019-02-08,2707.8798828125,15.720000267028809,253.319,2.4,2.63,2.45,1.69,2.3,102.8371,0.8
2019-02-11,2709.800048828125,15.970000267028809,253.319,2.4,2.65,2.48,1.69,2.3,102.8371,0.8
2019-02-12,2744.72998046875,15.430000305175781,253.319,2.4,2.68,2.5,1.71,2.3,102.8371,0.8
2019-02-13,2753.030029296875,15.649999618530273,253.319,2.4,2.71,2.53,1.76,2.27,102.8371,0.8
2019-02-14,2745.72998046875,16.219999313354492,253.319,2.4,2.66,2.5,1.74,2.3,102.8371,0.8
2019-02-15,2775.60009765625,14.90999984741211,253.319,2.4,2.66,2.52,1.75,2.28,102.8371,0.8
2019-02-19,2779.760009765625,14.880000114440918,253.319,2.4,2.65,2.5,1.76,2.28,102.8371,0.8
2019-02-20,2784.699951171875,14.020000457763672,253.319,2.4,2.65,2.5,1.79,2.23,102.8371,0.8
2019-02-21,2774.8798828125,14.460000038146973,253.319,2.4,2.69,2.53,1.8,2.23,102.8371,0.8
2019-02-22,2792.669921875,13.510000228881836,253.319,2.4,2.65,2.48,1.82,2.25,102.8371,0.8
2019-02-25,2796.110107421875,14.850000381469727,253.319,2.4,2.67,2.51,1.82,2.23,102.8371,0.8
2019-02-26,2793.89990234375,15.170000076293945,253.319,2.4,2.64,2.48,1.82,2.24,102.8371,0.8
2019-02-27,2792.3798828125,14.699999809265137,253.319,2.4,2.69,2.5,1.84,2.25,102.8371,0.8
2019-02-28,2784.489990234375,14.779999732971191,253.319,2.4,2.73,2.52,1.84,2.22,102.8371,0.8
2019-03-01,2803.68994140625,13.569999694824219,254.277,2.41,2.76,2.55,1.85,2.22,102.8757,9.1
2019-03-04,2792.81005859375,14.630000114440918,254.277,2.41,2.72,2.55,1.84,2.22,102.8757,9.1
2019-03-05,2789.64990234375,14.739999771118164,254.277,2.41,2.72,2.55,1.83,2.22,102.8757,9.1
2019-03-06,2771.449951171875,15.739999771118164,254.277,2.41,2.69,2.52,1.81,2.25,102.8757,9.1
2019-03-07,2748.929931640625,16.59000015258789,254.277,2.41,2.64,2.47,1.8,2.25,102.8757,9.1
2019-03-08,2743.070068359375,16.049999237060547,254.277,2.41,2.62,2.45,1.8,2.27,102.8757,9.1
2019-03-11,2783.300048828125,14.329999923706055,254.277,2.41,2.64,2.47,1.82,2.27,102.8757,9.1
2019-03-12,2791.52001953125,13.770000457763672,254.277,2.41,2.61,2.45,1.81,2.25,102.8757,9.1
2019-03-13,2810.919921875,13.40999984741211,254.277,2.41,2.61,2.45,1.84,2.26,102.8757,9.1
2019-03-14,2808.47998046875,13.5,254.277,2.41,2.63,2.46,1.85,2.27,102.8757,9.1
2019-03-15,2822.47998046875,12.880000114440918,254.277,2.41,2.59,2.43,1.86,2.28,102.8757,9.1
2019-03-18,2832.93994140625,13.100000381469727,254.277,2.41,2.6,2.45,1.88,2.27,102.8757,9.1
2019-03-19,2832.570068359375,13.5600004196167,254.277,2.41,2.61,2.46,1.85,2.27,102.8757,9.1
2019-03-20,2824.22998046875,13.90999984741211,254.277,2.41,2.54,2.4,1.88,2.29,102.8757,9.1
2019-03-21,2854.8798828125,13.630000114440918,254.277,2.41,2.54,2.41,1.86,2.28,102.8757,9.1
2019-03-22,2800.7099609375,16.479999542236328,254.277,2.41,2.44,2.31,1.8,2.3,102.8757,9.1
2019-03-25,2798.360107421875,16.329999923706055,254.277,2.41,2.43,2.26,1.77,2.28,102.8757,9.1
2019-03-26,2818.4599609375,14.680000305175781,254.277,2.41,2.41,2.24,1.75,2.3,102.8757,9.1
2019-03-27,2805.3701171875,15.149999618530273,254.277,2.41,2.39,2.22,1.74,2.28,102.8757,9.1
2019-03-28,2815.43994140625,14.430000305175781,254.277,2.41,2.39,2.23,1.72,2.27,102.8757,9.1
2019-03-29,2834.39990234375,13.710000038146973,254.277,2.41,2.41,2.27,1.78,2.26,102.8757,9.1
2019-04-01,2867.18994140625,13.399999618530273,255.233,2.42,2.49,2.33,1.82,2.24,102.274,8.9
2019-04-02,2867.239990234375,13.359999656677246,255.233,2.42,2.48,2.3,1.81,2.24,102.274,8.9
2019-04-03,2873.39990234375,13.739999771118164,255.233,2.42,2.52,2.33,1.81,2.23,102.274,8.9
2019-04-04,2879.389892578125,13.579999923706055,255.233,2.42,2.51,2.33,1.81,2.22,102.274,8.9
2019-04-05,2892.739990234375,12.819999694824219,255.233,2.42,2.5,2.35,1.79,2.22,102.274,8.9
2019-04-08,2895.77001953125,13.180000305175781,255.233,2.42,2.52,2.36,1.81,2.21,102.274,8.9
2019-04-09,2878.199951171875,14.279999732971191,255.233,2.42,2.51,2.35,1.8,2.19,102.274,8.9
2019-04-10,2888.2099609375,13.300000190734863,255.233,2.42,2.48,2.31,1.83,2.21,102.274,8.9
2019-04-11,2888.320068359375,13.020000457763672,255.233,2.42,2.51,2.35,1.82,2.2,102.274,8.9
2019-04-12,2907.409912109375,12.010000228881836,255.233,2.42,2.56,2.4,1.86,2.15,102.274,8.9
2019-04-15,2905.580078125,12.319999694824219,255.233,2.42,2.55,2.4,1.85,2.15,102.274,8.9
2019-04-16,2907.06005859375,12.180000305175781,255.233,2.42,2.6,2.41,1.86,2.12,102.274,8.9
2019-04-17,2900.449951171875,12.600000381469727,255.233,2.42,2.59,2.4,1.84,2.13,102.274,8.9
2019-04-18,2905.030029296875,12.09000015258789,255.233,2.42,2.57,2.38,1.86,2.12,102.274,8.9
2019-04-22,2907.969970703125,12.420000076293945,255.233,2.42,2.59,2.38,1.87,2.14,102.274,8.9
2019-04-23,2933.679931640625,12.279999732971191,255.233,2.42,2.57,2.36,1.87,2.14,102.274,8.9
2019-04-24,2927.25,13.140000343322754,255.233,2.42,2.53,2.32,1.87,2.14,102.274,8.9
2019-04-25,2926.169921875,13.25,255.233,2.42,2.54,2.33,1.86,2.14,102.274,8.9
2019-04-26,2939.8798828125,12.729999542236328,255.233,2.42,2.51,2.28,1.86,2.13,102.274,8.9
2019-04-29,2943.030029296875,13.109999656677246,255.233,2.42,2.54,2.3,1.86,2.13,102.274,8.9
2019-04-30,2945.830078125,13.119999885559082,255.233,2.42,2.51,2.27,1.85,2.14,102.274,8.9
2019-05-01,2923.72998046875,14.800000190734863,255.296,2.39,2.52,2.31,1.83,2.11,102.392,17.8
2019-05-02,2917.52001953125,14.420000076293945,255.296,2.39,2.55,2.35,1.78,2.12,102.392,17.8
2019-05-03,2945.639892578125,12.869999885559082,255.296,2.39,2.54,2.33,1.8,2.11,102.392,17.8
2019-05-06,2932.469970703125,15.4399995803833,255.296,2.39,2.51,2.31,1.81,2.14,102.392,17.8
2019-05-07,2884.050048828125,19.31999969482422,255.296,2.39,2.45,2.28,1.76,2.17,102.392,17.8
2019-05-08,2879.419921875,19.399999618530273,255.296,2.39,2.49,2.3,1.75,2.17,102.392,17.8
2019-05-09,2870.719970703125,19.100000381469727,255.296,2.39,2.45,2.26,1.73,2.21,102.392,17.8
2019-05-10,2881.39990234375,16.040000915527344,255.296,2.39,2.47,2.26,1.75,2.2,102.392,17.8
2019-05-13,2811.8701171875,20.549999237060547,255.296,2.39,2.4,2.18,1.73,2.25,102.392,17.8
2019-05-14,2834.409912109375,18.059999465942383,255.296,2.39,2.42,2.2,1.75,2.24,102.392,17.8
2019-05-15,2850.9599609375,16.440000534057617,255.296,2.39,2.37,2.16,1.74,2.26,102.392,17.8
2019-05-16,2876.320068359375,15.289999961853027,255.296,2.39,2.4,2.2,1.75,2.24,102.392,17.8
2019-05-17,2859.530029296875,15.960000038146973,255.296,2.39,2.39,2.2,1.71,2.24,102.392,17.8
2019-05-20,2840.22998046875,16.309999465942383,255.296,2.39,2.41,2.21,1.71,2.24,102.392,17.8
2019-05-21,2864.360107421875,14.949999809265137,255.296,2.39,2.43,2.26,1.72,2.23,102.392,17.8
2019-05-22,2856.27001953125,14.75,255.296,2.39,2.39,2.23,1.68,2.26,102.392,17.8
2019-05-23,2822.239990234375,16.920000076293945,255.296,2.39,2.31,2.12,1.62,2.28,102.392,17.8
2019-05-24,2826.06005859375,15.850000381469727,255.296,2.39,2.32,2.16,1.62,2.31,102.392,17.8
2019-05-28,2802.389892578125,17.5,255.296,2.39,2.26,2.12,1.58,2.32,102.392,17.8
2019-05-29,2783.02001953125,17.899999618530273,255.296,2.39,2.25,2.09,1.59,2.33,102.392,17.8
2019-05-30,2788.860107421875,17.299999237060547,255.296,2.39,2.22,2.06,1.59,2.33,102.392,17.8
2019-05-31,2752.06005859375,18.709999084472656,255.296,2.39,2.14,1.95,1.58,2.37,102.392,17.8
2019-06-03,2744.449951171875,18.860000610351562,255.213,2.38,2.07,1.82,1.56,2.42,102.4375,2.5
2019-06-04,2803.27001953125,16.969999313354492,255.213,2.38,2.12,1.88,1.59,2.42,102.4375,2.5
2019-06-05,2826.14990234375,16.09000015258789,255.213,2.38,2.12,1.83,1.59,2.45,102.4375,2.5
2019-06-06,2843.489990234375,15.930000305175781,255.213,2.38,2.12,1.88,1.58,2.44,102.4375,2.5
2019-06-07,2873.340087890625,16.299999237060547,255.213,2.38,2.09,1.85,1.61,2.42,102.4375,2.5
2019-06-10,2886.72998046875,15.9399995803833,255.213,2.38,2.15,1.9,1.6,2.39,102.4375,2.5
2019-06-11,2885.719970703125,15.989999771118164,255.213,2.38,2.15,1.93,1.57,2.38,102.4375,2.5
2019-06-12,2879.840087890625,15.90999984741211,255.213,2.38,2.13,1.88,1.53,2.41,102.4375,2.5
2019-06-13,2891.639892578125,15.819999694824219,255.213,2.38,2.1,1.83,1.51,2.42,102.4375,2.5
2019-06-14,2886.97998046875,15.279999732971191,255.213,2.38,2.09,1.84,1.48,2.42,102.4375,2.5
2019-06-17,2889.669921875,15.350000381469727,255.213,2.38,2.09,1.86,1.45,2.41,102.4375,2.5
2019-06-18,2917.75,15.149999618530273,255.213,2.38,2.06,1.86,1.49,2.4,102.4375,2.5
2019-06-19,2926.4599609375,14.329999923706055,255.213,2.38,2.03,1.74,1.53,2.41,102.4375,2.5
2019-06-20,2954.179931640625,14.75,255.213,2.38,2.01,1.72,1.58,2.38,102.4375,2.5
2019-06-21,2950.4599609375,15.399999618530273,255.213,2.38,2.07,1.77,1.6,2.35,102.4375,2.5
2019-06-24,2945.35009765625,15.260000228881836,255.213,2.38,2.02,1.72,1.57,2.33,102.4375,2.5
2019-06-25,2917.3798828125,16.280000686645508,255.213,2.38,2.0,1.71,1.52,2.34,102.4375,2.5
2019-06-26,2913.780029296875,16.209999084472656,255.213,2.38,2.05,1.77,1.56,2.32,102.4375,2.5
2019-06-27,2924.919921875,15.819999694824219,255.213,2.38,2.01,1.74,1.53,2.31,102.4375,2.5
2019-06-28,2941.760009765625,15.079999923706055,255.213,2.38,2.0,1.75,1.53,2.31,102.4375,2.5
2019-07-01,2964.330078125,14.0600004196167,255.802,2.4,2.03,1.78,1.53,2.29,101.9408,21.6
2019-07-02,2973.010009765625,12.930000305175781,255.802,2.4,1.98,1.77,1.5,2.29,101.9408,21.6
2019-07-03,2995.820068359375,12.569999694824219,255.802,2.4,1.96,1.77,1.51,2.26,101.9408,21.6
2019-07-05,2990.409912109375,13.279999732971191,255.802,2.4,2.04,1.87,1.55,2.26,101.9408,21.6
2019-07-08,2975.949951171875,13.960000038146973,255.802,2.4,2.05,1.88,1.55,2.23,101.9408,21.6
2019-07-09,2979.6298828125,14.09000015258789,255.802,2.4,2.07,1.92,1.56,2.22,101.9408,21.6
2019-07-10,2993.070068359375,13.029999732971191,255.802,2.4,2.07,1.82,1.59,2.25,101.9408,21.6
2019-07-11,2999.909912109375,12.930000305175781,255.802,2.4,2.13,1.85,1.63,2.25,101.9408,21.6
2019-07-12,3013.77001953125,12.390000343322754,255.802,2.4,2.12,1.84,1.62,2.25,101.9408,21.6
2019-07-15,3014.300048828125,12.680000305175781,255.802,2.4,2.09,1.83,1.61,2.25,101.9408,21.6
2019-07-16,3004.0400390625,12.859999656677246,255.802,2.4,2.13,1.87,1.63,2.23,101.9408,21.6
2019-07-17,2984.419921875,13.970000267028809,255.802,2.4,2.06,1.83,1.6,2.24,101.9408,21.6
2019-07-18,2995.110107421875,13.529999732971191,255.802,2.4,2.04,1.77,1.6,2.27,101.9408,21.6
2019-07-19,2976.610107421875,14.449999809265137,255.802,2.4,2.05,1.8,1.6,2.26,101.9408,21.6
2019-07-22,2985.030029296875,13.529999732971191,255.802,2.4,2.05,1.8,1.59,2.24,101.9408,21.6
2019-07-23,3005.469970703125,12.609999656677246,255.802,2.4,2.08,1.83,1.61,2.23,101.9408,21.6
2019-07-24,3019.56005859375,12.069999694824219,255.802,2.4,2.05,1.83,1.59,2.15,101.9408,21.6
2019-07-25,3003.669921875,12.739999771118164,255.802,2.4,2.08,1.86,1.6,2.14,101.9408,21.6
2019-07-26,3025.860107421875,12.15999984741211,255.802,2.4,2.08,1.86,1.57,2.13,101.9408,21.6
2019-07-29,3020.969970703125,12.829999923706055,255.802,2.4,2.06,1.85,1.57,2.13,101.9408,21.6
2019-07-30,3013.179931640625,13.9399995803833,255.802,2.4,2.06,1.85,1.58,2.14,101.9408,21.6
2019-07-31,2980.3798828125,16.1200008392334,255.802,2.4,2.02,1.89,1.56,2.13,101.9408,21.6
2019-08-01,2953.56005859375,17.8700008392334,256.036,2.13,1.9,1.73,1.47,2.17,102.639,11.2
2019-08-02,2932.050048828125,17.610000610351562,256.036,2.13,1.86,1.72,1.45,2.18,102.639,11.2
2019-08-05,2844.739990234375,24.59000015258789,256.036,2.13,1.75,1.59,1.39,2.24,102.639,11.2
2019-08-06,2881.77001953125,20.170000076293945,256.036,2.13,1.73,1.6,1.4,2.25,102.639,11.2
2019-08-07,2883.97998046875,19.489999771118164,256.036,2.13,1.71,1.59,1.38,2.23,102.639,11.2
2019-08-08,2938.090087890625,16.90999984741211,256.036,2.13,1.72,1.62,1.43,2.25,102.639,11.2
2019-08-09,2918.64990234375,17.969999313354492,256.036,2.13,1.74,1.63,1.44,2.23,102.639,11.2
2019-08-12,2882.699951171875,21.09000015258789,256.036,2.13,1.65,1.58,1.39,2.23,102.639,11.2
2019-08-13,2926.320068359375,17.520000457763672,256.036,2.13,1.68,1.66,1.44,2.22,102.639,11.2
2019-08-14,2840.60009765625,22.100000381469727,256.036,2.13,1.59,1.58,1.36,2.23,102.639,11.2
2019-08-15,2847.60009765625,21.18000030517578,256.036,2.13,1.52,1.48,1.34,2.27,102.639,11.2
2019-08-16,2888.679931640625,18.469999313354492,256.036,2.13,1.55,1.48,1.34,2.26,102.639,11.2
2019-08-19,2923.64990234375,16.8799991607666,256.036,2.13,1.6,1.53,1.36,2.29,102.639,11.2
2019-08-20,2900.510009765625,17.5,256.036,2.13,1.55,1.5,1.34,2.3,102.639,11.2
2019-08-21,2924.429931640625,15.800000190734863,256.036,2.13,1.59,1.56,1.34,2.25,102.639,11.2
2019-08-22,2922.949951171875,16.68000030517578,256.036,2.13,1.62,1.61,1.35,2.25,102.639,11.2
2019-08-23,2847.110107421875,19.8700008392334,256.036,2.13,1.52,1.51,1.35,2.27,102.639,11.2
2019-08-26,2878.3798828125,19.31999969482422,256.036,2.13,1.54,1.54,1.34,2.27,102.639,11.2
2019-08-27,2869.159912109375,20.309999465942383,256.036,2.13,1.49,1.53,1.36,2.26,102.639,11.2
2019-08-28,2887.93994140625,19.350000381469727,256.036,2.13,1.47,1.5,1.36,2.26,102.639,11.2
2019-08-29,2924.580078125,17.8799991607666,256.036,2.13,1.5,1.53,1.39,2.27,102.639,11.2
2019-08-30,2926.4599609375,18.979999542236328,256.036,2.13,1.5,1.5,1.35,2.26,102.639,11.2
2019-09-03,2906.27001953125,19.65999984741211,256.43,2.04,1.47,1.47,1.29,2.28,102.2917,13.7
2019-09-04,2937.780029296875,17.329999923706055,256.43,2.04,1.47,1.43,1.31,2.29,102.2917,13.7
2019-09-05,2976.0,16.270000457763672,256.43,2.04,1.57,1.55,1.35,2.28,102.2917,13.7
2019-09-06,2978.7099609375,15.0,256.43,2.04,1.55,1.53,1.35,2.26,102.2917,13.7
2019-09-09,2978.429931640625,15.270000457763672,256.43,2.04,1.63,1.58,1.38,2.23,102.2917,13.7
2019-09-10,2979.389892578125,15.199999809265137,256.43,2.04,1.72,1.67,1.4,2.22,102.2917,13.7
2019-09-11,3000.929931640625,14.609999656677246,256.43,2.04,1.75,1.68,1.4,2.22,102.2917,13.7
2019-09-12,3009.570068359375,14.220000267028809,256.43,2.04,1.79,1.72,1.43,2.22,102.2917,13.7
2019-09-13,3007.389892578125,13.739999771118164,256.43,2.04,1.9,1.79,1.46,2.21,102.2917,13.7
2019-09-16,2997.9599609375,14.670000076293945,256.43,2.04,1.84,1.74,1.48,2.2,102.2917,13.7
2019-09-17,3005.699951171875,14.4399995803833,256.43,2.04,1.81,1.72,1.46,2.21,102.2917,13.7
2019-09-18,3006.72998046875,13.949999809265137,256.43,2.04,1.8,1.77,1.4,2.18,102.2917,13.7
2019-09-19,3006.7900390625,14.050000190734863,256.43,2.04,1.79,1.74,1.41,2.17,102.2917,13.7
2019-09-20,2992.070068359375,15.319999694824219,256.43,2.04,1.74,1.69,1.42,2.19,102.2917,13.7
2019-09-23,2991.780029296875,14.90999984741211,256.43,2.04,1.72,1.68,1.42,2.17,102.2917,13.7
2019-09-24,2966.60009765625,17.049999237060547,256.43,2.04,1.64,1.6,1.39,2.2,102.2917,13.7
2019-09-25,2984.8701171875,15.960000038146973,256.43,2.04,1.73,1.68,1.41,2.2,102.2917,13.7
2019-09-26,2977.6201171875,16.06999969482422,256.43,2.04,1.7,1.66,1.4,2.18,102.2917,13.7
2019-09-27,2961.7900390625,17.219999313354492,256.43,2.04,1.69,1.63,1.36,2.19,102.2917,13.7
2019-09-30,2976.739990234375,16.239999771118164,256.43,2.04,1.68,1.63,1.35,2.2,102.2917,13.7
2019-10-01,2940.25,18.559999465942383,257.155,1.83,1.65,1.56,1.33,2.22,101.4281,5.5
2019-10-02,2887.610107421875,20.559999465942383,257.155,1.83,1.6,1.48,1.29,2.26,101.4281,5.5
2019-10-03,2910.6298828125,19.1200008392334,257.155,1.83,1.54,1.39,1.25,2.29,101.4281,5.5
2019-10-04,2952.010009765625,17.040000915527344,257.155,1.83,1.52,1.4,1.27,2.29,101.4281,5.5
2019-10-07,2938.7900390625,17.860000610351562,257.155,1.83,1.56,1.46,1.27,2.28,101.4281,5.5
2019-10-08,2893.06005859375,20.280000686645508,257.155,1.83,1.54,1.42,1.25,2.3,101.4281,5.5
2019-10-09,2919.39990234375,18.639999389648438,257.155,1.83,1.59,1.47,1.24,2.29,101.4281,5.5
2019-10-10,2938.1298828125,17.56999969482422,257.155,1.83,1.67,1.53,1.29,2.27,101.4281,5.5
2019-10-11,2970.27001953125,15.579999923706055,257.155,1.83,1.76,1.63,1.34,2.22,101.4281,5.5
2019-10-14,2966.14990234375,14.569999694824219,257.155,1.83,1.76,1.63,1.34,2.22,101.4281,5.5
2019-10-15,2995.679931640625,13.539999961853027,257.155,1.83,1.77,1.61,1.33,2.21,101.4281,5.5
2019-10-16,2989.68994140625,13.680000305175781,257.155,1.83,1.75,1.58,1.35,2.22,101.4281,5.5
2019-10-17,2997.949951171875,13.789999961853027,257.155,1.83,1.76,1.6,1.52,2.21,101.4281,5.5
2019-10-18,2986.199951171875,14.25,257.155,1.83,1.76,1.58,1.52,2.21,101.4281,5.5
2019-10-21,3006.719970703125,14.0,257.155,1.83,1.8,1.62,1.53,2.19,101.4281,5.5
2019-10-22,2995.989990234375,14.460000038146973,257.155,1.83,1.78,1.6,1.53,2.17,101.4281,5.5
2019-10-23,3004.52001953125,14.010000228881836,257.155,1.83,1.77,1.58,1.52,2.18,101.4281,5.5
2019-10-24,3010.2900390625,13.710000038146973,257.155,1.83,1.77,1.58,1.52,2.17,101.4281,5.5
2019-10-25,3022.550048828125,12.649999618530273,257.155,1.83,1.8,1.63,1.55,2.16,101.4281,5.5
2019-10-28,3039.419921875,13.109999656677246,257.155,1.83,1.85,1.64,1.53,2.16,101.4281,5.5
2019-10-29,3036.889892578125,13.199999809265137,257.155,1.83,1.84,1.64,1.51,2.15,101.4281,5.5
2019-10-30,3046.77001953125,12.329999923706055,257.155,1.83,1.78,1.61,1.47,2.17,101.4281,5.5
2019-10-31,3037.56005859375,13.220000267028809,257.155,1.83,1.69,1.52,1.44,2.18,101.4281,5.5
2019-11-01,3066.909912109375,12.300000190734863,257.879,1.55,1.73,1.56,1.5,2.16,101.9372,13.9
2019-11-04,3078.27001953125,12.829999923706055,257.879,1.55,1.79,1.6,1.56,2.16,101.9372,13.9
2019-11-05,3074.6201171875,13.100000381469727,257.879,1.55,1.86,1.63,1.58,2.15,101.9372,13.9
2019-11-06,3076.780029296875,12.619999885559082,257.879,1.55,1.81,1.61,1.57,2.14,101.9372,13.9
2019-11-07,3085.179931640625,12.729999542236328,257.879,1.55,1.92,1.68,1.61,2.13,101.9372,13.9
2019-11-08,3093.080078125,12.069999694824219,257.879,1.55,1.94,1.68,1.63,2.11,101.9372,13.9
2019-11-11,3087.010009765625,12.6899995803833,257.879,1.55,1.94,1.68,1.63,2.11,101.9372,13.9
2019-11-12,3091.840087890625,12.680000305175781,257.879,1.55,1.92,1.66,1.6,2.1,101.9372,13.9
2019-11-13,3094.0400390625,13.0,257.879,1.55,1.88,1.63,1.58,2.11,101.9372,13.9
2019-11-14,3096.6298828125,13.050000190734863,257.879,1.55,1.82,1.58,1.54,2.13,101.9372,13.9
2019-11-15,3120.4599609375,12.050000190734863,257.879,1.55,1.84,1.61,1.52,2.13,101.9372,13.9
2019-11-18,3122.030029296875,12.460000038146973,257.879,1.55,1.81,1.6,1.54,2.14,101.9372,13.9
2019-11-19,3120.179931640625,12.859999656677246,257.879,1.55,1.79,1.6,1.53,2.13,101.9372,13.9
2019-11-20,3108.4599609375,12.779999732971191,257.879,1.55,1.73,1.56,1.51,2.16,101.9372,13.9
2019-11-21,3103.5400390625,13.130000114440918,257.879,1.55,1.77,1.6,1.53,2.15,101.9372,13.9
2019-11-22,3110.2900390625,12.34000015258789,257.879,1.55,1.77,1.61,1.53,2.14,101.9372,13.9
2019-11-25,3133.639892578125,11.869999885559082,257.879,1.55,1.76,1.61,1.53,2.13,101.9372,13.9
2019-11-26,3140.52001953125,11.539999961853027,257.879,1.55,1.74,1.58,1.52,2.11,101.9372,13.9
2019-11-27,3153.6298828125,11.75,257.879,1.55,1.77,1.63,1.54,2.09,101.9372,13.9
2019-11-29,3140.97998046875,12.619999885559082,257.879,1.55,1.78,1.61,1.5,2.08,101.9372,13.9
2019-12-02,3113.8701171875,14.90999984741211,258.63,1.55,1.83,1.61,1.54,2.11,101.7003,3.3
2019-12-03,3093.199951171875,15.960000038146973,258.63,1.55,1.72,1.53,1.51,2.11,101.7003,3.3
2019-12-04,3112.760009765625,14.800000190734863,258.63,1.55,1.77,1.58,1.54,2.11,101.7003,3.3
2019-12-05,3117.429931640625,14.520000457763672,258.63,1.55,1.8,1.58,1.55,2.09,101.7003,3.3
2019-12-06,3145.909912109375,13.619999885559082,258.63,1.55,1.84,1.61,1.59,2.07,101.7003,3.3
2019-12-09,3135.9599609375,15.859999656677246,258.63,1.55,1.83,1.63,1.59,2.05,101.7003,3.3
2019-12-10,3132.52001953125,15.680000305175781,258.63,1.55,1.85,1.65,1.59,2.01,101.7003,3.3
2019-12-11,3141.6298828125,14.989999771118164,258.63,1.55,1.79,1.61,1.6,2.04,101.7003,3.3
2019-12-12,3168.570068359375,13.9399995803833,258.63,1.55,1.9,1.66,1.62,2.02,101.7003,3.3
2019-12-13,3168.800048828125,12.630000114440918,258.63,1.55,1.82,1.61,1.62,2.02,101.7003,3.3
2019-12-16,3191.449951171875,12.140000343322754,258.63,1.55,1.89,1.65,1.64,2.0,101.7003,3.3
2019-12-17,3192.52001953125,12.289999961853027,258.63,1.55,1.89,1.63,1.65,1.99,101.7003,3.3
2019-12-18,3191.139892578125,12.579999923706055,258.63,1.55,1.92,1.63,1.68,1.98,101.7003,3.3
2019-12-19,3205.3701171875,12.5,258.63,1.55,1.92,1.62,1.68,1.96,101.7003,3.3
2019-12-20,3221.219970703125,12.510000228881836,258.63,1.55,1.92,1.63,1.67,1.96,101.7003,3.3
2019-12-23,3224.010009765625,12.609999656677246,258.63,1.55,1.93,1.64,1.67,1.96,101.7003,3.3
2019-12-24,3223.3798828125,12.670000076293945,258.63,1.55,1.9,1.62,1.67,1.97,101.7003,3.3
2019-12-26,3239.909912109375,12.649999618530273,258.63,1.55,1.9,1.64,1.66,1.97,101.7003,3.3
2019-12-27,3240.02001953125,13.430000305175781,258.63,1.55,1.88,1.59,1.64,1.96,101.7003,3.3
2019-12-30,3221.2900390625,14.819999694824219,258.63,1.55,1.9,1.58,1.66,1.97,101.7003,3.3
2019-12-31,3230.780029296875,13.779999732971191,258.63,1.55,1.92,1.58,1.68,1.98,101.7003,3.3
2020-01-02,3257.85009765625,12.470000267028809,259.127,1.55,1.88,1.58,1.72,1.98,101.0338,13.0
2020-01-03,3234.85009765625,14.020000457763672,259.127,1.55,1.8,1.53,1.69,1.99,101.0338,13.0
2020-01-06,3246.280029296875,13.850000381469727,259.127,1.55,1.81,1.54,1.69,2.02,101.0338,13.0
2020-01-07,3237.179931640625,13.789999961853027,259.127,1.55,1.83,1.54,1.67,2.03,101.0338,13.0
2020-01-08,3253.050048828125,13.449999809265137,259.127,1.55,1.87,1.58,1.68,2.05,101.0338,13.0
2020-01-09,3274.699951171875,12.539999961853027,259.127,1.55,1.85,1.58,1.67,2.03,101.0338,13.0
2020-01-10,3265.35009765625,12.5600004196167,259.127,1.55,1.83,1.56,1.67,1.99,101.0338,13.0
2020-01-13,3288.1298828125,12.319999694824219,259.127,1.55,1.85,1.58,1.7,1.99,101.0338,13.0
2020-01-14,3283.14990234375,12.390000343322754,259.127,1.55,1.82,1.58,1.7,1.99,101.0338,13.0
2020-01-15,3289.2900390625,12.420000076293945,259.127,1.55,1.79,1.56,1.67,2.01,101.0338,13.0
2020-01-16,3316.81005859375,12.319999694824219,259.127,1.55,1.81,1.58,1.68,2.0,101.0338,13.0
2020-01-17,3329.6201171875,12.100000381469727,259.127,1.55,1.84,1.58,1.68,1.98,101.0338,13.0
2020-01-21,3320.7900390625,12.850000381469727,259.127,1.55,1.78,1.53,1.66,1.97,101.0338,13.0
2020-01-22,3321.75,12.90999984741211,259.127,1.55,1.77,1.53,1.64,1.97,101.0338,13.0
2020-01-23,3325.5400390625,12.979999542236328,259.127,1.55,1.74,1.51,1.64,1.98,101.0338,13.0
2020-01-24,3295.469970703125,14.5600004196167,259.127,1.55,1.7,1.49,1.62,1.98,101.0338,13.0
2020-01-27,3243.6298828125,18.229999542236328,259.127,1.55,1.61,1.44,1.56,2.04,101.0338,13.0
2020-01-28,3276.239990234375,16.280000686645508,259.127,1.55,1.65,1.45,1.59,2.04,101.0338,13.0
2020-01-29,3273.39990234375,16.389999389648438,259.127,1.55,1.6,1.42,1.58,2.05,101.0338,13.0
2020-01-30,3283.659912109375,15.489999771118164,259.127,1.55,1.57,1.41,1.59,2.08,101.0338,13.0
2020-01-31,3225.52001953125,18.84000015258789,259.127,1.55,1.51,1.33,1.6,2.13,101.0338,13.0
2020-02-03,3248.919921875,17.969999313354492,259.25,1.58,1.54,1.36,1.56,2.1,101.3735,36.4
2020-02-04,3297.590087890625,16.049999237060547,259.25,1.58,1.61,1.41,1.58,2.09,101.3735,36.4
2020-02-05,3334.68994140625,15.149999618530273,259.25,1.58,1.66,1.44,1.61,2.07,101.3735,36.4
2020-02-06,3345.780029296875,14.960000038146973,259.25,1.58,1.65,1.44,1.61,2.05,101.3735,36.4
2020-02-07,3327.7099609375,15.470000267028809,259.25,1.58,1.59,1.41,1.61,2.05,101.3735,36.4
2020-02-10,3352.090087890625,15.039999961853027,259.25,1.58,1.56,1.37,1.62,2.06,101.3735,36.4
2020-02-11,3357.75,15.180000305175781,259.25,1.58,1.59,1.41,1.6,2.05,101.3735,36.4
2020-02-12,3379.449951171875,13.739999771118164,259.25,1.58,1.62,1.44,1.64,2.06,101.3735,36.4
2020-02-13,3373.93994140625,14.149999618530273,259.25,1.58,1.61,1.44,1.65,2.05,101.3735,36.4
2020-02-14,3380.159912109375,13.680000305175781,259.25,1.58,1.59,1.42,1.64,2.04,101.3735,36.4
2020-02-18,3370.2900390625,14.829999923706055,259.25,1.58,1.55,1.41,1.64,2.05,101.3735,36.4
2020-02-19,3386.14990234375,14.380000114440918,259.25,1.58,1.56,1.42,1.65,2.05,101.3735,36.4
2020-02-20,3373.22998046875,15.5600004196167,259.25,1.58,1.52,1.39,1.63,2.05,101.3735,36.4
2020-02-21,3337.75,17.079999923706055,259.25,1.58,1.46,1.34,1.6,2.09,101.3735,36.4
2020-02-24,3225.889892578125,25.030000686645508,259.25,1.58,1.38,1.26,1.57,2.13,101.3735,36.4
2020-02-25,3128.2099609375,27.850000381469727,259.25,1.58,1.33,1.2,1.52,2.19,101.3735,36.4
2020-02-26,3116.389892578125,27.559999465942383,259.25,1.58,1.33,1.16,1.5,2.2,101.3735,36.4
2020-02-27,2978.760009765625,39.15999984741211,259.25,1.58,1.3,1.11,1.48,2.27,101.3735,36.4
2020-02-28,2954.219970703125,40.11000061035156,259.25,1.58,1.13,0.86,1.33,2.38,101.3735,36.4
2020-03-02,3090.22998046875,33.41999816894531,258.076,0.65,1.1,0.84,1.32,2.44,97.4078,-19.4
2020-03-03,3003.3701171875,36.81999969482422,258.076,0.65,1.02,0.71,1.34,2.48,97.4078,-19.4
2020-03-04,3130.1201171875,31.989999771118164,258.076,0.65,1.02,0.67,1.34,2.47,97.4078,-19.4
2020-03-05,3023.93994140625,39.619998931884766,258.076,0.65,0.92,0.59,1.28,2.52,97.4078,-19.4
2020-03-06,2972.3701171875,41.939998626708984,258.076,0.65,0.74,0.49,1.14,2.55,97.4078,-19.4
2020-03-09,2746.56005859375,54.459999084472656,258.076,0.65,0.54,0.38,0.8,2.93,97.4078,-19.4
2020-03-10,2882.22998046875,47.29999923706055,258.076,0.65,0.76,0.5,0.77,2.93,97.4078,-19.4
2020-03-11,2741.3798828125,53.900001525878906,258.076,0.65,0.82,0.5,0.69,2.99,97.4078,-19.4
2020-03-12,2480.639892578125,75.47000122070312,258.076,0.65,0.88,0.5,0.63,3.2,97.4078,-19.4
2020-03-13,2711.02001953125,57.83000183105469,258.076,0.65,0.94,0.49,0.53,3.3,97.4078,-19.4
2020-03-16,2386.1298828125,82.69000244140625,258.076,0.65,0.73,0.36,0.3,3.38,97.4078,-19.4
2020-03-17,2529.18994140625,75.91000366210938,258.076,0.65,1.02,0.47,0.16,3.49,97.4078,-19.4
2020-03-18,2398.10009765625,76.44999694824219,258.076,0.65,1.18,0.54,0.16,3.81,97.4078,-19.4
2020-03-19,2409.389892578125,72.0,258.076,0.65,1.12,0.44,0.14,4.01,97.4078,-19.4
2020-03-20,2304.919921875,66.04000091552734,258.076,0.65,0.92,0.37,0.31,4.23,97.4078,-19.4
2020-03-23,2237.39990234375,61.59000015258789,258.076,0.65,0.76,0.28,0.37,4.31,97.4078,-19.4
2020-03-24,2447.330078125,61.66999816894531,258.076,0.65,0.84,0.38,0.55,4.19,97.4078,-19.4
2020-03-25,2475.56005859375,63.95000076293945,258.076,0.65,0.88,0.34,0.69,4.13,97.4078,-19.4
2020-03-26,2630.070068359375,61.0,258.076,0.65,0.83,0.3,0.72,4.04,97.4078,-19.4
2020-03-27,2541.469970703125,65.54000091552734,258.076,0.65,0.72,0.25,0.54,3.98,97.4078,-19.4
2020-03-30,2626.64990234375,57.08000183105469,258.076,0.65,0.7,0.23,0.57,3.89,97.4078,-19.4
2020-03-31,2584.590087890625,53.540000915527344,258.076,0.65,0.7,0.23,0.49,3.93,97.4078,-19.4
2020-04-01,2470.5,57.060001373291016,256.032,0.05,0.62,0.23,0.56,3.97,84.5619,-58.7
2020-04-02,2526.89990234375,50.90999984741211,256.032,0.05,0.63,0.23,0.73,3.92,84.5619,-58.7
2020-04-03,2488.64990234375,46.79999923706055,256.032,0.05,0.62,0.23,0.78,3.92,84.5619,-58.7
2020-04-06,2663.679931640625,45.2400016784668,256.032,0.05,0.67,0.27,0.85,3.91,84.5619,-58.7
2020-04-07,2659.409912109375,46.70000076293945,256.032,0.05,0.75,0.28,0.86,3.79,84.5619,-58.7
2020-04-08,2749.97998046875,43.349998474121094,256.032,0.05,0.77,0.27,0.87,3.75,84.5619,-58.7
2020-04-09,2789.820068359375,41.66999816894531,256.032,0.05,0.73,0.23,0.9,3.61,84.5619,-58.7
2020-04-13,2761.6298828125,41.16999816894531,256.032,0.05,0.76,0.25,0.94,3.41,84.5619,-58.7
2020-04-14,2846.06005859375,37.7599983215332,256.032,0.05,0.76,0.23,0.94,3.36,84.5619,-58.7
2020-04-15,2783.360107421875,40.84000015258789,256.032,0.05,0.63,0.2,0.87,3.33,84.5619,-58.7
2020-04-16,2799.550048828125,40.11000061035156,256.032,0.05,0.61,0.2,0.7,3.28,84.5619,-58.7
2020-04-17,2874.56005859375,38.150001525878906,256.032,0.05,0.65,0.2,0.67,3.27,84.5619,-58.7
2020-04-20,2823.159912109375,43.83000183105469,256.032,0.05,0.63,0.2,0.56,3.28,84.5619,-58.7
2020-04-21,2736.56005859375,45.40999984741211,256.032,0.05,0.58,0.2,0.58,3.29,84.5619,-58.7
2020-04-22,2799.31005859375,41.97999954223633,256.032,0.05,0.63,0.22,0.69,3.3,84.5619,-58.7
2020-04-23,2797.800048828125,41.380001068115234,256.032,0.05,0.61,0.22,0.67,3.26,84.5619,-58.7
2020-04-24,2836.739990234375,35.93000030517578,256.032,0.05,0.6,0.22,0.72,3.25,84.5619,-58.7
2020-04-27,2878.47998046875,33.290000915527344,256.032,0.05,0.67,0.24,0.78,3.24,84.5619,-58.7
2020-04-28,2863.389892578125,33.56999969482422,256.032,0.05,0.62,0.2,0.76,3.25,84.5619,-58.7
2020-04-29,2939.510009765625,31.229999542236328,256.032,0.05,0.63,0.2,0.78,3.24,84.5619,-58.7
2020-04-30,2912.429931640625,34.150001525878906,256.032,0.05,0.64,0.2,0.72,3.23,84.5619,-58.7
2020-05-01,2830.7099609375,37.189998626708984,255.802,0.05,0.64,0.2,0.68,3.25,85.9604,-42.9
2020-05-04,2842.739990234375,35.970001220703125,255.802,0.05,0.64,0.19,0.69,3.28,85.9604,-42.9
2020-05-05,2868.43994140625,33.61000061035156,255.802,0.05,0.66,0.19,0.71,3.28,85.9604,-42.9
2020-05-06,2848.419921875,34.119998931884766,255.802,0.05,0.72,0.17,0.71,3.31,85.9604,-42.9
2020-05-07,2881.18994140625,31.440000534057617,255.802,0.05,0.63,0.13,0.7,3.34,85.9604,-42.9
2020-05-08,2929.800048828125,27.979999542236328,255.802,0.05,0.69,0.16,0.74,3.37,85.9604,-42.9
2020-05-11,2930.18994140625,27.56999969482422,255.802,0.05,0.73,0.17,0.75,3.41,85.9604,-42.9
2020-05-12,2870.1201171875,33.040000915527344,255.802,0.05,0.69,0.17,0.72,3.4,85.9604,-42.9
2020-05-13,2820.0,35.279998779296875,255.802,0.05,0.64,0.16,0.71,3.43,85.9604,-42.9
2020-05-14,2852.5,32.61000061035156,255.802,0.05,0.63,0.16,0.71,3.41,85.9604,-42.9
2020-05-15,2863.699951171875,31.889999389648438,255.802,0.05,0.64,0.16,0.75,3.41,85.9604,-42.9
2020-05-18,2953.909912109375,29.299999237060547,255.802,0.05,0.73,0.18,0.84,3.38,85.9604,-42.9
2020-05-19,2922.93994140625,30.530000686645508,255.802,0.05,0.7,0.17,0.82,3.3,85.9604,-42.9
2020-05-20,2971.610107421875,27.989999771118164,255.802,0.05,0.68,0.16,0.83,3.24,85.9604,-42.9
2020-05-21,2948.510009765625,29.530000686645508,255.802,0.05,0.68,0.17,0.81,3.18,85.9604,-42.9
2020-05-22,2955.449951171875,28.15999984741211,255.802,0.05,0.66,0.17,0.8,3.18,85.9604,-42.9
2020-05-26,2991.77001953125,28.010000228881836,255.802,0.05,0.69,0.18,0.82,3.14,85.9604,-42.9
2020-05-27,3036.1298828125,27.6200008392334,255.802,0.05,0.68,0.19,0.82,3.11,85.9604,-42.9
2020-05-28,3029.72998046875,28.59000015258789,255.802,0.05,0.7,0.17,0.86,3.1,85.9604,-42.9
2020-05-29,3044.31005859375,27.510000228881836,255.802,0.05,0.65,0.16,0.83,3.08,85.9604,-42.9
2020-06-01,3055.72998046875,28.229999542236328,257.042,0.08,0.66,0.14,0.84,3.1,91.5934,28.3
2020-06-02,3080.820068359375,26.84000015258789,257.042,0.08,0.68,0.17,0.84,3.08,91.5934,28.3
2020-06-03,3122.8701171875,25.65999984741211,257.042,0.08,0.77,0.19,0.88,3.02,91.5934,28.3
2020-06-04,3112.35009765625,25.809999465942383,257.042,0.08,0.82,0.19,0.88,2.99,91.5934,28.3
2020-06-05,3193.929931640625,24.520000457763672,257.042,0.08,0.91,0.22,0.95,2.86,91.5934,28.3
2020-06-08,3232.389892578125,25.809999465942383,257.042,0.08,0.88,0.22,0.98,2.81,91.5934,28.3
2020-06-09,3207.179931640625,27.56999969482422,257.042,0.08,0.84,0.2,0.98,2.8,91.5934,28.3
2020-06-10,3190.139892578125,27.56999969482422,257.042,0.08,0.75,0.17,1.0,2.86,91.5934,28.3
2020-06-11,3002.10009765625,40.790000915527344,257.042,0.08,0.66,0.19,0.95,2.91,91.5934,28.3
2020-06-12,3041.31005859375,36.09000015258789,257.042,0.08,0.71,0.19,0.95,2.91,91.5934,28.3
2020-06-15,3066.590087890625,34.400001525878906,257.042,0.08,0.71,0.19,0.98,2.93,91.5934,28.3
2020-06-16,3124.739990234375,33.66999816894531,257.042,0.08,0.75,0.21,1.02,2.89,91.5934,28.3
2020-06-17,3113.489990234375,33.470001220703125,257.042,0.08,0.74,0.19,1.01,2.87,91.5934,28.3
2020-06-18,3115.340087890625,32.939998626708984,257.042,0.08,0.71,0.19,1.12,2.86,91.5934,28.3
2020-06-19,3097.739990234375,35.119998931884766,257.042,0.08,0.7,0.19,1.06,2.87,91.5934,28.3
2020-06-22,3117.860107421875,31.770000457763672,257.042,0.08,0.71,0.19,1.11,2.86,91.5934,28.3
2020-06-23,3131.2900390625,31.3700008392334,257.042,0.08,0.72,0.18,1.14,2.87,91.5934,28.3
2020-06-24,3050.330078125,33.84000015258789,257.042,0.08,0.69,0.19,1.1,2.89,91.5934,28.3
2020-06-25,3083.760009765625,32.220001220703125,257.042,0.08,0.68,0.17,1.11,2.92,91.5934,28.3
2020-06-26,3009.050048828125,34.72999954223633,257.042,0.08,0.64,0.17,1.11,2.92,91.5934,28.3
2020-06-29,3053.239990234375,31.780000686645508,257.042,0.08,0.64,0.16,1.14,2.94,91.5934,28.3
2020-06-30,3100.2900390625,30.43000030517578,257.042,0.08,0.66,0.16,1.16,2.93,91.5934,28.3
2020-07-01,3115.860107421875,28.6200008392334,258.352,0.09,0.69,0.17,1.17,2.89,95.0256,29.5
2020-07-02,3130.010009765625,27.68000030517578,258.352,0.09,0.68,0.16,1.21,2.87,95.0256,29.5
2020-07-06,3179.719970703125,27.940000534057617,258.352,0.09,0.69,0.16,1.28,2.83,95.0256,29.5
2020-07-07,3145.320068359375,29.43000030517578,258.352,0.09,0.65,0.16,1.26,2.81,95.0256,29.5
2020-07-08,3169.93994140625,28.079999923706055,258.352,0.09,0.67,0.16,1.25,2.77,95.0256,29.5
2020-07-09,3152.050048828125,29.260000228881836,258.352,0.09,0.62,0.16,1.22,2.73,95.0256,29.5
2020-07-10,3185.0400390625,27.290000915527344,258.352,0.09,0.65,0.16,1.25,2.74,95.0256,29.5
2020-07-13,3155.219970703125,32.189998626708984,258.352,0.09,0.64,0.16,1.27,2.74,95.0256,29.5
2020-07-14,3197.52001953125,29.520000457763672,258.352,0.09,0.63,0.14,1.27,2.71,95.0256,29.5
2020-07-15,3226.56005859375,27.760000228881836,258.352,0.09,0.64,0.16,1.28,2.71,95.0256,29.5
2020-07-16,3215.570068359375,28.0,258.352,0.09,0.62,0.16,1.3,2.69,95.0256,29.5
2020-07-17,3224.72998046875,25.68000030517578,258.352,0.09,0.64,0.14,1.35,2.68,95.0256,29.5
2020-07-20,3251.840087890625,24.459999084472656,258.352,0.09,0.62,0.16,1.37,2.66,95.0256,29.5
2020-07-21,3257.300048828125,24.84000015258789,258.352,0.09,0.61,0.14,1.4,2.63,95.0256,29.5
2020-07-22,3276.02001953125,24.31999969482422,258.352,0.09,0.6,0.14,1.4,2.61,95.0256,29.5
2020-07-23,3235.659912109375,26.079999923706055,258.352,0.09,0.59,0.16,1.37,2.58,95.0256,29.5
2020-07-24,3215.6298828125,25.84000015258789,258.352,0.09,0.59,0.14,1.35,2.58,95.0256,29.5
2020-07-27,3239.409912109375,24.739999771118164,258.352,0.09,0.62,0.15,1.38,2.56,95.0256,29.5
2020-07-28,3218.43994140625,25.440000534057617,258.352,0.09,0.59,0.14,1.36,2.57,95.0256,29.5
2020-07-29,3258.43994140625,24.100000381469727,258.352,0.09,0.58,0.12,1.38,2.61,95.0256,29.5
2020-07-30,3246.219970703125,24.760000228881836,258.352,0.09,0.55,0.11,1.37,2.6,95.0256,29.5
2020-07-31,3271.1201171875,24.459999084472656,258.352,0.09,0.55,0.11,1.4,2.6,95.0256,29.5
2020-08-03,3294.610107421875,24.280000686645508,259.316,0.1,0.56,0.11,1.46,2.63,95.9549,15.4
2020-08-04,3306.510009765625,23.760000228881836,259.316,0.1,0.52,0.11,1.45,2.62,95.9549,15.4
2020-08-05,3327.77001953125,22.989999771118164,259.316,0.1,0.55,0.11,1.52,2.59,95.9549,15.4
2020-08-06,3349.159912109375,22.649999618530273,259.316,0.1,0.55,0.11,1.53,2.57,95.9549,15.4
2020-08-07,3351.280029296875,22.209999084472656,259.316,0.1,0.57,0.13,1.5,2.57,95.9549,15.4
2020-08-10,3360.469970703125,22.1299991607666,259.316,0.1,0.59,0.14,1.49,2.56,95.9549,15.4
2020-08-11,3333.68994140625,24.030000686645508,259.316,0.1,0.64,0.16,1.5,2.59,95.9549,15.4
2020-08-12,3380.35009765625,22.280000686645508,259.316,0.1,0.69,0.16,1.56,2.55,95.9549,15.4
2020-08-13,3373.429931640625,22.1299991607666,259.316,0.1,0.71,0.16,1.56,2.59,95.9549,15.4
2020-08-14,3372.85009765625,22.049999237060547,259.316,0.1,0.71,0.14,1.53,2.61,95.9549,15.4
2020-08-17,3381.989990234375,21.350000381469727,259.316,0.1,0.69,0.14,1.54,2.64,95.9549,15.4
2020-08-18,3389.780029296875,21.510000228881836,259.316,0.1,0.67,0.14,1.55,2.64,95.9549,15.4
2020-08-19,3374.85009765625,22.540000915527344,259.316,0.1,0.68,0.14,1.55,2.65,95.9549,15.4
2020-08-20,3385.510009765625,22.719999313354492,259.316,0.1,0.65,0.13,1.48,2.65,95.9549,15.4
2020-08-21,3397.159912109375,22.540000915527344,259.316,0.1,0.64,0.16,1.52,2.64,95.9549,15.4
2020-08-24,3431.280029296875,22.3700008392334,259.316,0.1,0.65,0.14,1.57,2.63,95.9549,15.4
2020-08-25,3443.6201171875,22.030000686645508,259.316,0.1,0.69,0.15,1.6,2.63,95.9549,15.4
2020-08-26,3478.72998046875,23.270000457763672,259.316,0.1,0.69,0.16,1.63,2.66,95.9549,15.4
2020-08-27,3484.550048828125,24.469999313354492,259.316,0.1,0.74,0.16,1.65,2.71,95.9549,15.4
2020-08-28,3508.010009765625,22.959999084472656,259.316,0.1,0.74,0.14,1.68,2.71,95.9549,15.4
2020-08-31,3500.31005859375,26.40999984741211,259.316,0.1,0.72,0.14,1.69,2.67,95.9549,15.4
2020-09-01,3526.64990234375,26.1200008392334,259.997,0.09,0.68,0.13,1.65,2.67,95.9669,16.4
2020-09-02,3580.840087890625,26.56999969482422,259.997,0.09,0.66,0.14,1.61,2.64,95.9669,16.4
2020-09-03,3455.06005859375,33.599998474121094,259.997,0.09,0.63,0.13,1.53,2.64,95.9669,16.4
2020-09-04,3426.9599609375,30.75,259.997,0.09,0.72,0.14,1.57,2.68,95.9669,16.4
2020-09-08,3331.840087890625,31.459999084472656,259.997,0.09,0.69,0.14,1.55,2.67,95.9669,16.4
2020-09-09,3398.9599609375,28.809999465942383,259.997,0.09,0.71,0.14,1.57,2.69,95.9669,16.4
2020-09-10,3339.18994140625,29.709999084472656,259.997,0.09,0.68,0.14,1.54,2.69,95.9669,16.4
2020-09-11,3340.969970703125,26.8700008392334,259.997,0.09,0.67,0.13,1.53,2.69,95.9669,16.4
2020-09-14,3383.5400390625,25.850000381469727,259.997,0.09,0.68,0.14,1.54,2.66,95.9669,16.4
2020-09-15,3401.199951171875,25.59000015258789,259.997,0.09,0.68,0.14,1.54,2.68,95.9669,16.4
2020-09-16,3385.489990234375,26.040000915527344,259.997,0.09,0.69,0.14,1.57,2.67,95.9669,16.4
2020-09-17,3357.010009765625,26.459999084472656,259.997,0.09,0.69,0.13,1.57,2.65,95.9669,16.4
2020-09-18,3319.469970703125,25.829999923706055,259.997,0.09,0.7,0.14,1.58,2.66,95.9669,16.4
2020-09-21,3281.06005859375,27.780000686645508,259.997,0.09,0.68,0.14,1.5,2.66,95.9669,16.4
2020-09-22,3315.570068359375,26.860000610351562,259.997,0.09,0.68,0.13,1.5,2.66,95.9669,16.4
2020-09-23,3236.919921875,28.579999923706055,259.997,0.09,0.68,0.14,1.48,2.68,95.9669,16.4
2020-09-24,3246.590087890625,28.510000228881836,259.997,0.09,0.67,0.14,1.45,2.7,95.9669,16.4
2020-09-25,3298.4599609375,26.3799991607666,259.997,0.09,0.66,0.12,1.43,2.74,95.9669,16.4
2020-09-28,3351.60009765625,26.190000534057617,259.997,0.09,0.67,0.14,1.48,2.76,95.9669,16.4
2020-09-29,3335.469970703125,26.270000457763672,259.997,0.09,0.66,0.11,1.49,2.74,95.9669,16.4
2020-09-30,3363.0,26.3700008392334,259.997,0.09,0.69,0.13,1.5,2.75,95.9669,16.4
2020-10-01,3380.800048828125,26.700000762939453,260.319,0.09,0.68,0.14,1.48,2.75,96.7394,30.5
2020-10-02,3348.419921875,27.6299991607666,260.319,0.09,0.7,0.13,1.48,2.76,96.7394,30.5
2020-10-05,3408.60009765625,27.959999084472656,260.319,0.09,0.78,0.14,1.52,2.74,96.7394,30.5
2020-10-06,3360.969970703125,29.479999542236328,260.319,0.09,0.76,0.14,1.51,2.7,96.7394,30.5
2020-10-07,3419.43994140625,28.059999465942383,260.319,0.09,0.81,0.16,1.54,2.69,96.7394,30.5
2020-10-08,3446.830078125,26.360000610351562,260.319,0.09,0.78,0.13,1.56,2.68,96.7394,30.5
2020-10-09,3477.139892578125,25.0,260.319,0.09,0.79,0.16,1.56,2.67,96.7394,30.5
2020-10-12,3534.219970703125,25.06999969482422,260.319,0.09,0.79,0.16,1.56,2.67,96.7394,30.5
2020-10-13,3511.929931640625,26.06999969482422,260.319,0.09,0.74,0.16,1.52,2.65,96.7394,30.5
2020-10-14,3488.669921875,26.399999618530273,260.319,0.09,0.73,0.14,1.52,2.64,96.7394,30.5
2020-10-15,3483.340087890625,26.969999313354492,260.319,0.09,0.74,0.14,1.52,2.65,96.7394,30.5
2020-10-16,3483.81005859375,27.40999984741211,260.319,0.09,0.76,0.14,1.53,2.64,96.7394,30.5
2020-10-19,3426.919921875,29.18000030517578,260.319,0.09,0.78,0.16,1.53,2.61,96.7394,30.5
2020-10-20,3443.1201171875,29.350000381469727,260.319,0.09,0.81,0.14,1.53,2.64,96.7394,30.5
2020-10-21,3435.56005859375,28.649999618530273,260.319,0.09,0.83,0.14,1.56,2.63,96.7394,30.5
2020-10-22,3453.489990234375,28.110000610351562,260.319,0.09,0.87,0.16,1.68,2.61,96.7394,30.5
2020-10-23,3465.389892578125,27.549999237060547,260.319,0.09,0.85,0.18,1.66,2.6,96.7394,30.5
2020-10-26,3400.969970703125,32.459999084472656,260.319,0.09,0.81,0.16,1.63,2.6,96.7394,30.5
2020-10-27,3390.679931640625,33.349998474121094,260.319,0.09,0.79,0.16,1.64,2.6,96.7394,30.5
2020-10-28,3271.030029296875,40.279998779296875,260.319,0.09,0.79,0.16,1.61,2.62,96.7394,30.5
2020-10-29,3310.110107421875,37.59000015258789,260.319,0.09,0.85,0.16,1.61,2.61,96.7394,30.5
2020-10-30,3269.9599609375,38.02000045776367,260.319,0.09,0.88,0.14,1.59,2.61,96.7394,30.5
2020-11-02,3310.239990234375,37.130001068115234,260.911,0.09,0.87,0.16,1.6,2.6,97.0816,32.4
2020-11-03,3369.159912109375,35.54999923706055,260.911,0.09,0.9,0.17,1.62,2.58,97.0816,32.4
2020-11-04,3443.43994140625,29.56999969482422,260.911,0.09,0.78,0.14,1.56,2.58,97.0816,32.4
2020-11-05,3510.449951171875,27.579999923706055,260.911,0.09,0.79,0.14,1.55,2.52,97.0816,32.4
2020-11-06,3509.43994140625,24.860000610351562,260.911,0.09,0.83,0.16,1.54,2.51,97.0816,32.4
2020-11-09,3550.5,25.75,260.911,0.09,0.96,0.17,1.63,2.47,97.0816,32.4
2020-11-10,3545.530029296875,24.799999237060547,260.911,0.09,0.98,0.19,1.69,2.44,97.0816,32.4
2020-11-11,3572.659912109375,23.450000762939453,260.911,0.09,0.98,0.19,1.69,2.44,97.0816,32.4
2020-11-12,3537.010009765625,25.350000381469727,260.911,0.09,0.88,0.17,1.63,2.45,97.0816,32.4
2020-11-13,3585.14990234375,23.100000381469727,260.911,0.09,0.89,0.17,1.64,2.44,97.0816,32.4
2020-11-16,3626.909912109375,22.450000762939453,260.911,0.09,0.91,0.19,1.64,2.42,97.0816,32.4
2020-11-17,3609.530029296875,22.709999084472656,260.911,0.09,0.87,0.18,1.63,2.42,97.0816,32.4
2020-11-18,3567.7900390625,23.84000015258789,260.911,0.09,0.88,0.16,1.63,2.39,97.0816,32.4
2020-11-19,3581.8701171875,23.110000610351562,260.911,0.09,0.86,0.18,1.62,2.35,97.0816,32.4
2020-11-20,3557.5400390625,23.700000762939453,260.911,0.09,0.83,0.16,1.61,2.35,97.0816,32.4
2020-11-23,3577.590087890625,22.65999984741211,260.911,0.09,0.86,0.16,1.62,2.33,97.0816,32.4
2020-11-24,3635.409912109375,21.639999389648438,260.911,0.09,0.88,0.16,1.65,2.31,97.0816,32.4
2020-11-25,3629.64990234375,21.25,260.911,0.09,0.88,0.17,1.67,2.32,97.0816,32.4
2020-11-27,3638.35009765625,20.84000015258789,260.911,0.09,0.84,0.16,1.67,2.32,97.0816,32.4
2020-11-30,3621.6298828125,20.56999969482422,260.911,0.09,0.84,0.16,1.68,2.29,97.0816,32.4
2020-12-01,3662.449951171875,20.770000457763672,262.045,0.09,0.92,0.17,1.72,2.28,98.363,12.3
2020-12-02,3669.010009765625,21.170000076293945,262.045,0.09,0.95,0.16,1.76,2.24,98.363,12.3
2020-12-03,3666.719970703125,21.280000686645508,262.045,0.09,0.92,0.16,1.78,2.23,98.363,12.3
2020-12-04,3699.1201171875,20.790000915527344,262.045,0.09,0.97,0.16,1.83,2.23,98.363,12.3
2020-12-07,3691.9599609375,21.299999237060547,262.045,0.09,0.94,0.14,1.84,2.22,98.363,12.3
2020-12-08,3702.25,20.68000030517578,262.045,0.09,0.92,0.14,1.84,2.22,98.363,12.3
2020-12-09,3672.820068359375,22.270000457763672,262.045,0.09,0.95,0.16,1.84,2.24,98.363,12.3
2020-12-10,3668.10009765625,22.520000457763672,262.045,0.09,0.92,0.14,1.83,2.22,98.363,12.3
2020-12-11,3663.4599609375,23.309999465942383,262.045,0.09,0.9,0.11,1.82,2.23,98.363,12.3
2020-12-14,3647.489990234375,24.719999313354492,262.045,0.09,0.9,0.13,1.84,2.24,98.363,12.3
2020-12-15,3694.6201171875,22.889999389648438,262.045,0.09,0.92,0.11,1.86,2.26,98.363,12.3
2020-12-16,3701.169921875,22.5,262.045,0.09,0.92,0.13,1.9,2.25,98.363,12.3
2020-12-17,3722.47998046875,21.93000030517578,262.045,0.09,0.94,0.13,1.9,2.23,98.363,12.3
2020-12-18,3709.409912109375,21.56999969482422,262.045,0.09,0.95,0.13,1.92,2.24,98.363,12.3
2020-12-21,3694.919921875,25.15999984741211,262.045,0.09,0.95,0.13,1.9,2.23,98.363,12.3
2020-12-22,3687.260009765625,24.229999542236328,262.045,0.09,0.93,0.13,1.92,2.22,98.363,12.3
2020-12-23,3690.010009765625,23.309999465942383,262.045,0.09,0.96,0.13,1.93,2.24,98.363,12.3
2020-12-24,3703.06005859375,21.530000686645508,262.045,0.09,0.94,0.13,1.92,2.23,98.363,12.3
2020-12-28,3735.360107421875,21.700000762939453,262.045,0.09,0.94,0.13,1.92,2.22,98.363,12.3
2020-12-29,3727.0400390625,23.079999923706055,262.045,0.09,0.94,0.12,1.9,2.22,98.363,12.3
2020-12-30,3732.0400390625,22.770000457763672,262.045,0.09,0.93,0.12,1.92,2.2,98.363,12.3
2020-12-31,3756.070068359375,22.75,262.045,0.09,0.93,0.13,1.95,2.18,98.363,12.3
2021-01-04,3700.64990234375,26.969999313354492,262.687,0.09,0.93,0.11,1.98,2.19,98.8822,25.5
2021-01-05,3726.860107421875,25.34000015258789,262.687,0.09,0.96,0.13,2.01,2.23,98.8822,25.5
2021-01-06,3748.139892578125,25.06999969482422,262.687,0.09,1.04,0.14,2.04,2.27,98.8822,25.5
2021-01-07,3803.7900390625,22.3700008392334,262.687,0.09,1.08,0.14,2.09,2.23,98.8822,25.5
2021-01-08,3824.679931640625,21.559999465942383,262.687,0.09,1.13,0.14,2.07,2.19,98.8822,25.5
2021-01-11,3799.610107421875,24.079999923706055,262.687,0.09,1.15,0.14,2.04,2.15,98.8822,25.5
2021-01-12,3801.18994140625,23.329999923706055,262.687,0.09,1.15,0.14,2.06,2.16,98.8822,25.5
2021-01-13,3809.840087890625,22.209999084472656,262.687,0.09,1.1,0.14,2.04,2.13,98.8822,25.5
2021-01-14,3795.5400390625,23.25,262.687,0.09,1.15,0.16,2.09,2.12,98.8822,25.5
2021-01-15,3768.25,24.34000015258789,262.687,0.09,1.11,0.13,2.09,2.13,98.8822,25.5
2021-01-19,3798.909912109375,23.239999771118164,262.687,0.09,1.1,0.14,2.12,2.11,98.8822,25.5
2021-01-20,3851.85009765625,21.579999923706055,262.687,0.09,1.1,0.13,2.15,2.11,98.8822,25.5
2021-01-21,3853.070068359375,21.31999969482422,262.687,0.09,1.12,0.13,2.18,2.12,98.8822,25.5
2021-01-22,3841.469970703125,21.90999984741211,262.687,0.09,1.1,0.13,2.16,2.14,98.8822,25.5
2021-01-25,3855.360107421875,23.190000534057617,262.687,0.09,1.05,0.13,2.15,2.15,98.8822,25.5
2021-01-26,3849.6201171875,23.020000457763672,262.687,0.09,1.05,0.11,2.15,2.16,98.8822,25.5
2021-01-27,3750.77001953125,37.209999084472656,262.687,0.09,1.04,0.12,2.15,2.16,98.8822,25.5
2021-01-28,3787.3798828125,30.209999084472656,262.687,0.09,1.07,0.12,2.18,2.17,98.8822,25.5
2021-01-29,3714.239990234375,33.09000015258789,262.687,0.09,1.11,0.11,2.21,2.17,98.8822,25.5
2021-02-01,3773.860107421875,30.239999771118164,263.579,0.08,1.09,0.11,2.18,2.19,95.6149,29.3
2021-02-02,3826.31005859375,25.559999465942383,263.579,0.08,1.12,0.11,2.23,2.18,95.6149,29.3
2021-02-03,3830.169921875,22.90999984741211,263.579,0.08,1.15,0.11,2.27,2.17,95.6149,29.3
2021-02-04,3871.739990234375,21.770000457763672,263.579,0.08,1.15,0.11,2.25,2.19,95.6149,29.3
2021-02-05,3886.830078125,20.8700008392334,263.579,0.08,1.19,0.09,2.28,2.18,95.6149,29.3
2021-02-08,3915.590087890625,21.239999771118164,263.579,0.08,1.19,0.11,2.31,2.14,95.6149,29.3
2021-02-09,3911.22998046875,21.6299991607666,263.579,0.08,1.18,0.11,2.31,2.15,95.6149,29.3
2021-02-10,3909.8798828125,21.989999771118164,263.579,0.08,1.15,0.11,2.31,2.16,95.6149,29.3
2021-02-11,3916.3798828125,21.25,263.579,0.08,1.16,0.11,2.32,2.18,95.6149,29.3
2021-02-12,3934.830078125,19.969999313354492,263.579,0.08,1.2,0.11,2.35,2.19,95.6149,29.3
2021-02-16,3932.590087890625,21.459999084472656,263.579,0.08,1.3,0.13,2.37,2.15,95.6149,29.3
2021-02-17,3931.330078125,21.5,263.579,0.08,1.29,0.11,2.35,2.13,95.6149,29.3
2021-02-18,3913.969970703125,22.489999771118164,263.579,0.08,1.29,0.11,2.29,2.13,95.6149,29.3
2021-02-19,3906.7099609375,22.049999237060547,263.579,0.08,1.34,0.11,2.29,2.14,95.6149,29.3
2021-02-22,3876.5,23.450000762939453,263.579,0.08,1.37,0.11,2.35,2.16,95.6149,29.3
2021-02-23,3881.3701171875,23.110000610351562,263.579,0.08,1.37,0.11,2.35,2.2,95.6149,29.3
2021-02-24,3925.429931640625,21.34000015258789,263.579,0.08,1.38,0.12,2.38,2.22,95.6149,29.3
2021-02-25,3829.340087890625,28.889999389648438,263.579,0.08,1.54,0.17,2.34,2.12,95.6149,29.3
2021-02-26,3811.14990234375,27.950000762939453,263.579,0.08,1.44,0.14,2.39,2.12,95.6149,29.3
2021-03-01,3901.820068359375,23.350000381469727,264.961,0.07,1.45,0.13,2.4,2.13,98.3856,37.9
2021-03-02,3870.2900390625,24.100000381469727,264.961,0.07,1.42,0.13,2.43,2.15,98.3856,37.9
2021-03-03,3819.719970703125,26.670000076293945,264.961,0.07,1.47,0.14,2.45,2.14,98.3856,37.9
2021-03-04,3768.469970703125,28.56999969482422,264.961,0.07,1.54,0.14,2.43,2.13,98.3856,37.9
2021-03-05,3841.93994140625,24.65999984741211,264.961,0.07,1.56,0.14,2.43,2.13,98.3856,37.9
2021-03-08,3821.35009765625,25.469999313354492,264.961,0.07,1.59,0.17,2.42,2.14,98.3856,37.9
2021-03-09,3875.43994140625,24.030000686645508,264.961,0.07,1.55,0.17,2.41,2.16,98.3856,37.9
2021-03-10,3898.81005859375,22.559999465942383,264.961,0.07,1.53,0.16,2.47,2.17,98.3856,37.9
2021-03-11,3939.340087890625,21.90999984741211,264.961,0.07,1.54,0.14,2.51,2.18,98.3856,37.9
2021-03-12,3943.340087890625,20.690000534057617,264.961,0.07,1.64,0.14,2.51,2.19,98.3856,37.9
2021-03-15,3968.93994140625,20.030000686645508,264.961,0.07,1.62,0.14,2.54,2.18,98.3856,37.9
2021-03-16,3962.7099609375,19.790000915527344,264.961,0.07,1.62,0.15,2.59,2.19,98.3856,37.9
2021-03-17,3974.1201171875,19.229999542236328,264.961,0.07,1.63,0.13,2.58,2.23,98.3856,37.9
2021-03-18,3915.4599609375,21.579999923706055,264.961,0.07,1.71,0.16,2.5,2.17,98.3856,37.9
2021-03-19,3913.10009765625,20.950000762939453,264.961,0.07,1.74,0.16,2.51,2.1,98.3856,37.9
2021-03-22,3940.590087890625,18.8799991607666,264.961,0.07,1.69,0.15,2.51,2.08,98.3856,37.9
2021-03-23,3910.52001953125,20.299999237060547,264.961,0.07,1.63,0.15,2.48,2.11,98.3856,37.9
2021-03-24,3889.139892578125,21.200000762939453,264.961,0.07,1.62,0.14,2.53,2.1,98.3856,37.9
2021-03-25,3909.52001953125,19.809999465942383,264.961,0.07,1.63,0.14,2.54,2.11,98.3856,37.9
2021-03-26,3974.5400390625,18.860000610351562,264.961,0.07,1.67,0.14,2.57,2.09,98.3856,37.9
2021-03-29,3971.090087890625,20.739999771118164,264.961,0.07,1.73,0.14,2.56,2.08,98.3856,37.9
2021-03-30,3958.550048828125,19.610000610351562,264.961,0.07,1.73,0.16,2.52,2.04,98.3856,37.9
2021-03-31,3972.889892578125,19.399999618530273,264.961,0.07,1.74,0.16,2.54,2.03,98.3856,37.9
2021-04-01,4019.8701171875,17.329999923706055,266.614,0.07,1.69,0.17,2.55,1.98,98.5587,48.8
2021-04-05,4077.909912109375,17.90999984741211,266.614,0.07,1.73,0.17,2.55,1.93,98.5587,48.8
2021-04-06,4073.93994140625,18.1200008392334,266.614,0.07,1.67,0.16,2.52,1.95,98.5587,48.8
2021-04-07,4079.949951171875,17.15999984741211,266.614,0.07,1.68,0.16,2.53,1.96,98.5587,48.8
2021-04-08,4097.169921875,16.950000762939453,266.614,0.07,1.64,0.14,2.55,1.98,98.5587,48.8
2021-04-09,4128.7998046875,16.690000534057617,266.614,0.07,1.67,0.16,2.51,1.96,98.5587,48.8
2021-04-12,4127.990234375,16.90999984741211,266.614,0.07,1.69,0.18,2.52,1.95,98.5587,48.8
2021-04-13,4141.58984375,16.649999618530273,266.614,0.07,1.64,0.16,2.54,1.97,98.5587,48.8
2021-04-14,4124.66015625,16.989999771118164,266.614,0.07,1.64,0.16,2.56,1.98,98.5587,48.8
2021-04-15,4170.419921875,16.56999969482422,266.614,0.07,1.56,0.16,2.55,1.95,98.5587,48.8
2021-04-16,4185.47021484375,16.25,266.614,0.07,1.59,0.16,2.57,1.97,98.5587,48.8
2021-04-19,4163.259765625,17.290000915527344,266.614,0.07,1.61,0.16,2.56,1.99,98.5587,48.8
2021-04-20,4134.93994140625,18.68000030517578,266.614,0.07,1.58,0.15,2.52,2.0,98.5587,48.8
2021-04-21,4173.419921875,17.5,266.614,0.07,1.57,0.15,2.53,2.01,98.5587,48.8
2021-04-22,4134.97998046875,18.709999084472656,266.614,0.07,1.57,0.16,2.42,1.99,98.5587,48.8
2021-04-23,4180.169921875,17.329999923706055,266.614,0.07,1.58,0.16,2.44,1.99,98.5587,48.8
2021-04-26,4187.6201171875,17.639999389648438,266.614,0.07,1.58,0.18,2.47,1.98,98.5587,48.8
2021-04-27,4186.72021484375,17.559999465942383,266.614,0.07,1.63,0.17,2.51,1.97,98.5587,48.8
2021-04-28,4183.18017578125,17.280000686645508,266.614,0.07,1.63,0.17,2.54,1.98,98.5587,48.8
2021-04-29,4211.47021484375,17.610000610351562,266.614,0.07,1.65,0.16,2.56,1.97,98.5587,48.8
2021-04-30,4181.169921875,18.610000610351562,266.614,0.07,1.65,0.16,2.57,1.96,98.5587,48.8
2021-05-03,4192.66015625,18.309999465942383,268.383,0.06,1.63,0.16,2.6,1.96,99.4333,33.7
2021-05-04,4164.66015625,19.479999542236328,268.383,0.06,1.61,0.16,2.62,1.97,99.4333,33.7
2021-05-05,4167.58984375,19.149999618530273,268.383,0.06,1.59,0.16,2.68,1.98,99.4333,33.7
2021-05-06,4201.6201171875,18.389999389648438,268.383,0.06,1.58,0.16,2.66,1.96,99.4333,33.7
2021-05-07,4232.60009765625,16.690000534057617,268.383,0.06,1.6,0.14,2.65,1.97,99.4333,33.7
2021-05-10,4188.43017578125,19.65999984741211,268.383,0.06,1.63,0.16,2.71,1.98,99.4333,33.7
2021-05-11,4152.10009765625,21.84000015258789,268.383,0.06,1.64,0.16,2.68,2.01,99.4333,33.7
2021-05-12,4063.0400390625,27.59000015258789,268.383,0.06,1.69,0.16,2.72,2.02,99.4333,33.7
2021-05-13,4112.5,23.1299991607666,268.383,0.06,1.66,0.16,2.65,2.04,99.4333,33.7
2021-05-14,4173.85009765625,18.809999465942383,268.383,0.06,1.63,0.16,2.68,2.03,99.4333,33.7
2021-05-17,4163.2900390625,19.719999313354492,268.383,0.06,1.64,0.16,2.72,2.02,99.4333,33.7
2021-05-18,4127.830078125,21.34000015258789,268.383,0.06,1.64,0.16,2.72,2.03,99.4333,33.7
2021-05-19,4115.68017578125,22.18000030517578,268.383,0.06,1.68,0.16,2.66,2.02,99.4333,33.7
2021-05-20,4159.1201171875,20.670000076293945,268.383,0.06,1.63,0.15,2.59,2.02,99.4333,33.7
2021-05-21,4155.85986328125,20.149999618530273,268.383,0.06,1.63,0.17,2.62,2.01,99.4333,33.7
2021-05-24,4197.0498046875,18.399999618530273,268.383,0.06,1.61,0.15,2.64,2.0,99.4333,33.7
2021-05-25,4188.1298828125,18.84000015258789,268.383,0.06,1.56,0.15,2.63,2.01,99.4333,33.7
2021-05-26,4195.990234375,17.360000610351562,268.383,0.06,1.58,0.14,2.6,1.98,99.4333,33.7
2021-05-27,4200.8798828125,16.739999771118164,268.383,0.06,1.61,0.14,2.59,1.98,99.4333,33.7
2021-05-28,4204.10986328125,16.760000228881836,268.383,0.06,1.58,0.14,2.57,1.99,99.4333,33.7
2021-06-01,4202.0400390625,17.899999618530273,270.654,0.08,1.62,0.16,2.6,1.97,99.7987,32.0
2021-06-02,4208.1201171875,17.479999542236328,270.654,0.08,1.59,0.13,2.59,1.98,99.7987,32.0
2021-06-03,4192.85009765625,18.040000915527344,270.654,0.08,1.63,0.16,2.56,1.96,99.7987,32.0
2021-06-04,4229.89013671875,16.420000076293945,270.654,0.08,1.56,0.14,2.54,1.98,99.7987,32.0
2021-06-07,4226.52001953125,16.420000076293945,270.654,0.08,1.57,0.16,2.51,1.98,99.7987,32.0
2021-06-08,4227.259765625,17.06999969482422,270.654,0.08,1.53,0.14,2.47,1.98,99.7987,32.0
2021-06-09,4219.5498046875,17.889999389648438,270.654,0.08,1.5,0.16,2.41,1.96,99.7987,32.0
2021-06-10,4239.18017578125,16.100000381469727,270.654,0.08,1.45,0.14,2.47,2.0,99.7987,32.0
2021-06-11,4247.43994140625,15.649999618530273,270.654,0.08,1.47,0.16,2.43,1.97,99.7987,32.0
2021-06-14,4255.14990234375,16.389999389648438,270.654,0.08,1.51,0.16,2.44,1.96,99.7987,32.0
2021-06-15,4246.58984375,17.020000457763672,270.654,0.08,1.51,0.16,2.46,1.96,99.7987,32.0
2021-06-16,4223.7001953125,18.149999618530273,270.654,0.08,1.57,0.21,2.41,1.91,99.7987,32.0
2021-06-17,4221.85986328125,17.75,270.654,0.08,1.52,0.23,2.31,1.84,99.7987,32.0
2021-06-18,4166.4501953125,20.700000762939453,270.654,0.08,1.45,0.26,2.37,1.85,99.7987,32.0
2021-06-21,4224.7900390625,17.889999389648438,270.654,0.08,1.5,0.27,2.41,1.88,99.7987,32.0
2021-06-22,4246.43994140625,16.65999984741211,270.654,0.08,1.48,0.25,2.46,1.9,99.7987,32.0
2021-06-23,4241.83984375,16.31999969482422,270.654,0.08,1.5,0.26,2.49,1.89,99.7987,32.0
2021-06-24,4266.490234375,15.970000267028809,270.654,0.08,1.49,0.26,2.45,1.88,99.7987,32.0
2021-06-25,4280.7001953125,15.619999885559082,270.654,0.08,1.54,0.28,2.46,1.9,99.7987,32.0
2021-06-28,4290.60986328125,15.760000228881836,270.654,0.08,1.49,0.25,2.45,1.88,99.7987,32.0
2021-06-29,4291.7998046875,16.020000457763672,270.654,0.08,1.49,0.27,2.46,1.87,99.7987,32.0
2021-06-30,4297.5,15.829999923706055,270.654,0.08,1.45,0.25,2.47,1.87,99.7987,32.0
2021-07-01,4319.93994140625,15.479999542236328,271.903,0.1,1.48,0.25,2.49,1.86,100.2519,26.7
2021-07-02,4352.33984375,15.069999694824219,271.903,0.1,1.44,0.24,2.49,1.87,100.2519,26.7
2021-07-06,4343.5400390625,16.440000534057617,271.903,0.1,1.37,0.22,2.48,1.9,100.2519,26.7
2021-07-07,4358.1298828125,16.200000762939453,271.903,0.1,1.33,0.22,2.43,1.89,100.2519,26.7
2021-07-08,4320.81982421875,19.0,271.903,0.1,1.3,0.19,2.38,1.91,100.2519,26.7
2021-07-09,4369.5498046875,16.18000030517578,271.903,0.1,1.37,0.23,2.44,1.91,100.2519,26.7
2021-07-12,4384.6298828125,16.170000076293945,271.903,0.1,1.38,0.23,2.48,1.91,100.2519,26.7
2021-07-13,4369.2099609375,17.1200008392334,271.903,0.1,1.42,0.26,2.56,1.91,100.2519,26.7
2021-07-14,4374.2998046875,16.329999923706055,271.903,0.1,1.37,0.23,2.53,1.91,100.2519,26.7
2021-07-15,4360.02978515625,17.010000228881836,271.903,0.1,1.31,0.23,2.53,1.92,100.2519,26.7
2021-07-16,4327.16015625,18.450000762939453,271.903,0.1,1.31,0.25,2.52,1.93,100.2519,26.7
2021-07-19,4258.490234375,22.5,271.903,0.1,1.19,0.21,2.41,1.97,100.2519,26.7
2021-07-20,4323.06005859375,19.729999542236328,271.903,0.1,1.23,0.2,2.4,1.98,100.2519,26.7
2021-07-21,4358.68994140625,17.90999984741211,271.903,0.1,1.3,0.22,2.45,1.96,100.2519,26.7
2021-07-22,4367.47998046875,17.690000534057617,271.903,0.1,1.27,0.2,2.46,1.95,100.2519,26.7
2021-07-23,4411.7900390625,17.200000762939453,271.903,0.1,1.3,0.22,2.53,1.93,100.2519,26.7
2021-07-26,4422.2998046875,17.579999923706055,271.903,0.1,1.29,0.22,2.59,1.94,100.2519,26.7
2021-07-27,4401.4599609375,19.360000610351562,271.903,0.1,1.25,0.2,2.55,1.95,100.2519,26.7
2021-07-28,4400.64013671875,18.309999465942383,271.903,0.1,1.26,0.2,2.57,1.96,100.2519,26.7
2021-07-29,4419.14990234375,17.700000762939453,271.903,0.1,1.28,0.2,2.58,1.94,100.2519,26.7
2021-07-30,4395.259765625,18.239999771118164,271.903,0.1,1.24,0.19,2.56,1.95,100.2519,26.7
2021-08-02,4387.16015625,19.459999084472656,272.676,0.09,1.2,0.17,2.51,1.95,100.0437,17.5
2021-08-03,4423.14990234375,18.040000915527344,272.676,0.09,1.19,0.17,2.51,1.97,100.0437,17.5
2021-08-04,4402.66015625,17.969999313354492,272.676,0.09,1.19,0.17,2.5,1.96,100.0437,17.5
2021-08-05,4429.10009765625,17.280000686645508,272.676,0.09,1.23,0.21,2.46,1.95,100.0437,17.5
2021-08-06,4436.52001953125,16.149999618530273,272.676,0.09,1.31,0.21,2.5,1.94,100.0437,17.5
2021-08-09,4432.35009765625,16.719999313354492,272.676,0.09,1.33,0.23,2.5,1.95,100.0437,17.5
2021-08-10,4436.75,16.790000915527344,272.676,0.09,1.36,0.24,2.53,1.95,100.0437,17.5
2021-08-11,4442.41015625,16.170000076293945,272.676,0.09,1.35,0.23,2.55,1.99,100.0437,17.5
2021-08-12,4460.830078125,15.59000015258789,272.676,0.09,1.36,0.23,2.55,1.99,100.0437,17.5
2021-08-13,4468.0,15.449999809265137,272.676,0.09,1.29,0.23,2.52,1.98,100.0437,17.5
2021-08-16,4479.7099609375,16.1200008392334,272.676,0.09,1.26,0.21,2.5,1.97,100.0437,17.5
2021-08-17,4448.080078125,17.90999984741211,272.676,0.09,1.26,0.23,2.49,1.98,100.0437,17.5
2021-08-18,4400.27001953125,21.56999969482422,272.676,0.09,1.27,0.23,2.48,1.97,100.0437,17.5
2021-08-19,4405.7998046875,21.670000076293945,272.676,0.09,1.24,0.22,2.45,1.98,100.0437,17.5
2021-08-20,4441.669921875,18.559999465942383,272.676,0.09,1.26,0.23,2.4,1.96,100.0437,17.5
2021-08-23,4479.52978515625,17.149999618530273,272.676,0.09,1.25,0.23,2.43,1.97,100.0437,17.5
2021-08-24,4486.22998046875,17.219999313354492,272.676,0.09,1.29,0.24,2.45,1.95,100.0437,17.5
2021-08-25,4496.18994140625,16.790000915527344,272.676,0.09,1.35,0.23,2.51,1.93,100.0437,17.5
2021-08-26,4470.0,18.84000015258789,272.676,0.09,1.34,0.25,2.5,1.92,100.0437,17.5
2021-08-27,4509.3701171875,16.389999389648438,272.676,0.09,1.31,0.22,2.53,1.92,100.0437,17.5
2021-08-30,4528.7900390625,16.190000534057617,272.676,0.09,1.29,0.2,2.51,1.92,100.0437,17.5
2021-08-31,4522.68017578125,16.479999542236328,272.676,0.09,1.3,0.2,2.48,1.94,100.0437,17.5
2021-09-01,4524.08984375,16.110000610351562,273.91,0.08,1.31,0.2,2.48,1.92,98.8579,32.2
2021-09-02,4536.9501953125,16.40999984741211,273.91,0.08,1.29,0.2,2.47,1.92,98.8579,32.2
2021-09-03,4535.43017578125,16.40999984741211,273.91,0.08,1.33,0.21,2.48,1.91,98.8579,32.2
2021-09-07,4520.02978515625,18.139999389648438,273.91,0.08,1.38,0.22,2.51,1.91,98.8579,32.2
2021-09-08,4514.06982421875,17.959999084472656,273.91,0.08,1.35,0.22,2.53,1.91,98.8579,32.2
2021-09-09,4493.27978515625,18.799999237060547,273.91,0.08,1.3,0.23,2.55,1.9,98.8579,32.2
2021-09-10,4458.580078125,20.950000762939453,273.91,0.08,1.35,0.23,2.55,1.88,98.8579,32.2
2021-09-13,4468.72998046875,19.3700008392334,273.91,0.08,1.33,0.21,2.53,1.87,98.8579,32.2
2021-09-14,4443.0498046875,19.459999084472656,273.91,0.08,1.28,0.21,2.49,1.87,98.8579,32.2
2021-09-15,4480.7001953125,18.18000030517578,273.91,0.08,1.31,0.21,2.51,1.85,98.8579,32.2
2021-09-16,4473.75,18.690000534057617,273.91,0.08,1.34,0.23,2.53,1.84,98.8579,32.2
2021-09-17,4432.990234375,20.809999465942383,273.91,0.08,1.37,0.23,2.51,1.83,98.8579,32.2
2021-09-20,4357.72998046875,25.709999084472656,273.91,0.08,1.31,0.23,2.43,1.84,98.8579,32.2
2021-09-21,4354.18994140625,24.360000610351562,273.91,0.08,1.33,0.22,2.44,1.83,98.8579,32.2
2021-09-22,4395.64013671875,20.8700008392334,273.91,0.08,1.32,0.25,2.41,1.83,98.8579,32.2
2021-09-23,4448.97998046875,18.6299991607666,273.91,0.08,1.41,0.27,2.48,1.81,98.8579,32.2
2021-09-24,4455.47998046875,17.75,273.91,0.08,1.47,0.29,2.47,1.8,98.8579,32.2
2021-09-27,4443.10986328125,18.760000228881836,273.91,0.08,1.48,0.31,2.5,1.78,98.8579,32.2
2021-09-28,4352.6298828125,23.25,273.91,0.08,1.54,0.31,2.53,1.8,98.8579,32.2
2021-09-29,4359.4599609375,22.559999465942383,273.91,0.08,1.55,0.3,2.52,1.81,98.8579,32.2
2021-09-30,4307.5400390625,23.139999389648438,273.91,0.08,1.52,0.28,2.51,1.85,98.8579,32.2
2021-10-01,4357.0400390625,21.100000381469727,276.55,0.08,1.48,0.27,2.51,1.85,100.1861,21.5
2021-10-04,4300.4599609375,22.959999084472656,276.55,0.08,1.49,0.27,2.53,1.85,100.1861,21.5
2021-10-05,4345.72021484375,21.299999237060547,276.55,0.08,1.54,0.28,2.59,1.84,100.1861,21.5
2021-10-06,4363.5498046875,21.0,276.55,0.08,1.53,0.3,2.57,1.84,100.1861,21.5
2021-10-07,4399.759765625,19.540000915527344,276.55,0.08,1.58,0.32,2.61,1.85,100.1861,21.5
2021-10-08,4391.33984375,18.770000457763672,276.55,0.08,1.61,0.32,2.64,1.84,100.1861,21.5
2021-10-11,4361.18994140625,20.0,276.55,0.08,1.61,0.32,2.64,1.84,100.1861,21.5
2021-10-12,4350.64990234375,19.850000381469727,276.55,0.08,1.59,0.35,2.64,1.82,100.1861,21.5
2021-10-13,4363.7998046875,18.639999389648438,276.55,0.08,1.56,0.37,2.68,1.79,100.1861,21.5
2021-10-14,4438.259765625,16.860000610351562,276.55,0.08,1.52,0.36,2.69,1.81,100.1861,21.5
2021-10-15,4471.3701171875,16.299999237060547,276.55,0.08,1.59,0.41,2.71,1.76,100.1861,21.5
2021-10-18,4486.4599609375,16.309999465942383,276.55,0.08,1.59,0.44,2.71,1.72,100.1861,21.5
2021-10-19,4519.6298828125,15.699999809265137,276.55,0.08,1.65,0.41,2.71,1.72,100.1861,21.5
2021-10-20,4536.18994140625,15.489999771118164,276.55,0.08,1.65,0.4,2.77,1.75,100.1861,21.5
2021-10-21,4549.77978515625,15.010000228881836,276.55,0.08,1.68,0.45,2.94,1.74,100.1861,21.5
2021-10-22,4544.89990234375,15.430000305175781,276.55,0.08,1.66,0.48,2.91,1.72,100.1861,21.5
2021-10-25,4566.47998046875,15.239999771118164,276.55,0.08,1.64,0.47,2.95,1.73,100.1861,21.5
2021-10-26,4574.7900390625,15.979999542236328,276.55,0.08,1.63,0.47,2.99,1.71,100.1861,21.5
2021-10-27,4551.68017578125,16.979999542236328,276.55,0.08,1.54,0.5,2.96,1.69,100.1861,21.5
2021-10-28,4596.419921875,16.530000686645508,276.55,0.08,1.57,0.5,2.9,1.69,100.1861,21.5
2021-10-29,4605.3798828125,16.260000228881836,276.55,0.08,1.55,0.48,2.89,1.69,100.1861,21.5
2021-11-01,4613.669921875,16.40999984741211,278.919,0.08,1.58,0.5,2.86,1.69,100.8654,44.0
2021-11-02,4630.64990234375,16.030000686645508,278.919,0.08,1.56,0.46,2.84,1.71,100.8654,44.0
2021-11-03,4660.56982421875,15.100000381469727,278.919,0.08,1.6,0.47,2.86,1.7,100.8654,44.0
2021-11-04,4680.06005859375,15.4399995803833,278.919,0.08,1.53,0.41,2.88,1.73,100.8654,44.0
2021-11-05,4697.52978515625,16.479999542236328,278.919,0.08,1.45,0.39,2.87,1.73,100.8654,44.0
2021-11-08,4701.7001953125,17.219999313354492,278.919,0.08,1.51,0.45,2.94,1.67,100.8654,44.0
2021-11-09,4685.25,17.780000686645508,278.919,0.08,1.46,0.41,2.96,1.67,100.8654,44.0
2021-11-10,4646.7099609375,18.729999542236328,278.919,0.08,1.56,0.51,3.08,1.66,100.8654,44.0
2021-11-11,4649.27001953125,17.65999984741211,278.919,0.08,1.56,0.51,3.08,1.66,100.8654,44.0
2021-11-12,4682.85009765625,16.290000915527344,278.919,0.08,1.58,0.53,3.11,1.69,100.8654,44.0
2021-11-15,4682.7998046875,16.489999771118164,278.919,0.08,1.63,0.53,3.17,1.7,100.8654,44.0
2021-11-16,4700.89990234375,16.3700008392334,278.919,0.08,1.63,0.54,3.17,1.72,100.8654,44.0
2021-11-17,4688.669921875,17.110000610351562,278.919,0.08,1.6,0.52,3.14,1.74,100.8654,44.0
2021-11-18,4704.5400390625,17.59000015258789,278.919,0.08,1.59,0.52,3.11,1.73,100.8654,44.0
2021-11-19,4697.9599609375,17.90999984741211,278.919,0.08,1.54,0.52,3.02,1.73,100.8654,44.0
2021-11-22,4682.93994140625,19.170000076293945,278.919,0.08,1.63,0.63,2.98,1.71,100.8654,44.0
2021-11-23,4690.7001953125,19.3799991607666,278.919,0.08,1.67,0.6,3.0,1.73,100.8654,44.0
2021-11-24,4701.4599609375,18.579999923706055,278.919,0.08,1.64,0.64,3.03,1.72,100.8654,44.0
2021-11-26,4594.6201171875,28.6200008392334,278.919,0.08,1.48,0.5,2.92,1.82,100.8654,44.0
2021-11-29,4655.27001953125,22.959999084472656,278.919,0.08,1.52,0.51,2.91,1.81,100.8654,44.0
2021-11-30,4567.0,27.190000534057617,278.919,0.08,1.43,0.52,2.8,1.81,100.8654,44.0
2021-12-01,4513.0400390625,31.1200008392334,280.845,0.08,1.43,0.56,2.7,1.81,100.5726,17.1
2021-12-02,4577.10009765625,27.950000762939453,280.845,0.08,1.44,0.63,2.73,1.8,100.5726,17.1
2021-12-03,4538.43017578125,30.670000076293945,280.845,0.08,1.35,0.6,2.72,1.81,100.5726,17.1
2021-12-06,4591.669921875,27.18000030517578,280.845,0.08,1.43,0.65,2.79,1.79,100.5726,17.1
2021-12-07,4686.75,21.889999389648438,280.845,0.08,1.48,0.7,2.84,1.75,100.5726,17.1
2021-12-08,4701.2099609375,19.899999618530273,280.845,0.08,1.52,0.68,2.88,1.79,100.5726,17.1
2021-12-09,4667.4501953125,21.579999923706055,280.845,0.08,1.49,0.7,2.8,1.81,100.5726,17.1
2021-12-10,4712.02001953125,18.690000534057617,280.845,0.08,1.48,0.67,2.76,1.83,100.5726,17.1
2021-12-13,4668.97021484375,20.309999465942383,280.845,0.08,1.42,0.66,2.73,1.82,100.5726,17.1
2021-12-14,4634.08984375,21.889999389648438,280.845,0.08,1.44,0.67,2.66,1.82,100.5726,17.1
2021-12-15,4709.85009765625,19.290000915527344,280.845,0.08,1.47,0.69,2.67,1.83,100.5726,17.1
2021-12-16,4668.669921875,20.56999969482422,280.845,0.08,1.44,0.64,2.7,1.87,100.5726,17.1
2021-12-17,4620.64013671875,21.56999969482422,280.845,0.08,1.41,0.66,2.65,1.87,100.5726,17.1
2021-12-20,4568.02001953125,22.8700008392334,280.845,0.08,1.43,0.65,2.65,1.89,100.5726,17.1
2021-12-21,4649.22998046875,21.010000228881836,280.845,0.08,1.48,0.7,2.69,1.88,100.5726,17.1
2021-12-22,4696.56005859375,18.6299991607666,280.845,0.08,1.46,0.68,2.7,1.86,100.5726,17.1
2021-12-23,4725.7900390625,17.959999084472656,280.845,0.08,1.5,0.71,2.72,1.86,100.5726,17.1
2021-12-27,4791.18994140625,17.68000030517578,280.845,0.08,1.48,0.76,2.75,1.86,100.5726,17.1
2021-12-28,4786.35009765625,17.540000915527344,280.845,0.08,1.49,0.74,2.78,1.86,100.5726,17.1
2021-12-29,4793.06005859375,16.950000762939453,280.845,0.08,1.55,0.75,2.83,1.85,100.5726,17.1
2021-12-30,4778.72998046875,17.329999923706055,280.845,0.08,1.52,0.73,2.86,1.85,100.5726,17.1
2021-12-31,4766.18017578125,17.219999313354492,280.845,0.08,1.52,0.73,2.87,1.85,100.5726,17.1
2022-01-03,4796.56005859375,16.600000381469727,282.543,0.08,1.63,0.78,2.95,1.82,100.1856,18.3
2022-01-04,4793.5400390625,16.90999984741211,282.543,0.08,1.66,0.77,2.93,1.84,100.1856,18.3
2022-01-05,4700.580078125,19.729999542236328,282.543,0.08,1.71,0.83,2.87,1.8,100.1856,18.3
2022-01-06,4696.0498046875,19.610000610351562,282.543,0.08,1.73,0.88,2.77,1.78,100.1856,18.3
2022-01-07,4677.02978515625,18.760000228881836,282.543,0.08,1.76,0.87,2.78,1.78,100.1856,18.3
2022-01-10,4670.2900390625,19.399999618530273,282.543,0.08,1.78,0.92,2.77,1.76,100.1856,18.3
2022-01-11,4713.06982421875,18.40999984741211,282.543,0.08,1.75,0.9,2.87,1.76,100.1856,18.3
2022-01-12,4726.35009765625,17.6200008392334,282.543,0.08,1.74,0.92,2.82,1.77,100.1856,18.3
2022-01-13,4659.02978515625,20.309999465942383,282.543,0.08,1.7,0.91,2.77,1.8,100.1856,18.3
2022-01-14,4662.85009765625,19.190000534057617,282.543,0.08,1.78,0.99,2.79,1.79,100.1856,18.3
2022-01-18,4577.10986328125,22.790000915527344,282.543,0.08,1.87,1.06,2.8,1.78,100.1856,18.3
2022-01-19,4532.759765625,23.850000381469727,282.543,0.08,1.83,1.04,2.73,1.77,100.1856,18.3
2022-01-20,4482.72998046875,25.59000015258789,282.543,0.08,1.83,1.08,2.74,1.79,100.1856,18.3
2022-01-21,4397.93994140625,28.850000381469727,282.543,0.08,1.75,1.01,2.7,1.84,100.1856,18.3
2022-01-24,4410.1298828125,29.899999618530273,282.543,0.08,1.75,0.99,2.74,1.89,100.1856,18.3
2022-01-25,4356.4501953125,31.15999984741211,282.543,0.08,1.78,1.02,2.78,1.91,100.1856,18.3
2022-01-26,4349.93017578125,31.959999084472656,282.543,0.08,1.85,1.13,2.75,1.84,100.1856,18.3
2022-01-27,4326.509765625,30.489999771118164,282.543,0.08,1.81,1.18,2.76,1.86,100.1856,18.3
2022-01-28,4431.85009765625,27.65999984741211,282.543,0.08,1.78,1.15,2.8,1.91,100.1856,18.3
2022-01-31,4515.5498046875,24.829999923706055,282.543,0.08,1.79,1.18,2.82,1.93,100.1856,18.3
2022-02-01,4546.5400390625,21.959999084472656,284.5,0.08,1.81,1.18,2.8,1.92,100.8064,15.9
2022-02-02,4589.3798828125,22.09000015258789,284.5,0.08,1.78,1.16,2.79,1.91,100.8064,15.9
2022-02-03,4477.43994140625,24.350000381469727,284.5,0.08,1.82,1.19,2.76,1.92,100.8064,15.9
2022-02-04,4500.52978515625,23.219999313354492,284.5,0.08,1.93,1.31,2.78,1.92,100.8064,15.9
2022-02-07,4483.8701171875,22.860000610351562,284.5,0.08,1.92,1.3,2.75,1.93,100.8064,15.9
2022-02-08,4521.5400390625,21.440000534057617,284.5,0.08,1.96,1.35,2.77,1.91,100.8064,15.9
2022-02-09,4587.18017578125,19.959999084472656,284.5,0.08,1.94,1.36,2.78,1.92,100.8064,15.9
2022-02-10,4504.080078125,23.90999984741211,284.5,0.08,2.03,1.61,2.81,1.91,100.8064,15.9
2022-02-11,4418.64013671875,27.360000610351562,284.5,0.08,1.92,1.5,2.82,2.0,100.8064,15.9
2022-02-14,4401.669921875,28.329999923706055,284.5,0.08,1.98,1.58,2.91,2.0,100.8064,15.9
2022-02-15,4471.06982421875,25.700000762939453,284.5,0.08,2.05,1.58,2.89,1.99,100.8064,15.9
2022-02-16,4475.009765625,24.290000915527344,284.5,0.08,2.03,1.52,2.87,2.05,100.8064,15.9
2022-02-17,4380.259765625,28.110000610351562,284.5,0.08,1.97,1.49,2.87,2.12,100.8064,15.9
2022-02-18,4348.8701171875,27.75,284.5,0.08,1.92,1.47,2.86,2.13,100.8064,15.9
2022-02-22,4304.759765625,28.809999465942383,284.5,0.08,1.94,1.56,2.89,2.13,100.8064,15.9
2022-02-23,4225.5,31.020000457763672,284.5,0.08,1.99,1.58,3.01,2.1,100.8064,15.9
2022-02-24,4288.7001953125,30.31999969482422,284.5,0.08,1.96,1.54,3.05,2.24,100.8064,15.9
2022-02-25,4384.64990234375,27.59000015258789,284.5,0.08,1.97,1.55,3.02,2.2,100.8064,15.9
2022-02-28,4373.93994140625,30.149999618530273,284.5,0.08,1.83,1.44,3.11,2.34,100.8064,15.9
2022-03-01,4306.259765625,33.31999969482422,287.674,0.2,1.72,1.31,3.14,2.25,101.3907,20.8
2022-03-02,4386.5400390625,30.739999771118164,287.674,0.2,1.86,1.5,3.23,2.24,101.3907,20.8
2022-03-03,4363.490234375,30.479999542236328,287.674,0.2,1.86,1.53,3.17,2.24,101.3907,20.8
2022-03-04,4328.8701171875,31.979999542236328,287.674,0.2,1.74,1.5,3.19,2.31,101.3907,20.8
2022-03-07,4201.08984375,36.45000076293945,287.674,0.2,1.78,1.55,3.29,2.32,101.3907,20.8
2022-03-08,4170.7001953125,35.130001068115234,287.674,0.2,1.86,1.63,3.43,2.35,101.3907,20.8
2022-03-09,4277.8798828125,32.45000076293945,287.674,0.2,1.94,1.68,3.33,2.32,101.3907,20.8
2022-03-10,4259.52001953125,30.229999542236328,287.674,0.2,1.98,1.72,3.42,2.38,101.3907,20.8
2022-03-11,4204.31005859375,30.75,287.674,0.2,2.0,1.75,3.52,2.35,101.3907,20.8
2022-03-14,4173.10986328125,31.770000457763672,287.674,0.2,2.14,1.87,3.5,2.33,101.3907,20.8
2022-03-15,4262.4501953125,29.829999923706055,287.674,0.2,2.15,1.85,3.42,2.36,101.3907,20.8
2022-03-16,4357.85986328125,26.670000076293945,287.674,0.2,2.19,1.95,3.34,2.23,101.3907,20.8
2022-03-17,4411.669921875,25.670000076293945,287.674,0.2,2.2,1.94,3.51,2.17,101.3907,20.8
2022-03-18,4463.1201171875,23.8700008392334,287.674,0.2,2.14,1.97,3.48,2.14,101.3907,20.8
2022-03-21,4461.18017578125,23.530000686645508,287.674,0.2,2.32,2.14,3.52,2.07,101.3907,20.8
2022-03-22,4511.60986328125,22.940000534057617,287.674,0.2,2.38,2.18,3.52,2.05,101.3907,20.8
2022-03-23,4456.240234375,23.56999969482422,287.674,0.2,2.32,2.13,3.57,2.03,101.3907,20.8
2022-03-24,4520.16015625,21.670000076293945,287.674,0.2,2.34,2.13,3.57,2.01,101.3907,20.8
2022-03-25,4543.06005859375,20.809999465942383,287.674,0.2,2.48,2.3,3.59,1.96,101.3907,20.8
2022-03-28,4575.52001953125,19.6299991607666,287.674,0.2,2.46,2.35,3.56,1.94,101.3907,20.8
2022-03-29,4631.60009765625,18.899999618530273,287.674,0.2,2.41,2.35,3.4,1.91,101.3907,20.8
2022-03-30,4602.4501953125,19.329999923706055,287.674,0.2,2.35,2.31,3.41,1.93,101.3907,20.8
2022-03-31,4530.41015625,20.559999465942383,287.674,0.2,2.32,2.28,3.34,1.93,101.3907,20.8
2022-04-01,4545.85986328125,19.6299991607666,288.561,0.33,2.39,2.44,3.28,1.81,101.44,16.8
2022-04-04,4582.64013671875,18.56999969482422,288.561,0.33,2.42,2.43,3.28,1.81,101.44,16.8
2022-04-05,4525.1201171875,21.030000686645508,288.561,0.33,2.54,2.51,3.31,1.77,101.44,16.8
2022-04-06,4481.14990234375,22.100000381469727,288.561,0.33,2.61,2.5,3.28,1.77,101.44,16.8
2022-04-07,4500.2099609375,21.549999237060547,288.561,0.33,2.66,2.47,3.26,1.78,101.44,16.8
2022-04-08,4488.27978515625,21.15999984741211,288.561,0.33,2.72,2.53,3.33,1.78,101.44,16.8
2022-04-11,4412.52978515625,24.3700008392334,288.561,0.33,2.79,2.5,3.37,1.82,101.44,16.8
2022-04-12,4397.4501953125,24.260000228881836,288.561,0.33,2.72,2.39,3.31,1.92,101.44,16.8
2022-04-13,4446.58984375,21.81999969482422,288.561,0.33,2.7,2.37,3.25,1.94,101.44,16.8
2022-04-14,4392.58984375,22.700000762939453,288.561,0.33,2.83,2.47,3.33,1.93,101.44,16.8
2022-04-18,4391.68994140625,22.170000076293945,288.561,0.33,2.85,2.46,3.36,1.94,101.44,16.8
2022-04-19,4462.2099609375,21.3700008392334,288.561,0.33,2.93,2.61,3.36,1.91,101.44,16.8
2022-04-20,4459.4501953125,20.31999969482422,288.561,0.33,2.85,2.6,3.36,1.91,101.44,16.8
2022-04-21,4393.66015625,22.68000030517578,288.561,0.33,2.9,2.68,3.37,1.93,101.44,16.8
2022-04-22,4271.77978515625,28.209999084472656,288.561,0.33,2.9,2.72,3.37,1.96,101.44,16.8
2022-04-25,4296.1201171875,27.020000457763672,288.561,0.33,2.81,2.63,3.27,2.03,101.44,16.8
2022-04-26,4175.2001953125,33.52000045776367,288.561,0.33,2.77,2.54,3.25,2.06,101.44,16.8
2022-04-27,4183.9599609375,31.600000381469727,288.561,0.33,2.82,2.58,3.28,2.05,101.44,16.8
2022-04-28,4287.5,29.989999771118164,288.561,0.33,2.85,2.63,3.39,2.06,101.44,16.8
2022-04-29,4131.93017578125,33.400001525878906,288.561,0.33,2.89,2.7,3.3,2.05,101.44,16.8
2022-05-02,4155.3798828125,32.34000015258789,291.298,0.77,2.99,2.73,3.21,2.08,101.3335,4.7
2022-05-03,4175.47998046875,29.25,291.298,0.77,2.97,2.78,3.21,2.05,101.3335,4.7
2022-05-04,4300.169921875,25.420000076293945,291.298,0.77,2.93,2.66,3.24,2.08,101.3335,4.7
2022-05-05,4146.8701171875,31.200000762939453,291.298,0.77,3.05,2.71,3.23,2.1,101.3335,4.7
2022-05-06,4123.33984375,30.190000534057617,291.298,0.77,3.12,2.72,3.22,2.09,101.3335,4.7
2022-05-09,3991.239990234375,34.75,291.298,0.77,3.05,2.61,3.06,2.17,101.3335,4.7
2022-05-10,4001.050048828125,32.9900016784668,291.298,0.77,2.99,2.62,2.92,2.16,101.3335,4.7
2022-05-11,3935.179931640625,32.560001373291016,291.298,0.77,2.91,2.66,3.0,2.17,101.3335,4.7
2022-05-12,3930.080078125,31.770000457763672,291.298,0.77,2.84,2.56,2.89,2.2,101.3335,4.7
2022-05-13,4023.889892578125,28.8700008392334,291.298,0.77,2.93,2.61,3.03,2.24,101.3335,4.7
2022-05-16,4008.010009765625,27.469999313354492,291.298,0.77,2.88,2.58,3.04,2.29,101.3335,4.7
2022-05-17,4088.85009765625,26.100000381469727,291.298,0.77,2.98,2.71,3.08,2.27,101.3335,4.7
2022-05-18,3923.679931640625,30.959999084472656,291.298,0.77,2.89,2.68,3.05,2.31,101.3335,4.7
2022-05-19,3900.7900390625,29.350000381469727,291.298,0.77,2.84,2.63,2.97,2.37,101.3335,4.7
2022-05-20,3901.360107421875,29.43000030517578,291.298,0.77,2.78,2.6,2.88,2.36,101.3335,4.7
2022-05-23,3973.75,28.479999542236328,291.298,0.77,2.86,2.65,2.92,2.33,101.3335,4.7
2022-05-24,3941.47998046875,29.450000762939453,291.298,0.77,2.76,2.5,2.87,2.34,101.3335,4.7
2022-05-25,3978.72998046875,28.3700008392334,291.298,0.77,2.75,2.48,2.88,2.29,101.3335,4.7
2022-05-26,4057.840087890625,27.5,291.298,0.77,2.75,2.46,2.96,2.25,101.3335,4.7
2022-05-27,4158.240234375,25.719999313354492,291.298,0.77,2.74,2.47,2.95,2.26,101.3335,4.7
2022-05-31,4132.14990234375,26.190000534057617,291.298,0.77,2.85,2.53,2.96,2.18,101.3335,4.7
2022-06-01,4101.22998046875,25.690000534057617,294.957,1.21,2.94,2.66,2.96,2.08,101.018,-1.9
2022-06-02,4176.81982421875,24.719999313354492,294.957,1.21,2.92,2.65,2.97,2.1,101.018,-1.9
2022-06-03,4108.5400390625,24.790000915527344,294.957,1.21,2.96,2.66,3.04,2.09,101.018,-1.9
2022-06-06,4121.43017578125,25.06999969482422,294.957,1.21,3.04,2.73,3.05,2.08,101.018,-1.9
2022-06-07,4160.68017578125,24.020000457763672,294.957,1.21,2.98,2.75,3.03,2.07,101.018,-1.9
2022-06-08,4115.77001953125,23.959999084472656,294.957,1.21,3.03,2.78,3.06,2.07,101.018,-1.9
2022-06-09,4017.820068359375,26.09000015258789,294.957,1.21,3.04,2.83,3.08,2.07,101.018,-1.9
2022-06-10,3900.860107421875,27.75,294.957,1.21,3.15,3.06,3.13,2.04,101.018,-1.9
2022-06-13,3749.6298828125,34.02000045776367,294.957,1.21,3.43,3.4,3.11,1.98,101.018,-1.9
2022-06-14,3735.47998046875,32.689998626708984,294.957,1.21,3.49,3.45,2.88,1.99,101.018,-1.9
2022-06-15,3789.989990234375,29.6200008392334,294.957,1.21,3.33,3.2,3.0,2.1,101.018,-1.9
2022-06-16,3666.77001953125,32.95000076293945,294.957,1.21,3.28,3.14,2.87,2.13,101.018,-1.9
2022-06-17,3674.840087890625,31.1299991607666,294.957,1.21,3.25,3.17,2.8,2.13,101.018,-1.9
2022-06-21,3764.7900390625,30.190000534057617,294.957,1.21,3.31,3.21,2.84,2.13,101.018,-1.9
2022-06-22,3759.889892578125,28.950000762939453,294.957,1.21,3.16,3.06,2.74,2.17,101.018,-1.9
2022-06-23,3795.72998046875,29.049999237060547,294.957,1.21,3.09,3.01,2.69,2.2,101.018,-1.9
2022-06-24,3911.739990234375,27.229999542236328,294.957,1.21,3.13,3.04,2.82,2.22,101.018,-1.9
2022-06-27,3900.110107421875,26.950000762939453,294.957,1.21,3.2,3.08,2.79,2.19,101.018,-1.9
2022-06-28,3821.550048828125,28.360000610351562,294.957,1.21,3.2,3.1,2.73,2.22,101.018,-1.9
2022-06-29,3818.830078125,28.15999984741211,294.957,1.21,3.1,3.06,2.59,2.24,101.018,-1.9
2022-06-30,3785.3798828125,28.709999084472656,294.957,1.21,2.98,2.92,2.58,2.31,101.018,-1.9
2022-07-01,3825.330078125,26.700000762939453,294.913,1.68,2.88,2.84,2.6,2.42,101.223,-8.1
2022-07-05,3831.389892578125,27.540000915527344,294.913,1.68,2.82,2.82,2.51,2.41,101.223,-8.1
2022-07-06,3845.080078125,26.729999542236328,294.913,1.68,2.93,2.97,2.48,2.39,101.223,-8.1
2022-07-07,3902.6201171875,26.079999923706055,294.913,1.68,3.01,3.03,2.53,2.33,101.223,-8.1
2022-07-08,3899.3798828125,24.639999389648438,294.913,1.68,3.09,3.12,2.62,2.31,101.223,-8.1
2022-07-11,3854.429931640625,26.170000076293945,294.913,1.68,2.99,3.07,2.56,2.32,101.223,-8.1
2022-07-12,3818.800048828125,27.290000915527344,294.913,1.68,2.96,3.03,2.5,2.31,101.223,-8.1
2022-07-13,3801.780029296875,26.81999969482422,294.913,1.68,2.91,3.13,2.51,2.32,101.223,-8.1
2022-07-14,3790.3798828125,26.399999618530273,294.913,1.68,2.96,3.15,2.54,2.31,101.223,-8.1
2022-07-15,3863.159912109375,24.229999542236328,294.913,1.68,2.93,3.13,2.59,2.3,101.223,-8.1
2022-07-18,3830.85009765625,25.299999237060547,294.913,1.68,2.96,3.15,2.63,2.28,101.223,-8.1
2022-07-19,3936.68994140625,24.5,294.913,1.68,3.01,3.23,2.67,2.26,101.223,-8.1
2022-07-20,3959.89990234375,23.8799991607666,294.913,1.68,3.04,3.25,2.67,2.2,101.223,-8.1
2022-07-21,3998.949951171875,23.110000610351562,294.913,1.68,2.91,3.1,2.55,2.23,101.223,-8.1
2022-07-22,3961.6298828125,23.030000686645508,294.913,1.68,2.77,2.98,2.56,2.28,101.223,-8.1
2022-07-25,3966.840087890625,23.360000610351562,294.913,1.68,2.81,3.0,2.58,2.31,101.223,-8.1
2022-07-26,3921.050048828125,24.690000534057617,294.913,1.68,2.81,3.02,2.56,2.29,101.223,-8.1
2022-07-27,4023.610107421875,23.239999771118164,294.913,1.68,2.78,2.96,2.61,2.3,101.223,-8.1
2022-07-28,4072.429931640625,22.329999923706055,294.913,1.68,2.68,2.85,2.67,2.42,101.223,-8.1
2022-07-29,4130.2900390625,21.329999923706055,294.913,1.68,2.67,2.89,2.73,2.36,101.223,-8.1
2022-08-01,4118.6298828125,22.84000015258789,295.097,2.33,2.6,2.9,2.72,2.38,101.0963,4.1
2022-08-02,4091.18994140625,23.93000030517578,295.097,2.33,2.75,3.06,2.69,2.29,101.0963,4.1
2022-08-03,4155.169921875,21.950000762939453,295.097,2.33,2.73,3.1,2.72,2.29,101.0963,4.1
2022-08-04,4151.93994140625,21.440000534057617,295.097,2.33,2.68,3.03,2.64,2.32,101.0963,4.1
2022-08-05,4145.18994140625,21.149999618530273,295.097,2.33,2.83,3.24,2.64,2.29,101.0963,4.1
2022-08-08,4140.06005859375,21.290000915527344,295.097,2.33,2.77,3.21,2.65,2.26,101.0963,4.1
2022-08-09,4122.47021484375,21.770000457763672,295.097,2.33,2.8,3.28,2.66,2.26,101.0963,4.1
2022-08-10,4210.240234375,19.739999771118164,295.097,2.33,2.78,3.23,2.61,2.29,101.0963,4.1
2022-08-11,4207.27001953125,20.200000762939453,295.097,2.33,2.87,3.23,2.67,2.29,101.0963,4.1
2022-08-12,4280.14990234375,19.530000686645508,295.097,2.33,2.84,3.25,2.67,2.27,101.0963,4.1
2022-08-15,4297.14013671875,19.950000762939453,295.097,2.33,2.79,3.2,2.62,2.27,101.0963,4.1
2022-08-16,4305.2001953125,19.690000534057617,295.097,2.33,2.82,3.25,2.61,2.27,101.0963,4.1
2022-08-17,4274.0400390625,19.899999618530273,295.097,2.33,2.89,3.28,2.65,2.24,101.0963,4.1
2022-08-18,4283.740234375,19.559999465942383,295.097,2.33,2.88,3.22,2.7,2.24,101.0963,4.1
2022-08-19,4228.47998046875,20.600000381469727,295.097,2.33,2.98,3.25,2.72,2.25,101.0963,4.1
2022-08-22,4137.990234375,23.799999237060547,295.097,2.33,3.03,3.32,2.74,2.24,101.0963,4.1
2022-08-23,4128.72998046875,24.110000610351562,295.097,2.33,3.05,3.29,2.77,2.24,101.0963,4.1
2022-08-24,4140.77001953125,22.81999969482422,295.097,2.33,3.11,3.36,2.79,2.23,101.0963,4.1
2022-08-25,4199.1201171875,21.780000686645508,295.097,2.33,3.03,3.35,2.77,2.21,101.0963,4.1
2022-08-26,4057.659912109375,25.559999465942383,295.097,2.33,3.04,3.37,2.73,2.19,101.0963,4.1
2022-08-29,4030.610107421875,26.209999084472656,295.097,2.33,3.12,3.42,2.71,2.19,101.0963,4.1
2022-08-30,3986.159912109375,26.209999084472656,295.097,2.33,3.11,3.46,2.67,2.17,101.0963,4.1
2022-08-31,3955.0,25.8700008392334,295.097,2.33,3.15,3.45,2.58,2.18,101.0963,4.1
2022-09-01,3966.85009765625,25.559999465942383,296.349,2.56,3.26,3.51,2.52,2.22,101.2918,-8.3
2022-09-02,3924.260009765625,25.469999313354492,296.349,2.56,3.2,3.4,2.55,2.24,101.2918,-8.3
2022-09-06,3908.18994140625,26.90999984741211,296.349,2.56,3.33,3.5,2.56,2.27,101.2918,-8.3
2022-09-07,3979.8701171875,24.639999389648438,296.349,2.56,3.27,3.45,2.51,2.24,101.2918,-8.3
2022-09-08,4006.179931640625,23.610000610351562,296.349,2.56,3.29,3.48,2.46,2.25,101.2918,-8.3
2022-09-09,4067.360107421875,22.790000915527344,296.349,2.56,3.33,3.56,2.51,2.2,101.2918,-8.3
2022-09-12,4110.41015625,23.8700008392334,296.349,2.56,3.37,3.58,2.52,2.2,101.2918,-8.3
2022-09-13,3932.68994140625,27.270000457763672,296.349,2.56,3.42,3.75,2.56,2.18,101.2918,-8.3
2022-09-14,3946.010009765625,26.15999984741211,296.349,2.56,3.41,3.78,2.62,2.15,101.2918,-8.3
2022-09-15,3901.35009765625,26.270000457763672,296.349,2.56,3.45,3.87,2.57,2.12,101.2918,-8.3
2022-09-16,3873.330078125,26.299999237060547,296.349,2.56,3.45,3.85,2.49,2.18,101.2918,-8.3
2022-09-19,3899.889892578125,25.760000228881836,296.349,2.56,3.49,3.95,2.44,2.15,101.2918,-8.3
2022-09-20,3855.929931640625,27.15999984741211,296.349,2.56,3.57,3.96,2.48,2.13,101.2918,-8.3
2022-09-21,3789.929931640625,27.989999771118164,296.349,2.56,3.51,4.02,2.47,2.12,101.2918,-8.3
2022-09-22,3757.989990234375,27.350000381469727,296.349,2.56,3.7,4.11,2.45,2.08,101.2918,-8.3
2022-09-23,3693.22998046875,29.920000076293945,296.349,2.56,3.69,4.2,2.38,2.09,101.2918,-8.3
2022-09-26,3655.0400390625,32.2599983215332,296.349,2.56,3.88,4.27,2.33,2.01,101.2918,-8.3
2022-09-27,3647.2900390625,32.599998474121094,296.349,2.56,3.97,4.3,2.35,2.08,101.2918,-8.3
2022-09-28,3719.0400390625,30.18000030517578,296.349,2.56,3.72,4.07,2.37,2.25,101.2918,-8.3
2022-09-29,3640.469970703125,31.84000015258789,296.349,2.56,3.76,4.16,2.18,2.27,101.2918,-8.3
2022-09-30,3585.6201171875,31.6200008392334,296.349,2.56,3.83,4.22,2.14,2.24,101.2918,-8.3
2022-10-03,3678.429931640625,30.100000381469727,298.007,3.08,3.67,4.12,2.26,2.29,101.2529,-11.5
2022-10-04,3790.929931640625,29.06999969482422,298.007,3.08,3.62,4.1,2.28,2.27,101.2529,-11.5
2022-10-05,3783.280029296875,28.549999237060547,298.007,3.08,3.76,4.15,2.26,2.22,101.2529,-11.5
2022-10-06,3744.52001953125,30.520000457763672,298.007,3.08,3.83,4.23,2.29,2.16,101.2529,-11.5
2022-10-07,3639.659912109375,31.360000610351562,298.007,3.08,3.89,4.3,2.36,2.17,101.2529,-11.5
2022-10-10,3612.389892578125,32.45000076293945,298.007,3.08,3.89,4.3,2.36,2.17,101.2529,-11.5
2022-10-11,3588.840087890625,33.630001068115234,298.007,3.08,3.93,4.3,2.36,2.23,101.2529,-11.5
2022-10-12,3577.030029296875,33.56999969482422,298.007,3.08,3.91,4.28,2.32,2.27,101.2529,-11.5
2022-10-13,3669.909912109375,31.940000534057617,298.007,3.08,3.97,4.47,2.38,2.28,101.2529,-11.5
2022-10-14,3583.070068359375,32.02000045776367,298.007,3.08,4.0,4.48,2.44,2.28,101.2529,-11.5
2022-10-17,3677.949951171875,31.3700008392334,298.007,3.08,4.02,4.45,2.48,2.28,101.2529,-11.5
2022-10-18,3719.97998046875,30.5,298.007,3.08,4.01,4.43,2.42,2.28,101.2529,-11.5
2022-10-19,3695.159912109375,30.760000228881836,298.007,3.08,4.14,4.55,2.46,2.25,101.2529,-11.5
2022-10-20,3665.780029296875,29.979999542236328,298.007,3.08,4.24,4.62,2.65,2.24,101.2529,-11.5
2022-10-21,3752.75,29.690000534057617,298.007,3.08,4.21,4.49,2.69,2.36,101.2529,-11.5
2022-10-24,3797.340087890625,29.850000381469727,298.007,3.08,4.25,4.5,2.72,2.34,101.2529,-11.5
2022-10-25,3859.110107421875,28.459999084472656,298.007,3.08,4.1,4.42,2.62,2.37,101.2529,-11.5
2022-10-26,3830.60009765625,27.280000686645508,298.007,3.08,4.04,4.39,2.56,2.33,101.2529,-11.5
2022-10-27,3807.300048828125,27.389999389648438,298.007,3.08,3.96,4.3,2.57,2.34,101.2529,-11.5
2022-10-28,3901.06005859375,25.75,298.007,3.08,4.02,4.41,2.62,2.3,101.2529,-11.5
2022-10-31,3871.97998046875,25.8799991607666,298.007,3.08,4.1,4.51,2.67,2.28,101.2529,-11.5
2022-11-01,3856.10009765625,25.809999465942383,298.786,3.78,4.07,4.54,2.65,2.22,100.9552,-13.4
2022-11-02,3759.68994140625,25.860000610351562,298.786,3.78,4.1,4.61,2.68,2.18,100.9552,-13.4
2022-11-03,3719.889892578125,25.299999237060547,298.786,3.78,4.14,4.71,2.54,2.19,100.9552,-13.4
2022-11-04,3770.550048828125,24.549999237060547,298.786,3.78,4.17,4.66,2.61,2.22,100.9552,-13.4
2022-11-07,3806.800048828125,24.350000381469727,298.786,3.78,4.22,4.72,2.67,2.22,100.9552,-13.4
2022-11-08,3828.110107421875,25.540000915527344,298.786,3.78,4.14,4.67,2.61,2.23,100.9552,-13.4
2022-11-09,3748.570068359375,26.09000015258789,298.786,3.78,4.12,4.61,2.53,2.33,100.9552,-13.4
2022-11-10,3956.3701171875,23.530000686645508,298.786,3.78,3.82,4.34,2.47,2.36,100.9552,-13.4
2022-11-11,3992.929931640625,22.520000457763672,298.786,3.78,3.82,4.34,2.47,2.36,100.9552,-13.4
2022-11-14,3957.25,23.729999542236328,298.786,3.78,3.88,4.4,2.42,2.27,100.9552,-13.4
2022-11-15,3991.72998046875,24.540000915527344,298.786,3.78,3.8,4.37,2.4,2.23,100.9552,-13.4
2022-11-16,3958.7900390625,24.110000610351562,298.786,3.78,3.67,4.35,2.35,2.24,100.9552,-13.4
2022-11-17,3946.56005859375,23.93000030517578,298.786,3.78,3.77,4.43,2.32,2.18,100.9552,-13.4
2022-11-18,3965.340087890625,23.1200008392334,298.786,3.78,3.82,4.51,2.28,2.13,100.9552,-13.4
2022-11-21,3949.93994140625,22.360000610351562,298.786,3.78,3.83,4.48,2.34,2.08,100.9552,-13.4
2022-11-22,4003.580078125,21.290000915527344,298.786,3.78,3.76,4.47,2.35,2.07,100.9552,-13.4
2022-11-23,4027.260009765625,20.350000381469727,298.786,3.78,3.71,4.46,2.33,2.02,100.9552,-13.4
2022-11-25,4026.1201171875,20.5,298.786,3.78,3.68,4.42,2.34,2.06,100.9552,-13.4
2022-11-28,3963.93994140625,22.209999084472656,298.786,3.78,3.69,4.46,2.29,2.05,100.9552,-13.4
2022-11-29,3957.6298828125,21.889999389648438,298.786,3.78,3.75,4.48,2.3,2.06,100.9552,-13.4
2022-11-30,4080.110107421875,20.579999923706055,298.786,3.78,3.68,4.38,2.41,2.15,100.9552,-13.4
2022-12-01,4076.570068359375,19.84000015258789,298.832,4.1,3.53,4.25,2.45,2.09,99.7664,-11.4
2022-12-02,4071.699951171875,19.059999465942383,298.832,4.1,3.51,4.28,2.51,2.03,99.7664,-11.4
2022-12-05,3998.840087890625,20.75,298.832,4.1,3.6,4.41,2.46,1.99,99.7664,-11.4
2022-12-06,3941.260009765625,22.170000076293945,298.832,4.1,3.51,4.34,2.38,1.97,99.7664,-11.4
2022-12-07,3933.919921875,22.68000030517578,298.832,4.1,3.42,4.26,2.33,1.95,99.7664,-11.4
2022-12-08,3963.510009765625,22.290000915527344,298.832,4.1,3.48,4.31,2.36,1.91,99.7664,-11.4
2022-12-09,3934.3798828125,22.829999923706055,298.832,4.1,3.57,4.33,2.3,1.9,99.7664,-11.4
2022-12-12,3990.56005859375,25.0,298.832,4.1,3.61,4.39,2.35,1.88,99.7664,-11.4
2022-12-13,4019.64990234375,22.549999237060547,298.832,4.1,3.51,4.22,2.31,1.91,99.7664,-11.4
2022-12-14,3995.320068359375,21.139999389648438,298.832,4.1,3.49,4.23,2.25,1.95,99.7664,-11.4
2022-12-15,3895.75,22.829999923706055,298.832,4.1,3.44,4.23,2.21,1.97,99.7664,-11.4
2022-12-16,3852.360107421875,22.6200008392334,298.832,4.1,3.48,4.17,2.14,1.98,99.7664,-11.4
2022-12-19,3817.659912109375,22.420000076293945,298.832,4.1,3.57,4.25,2.19,1.98,99.7664,-11.4
2022-12-20,3821.6201171875,21.479999542236328,298.832,4.1,3.69,4.25,2.26,1.99,99.7664,-11.4
2022-12-21,3878.43994140625,20.06999969482422,298.832,4.1,3.68,4.21,2.31,2.01,99.7664,-11.4
2022-12-22,3822.389892578125,21.969999313354492,298.832,4.1,3.67,4.24,2.24,1.99,99.7664,-11.4
2022-12-23,3844.820068359375,20.8700008392334,298.832,4.1,3.75,4.31,2.29,2.0,99.7664,-11.4
2022-12-27,3829.25,21.649999618530273,298.832,4.1,3.84,4.32,2.33,2.02,99.7664,-11.4
2022-12-28,3783.219970703125,22.139999389648438,298.832,4.1,3.88,4.31,2.33,2.01,99.7664,-11.4
2022-12-29,3849.280029296875,21.440000534057617,298.832,4.1,3.83,4.34,2.32,2.01,99.7664,-11.4
2022-12-30,3839.5,21.670000076293945,298.832,4.1,3.88,4.41,2.33,1.99,99.7664,-11.4
2023-01-03,3824.139892578125,22.899999618530273,300.42,4.33,3.79,4.4,2.29,2.03,100.505,-12.4
2023-01-04,3852.969970703125,22.010000228881836,300.42,4.33,3.69,4.36,2.21,2.07,100.505,-12.4
2023-01-05,3808.10009765625,22.459999084472656,300.42,4.33,3.71,4.45,2.22,2.03,100.505,-12.4
2023-01-06,3895.080078125,21.1299991607666,300.42,4.33,3.55,4.24,2.18,2.07,100.505,-12.4
2023-01-09,3892.090087890625,21.969999313354492,300.42,4.33,3.53,4.19,2.18,2.02,100.505,-12.4
2023-01-10,3919.25,20.579999923706055,300.42,4.33,3.61,4.24,2.2,2.02,100.505,-12.4
2023-01-11,3969.610107421875,21.09000015258789,300.42,4.33,3.54,4.2,2.21,1.99,100.505,-12.4
2023-01-12,3983.169921875,18.829999923706055,300.42,4.33,3.43,4.12,2.21,1.97,100.505,-12.4
2023-01-13,3999.090087890625,18.350000381469727,300.42,4.33,3.49,4.22,2.2,1.95,100.505,-12.4
2023-01-17,3990.969970703125,19.360000610351562,300.42,4.33,3.53,4.18,2.18,1.91,100.505,-12.4
2023-01-18,3928.860107421875,20.34000015258789,300.42,4.33,3.37,4.06,2.09,1.96,100.505,-12.4
2023-01-19,3898.85009765625,20.520000457763672,300.42,4.33,3.39,4.09,2.21,1.99,100.505,-12.4
2023-01-20,3972.610107421875,19.850000381469727,300.42,4.33,3.48,4.14,2.23,1.98,100.505,-12.4
2023-01-23,4019.81005859375,19.809999465942383,300.42,4.33,3.52,4.21,2.28,1.96,100.505,-12.4
2023-01-24,4016.949951171875,19.200000762939453,300.42,4.33,3.46,4.12,2.29,1.94,100.505,-12.4
2023-01-25,4016.219970703125,19.079999923706055,300.42,4.33,3.46,4.11,2.28,1.96,100.505,-12.4
2023-01-26,4060.429931640625,18.729999542236328,300.42,4.33,3.49,4.17,2.32,1.91,100.505,-12.4
2023-01-27,4070.56005859375,18.510000228881836,300.42,4.33,3.52,4.19,2.33,1.88,100.505,-12.4
2023-01-30,4017.77001953125,19.940000534057617,300.42,4.33,3.55,4.25,2.3,1.87,100.505,-12.4
2023-01-31,4076.60009765625,19.399999618530273,300.42,4.33,3.52,4.21,2.27,1.9,100.505,-12.4
2023-02-01,4119.2099609375,17.8700008392334,301.45,4.57,3.39,4.09,2.29,1.91,100.6416,-22.2
2023-02-02,4179.759765625,18.729999542236328,301.45,4.57,3.4,4.09,2.26,1.88,100.6416,-22.2
2023-02-03,4136.47998046875,18.329999923706055,301.45,4.57,3.53,4.3,2.27,1.83,100.6416,-22.2
2023-02-06,4111.080078125,19.43000030517578,301.45,4.57,3.63,4.44,2.33,1.77,100.6416,-22.2
2023-02-07,4164.0,18.65999984741211,301.45,4.57,3.67,4.47,2.4,1.78,100.6416,-22.2
2023-02-08,4117.85986328125,19.6299991607666,301.45,4.57,3.63,4.45,2.46,1.83,100.6416,-22.2
2023-02-09,4081.5,20.709999084472656,301.45,4.57,3.67,4.48,2.45,1.84,100.6416,-22.2
2023-02-10,4090.4599609375,20.530000686645508,301.45,4.57,3.74,4.5,2.47,1.85,100.6416,-22.2
2023-02-13,4137.2900390625,20.34000015258789,301.45,4.57,3.72,4.52,2.44,1.84,100.6416,-22.2
2023-02-14,4136.1298828125,18.90999984741211,301.45,4.57,3.77,4.6,2.45,1.81,100.6416,-22.2
2023-02-15,4147.60009765625,18.229999542236328,301.45,4.57,3.81,4.62,2.51,1.82,100.6416,-22.2
2023-02-16,4090.409912109375,20.170000076293945,301.45,4.57,3.86,4.62,2.52,1.84,100.6416,-22.2
2023-02-17,4079.090087890625,20.020000457763672,301.45,4.57,3.82,4.6,2.5,1.89,100.6416,-22.2
2023-02-21,3997.340087890625,22.8700008392334,301.45,4.57,3.95,4.67,2.58,1.87,100.6416,-22.2
2023-02-22,3991.050048828125,22.290000915527344,301.45,4.57,3.93,4.66,2.52,1.85,100.6416,-22.2
2023-02-23,4012.320068359375,21.139999389648438,301.45,4.57,3.88,4.66,2.5,1.86,100.6416,-22.2
2023-02-24,3970.0400390625,21.670000076293945,301.45,4.57,3.95,4.78,2.47,1.86,100.6416,-22.2
2023-02-27,3982.239990234375,20.950000762939453,301.45,4.57,3.92,4.78,2.49,1.87,100.6416,-22.2
2023-02-28,3970.14990234375,20.700000762939453,301.45,4.57,3.92,4.81,2.58,1.9,100.6416,-22.2
2023-03-01,3951.389892578125,20.579999923706055,301.821,4.65,4.01,4.89,2.59,1.84,101.0205,-25.0
2023-03-02,3981.35009765625,19.59000015258789,301.821,4.65,4.08,4.89,2.65,1.82,101.0205,-25.0
2023-03-03,4045.639892578125,18.489999771118164,301.821,4.65,3.97,4.86,2.71,1.79,101.0205,-25.0
2023-03-06,4048.419921875,18.610000610351562,301.821,4.65,3.98,4.89,2.7,1.79,101.0205,-25.0
2023-03-07,3986.3701171875,19.59000015258789,301.821,4.65,3.97,5.0,2.54,1.79,101.0205,-25.0
2023-03-08,3992.010009765625,19.110000610351562,301.821,4.65,3.98,5.05,2.47,1.79,101.0205,-25.0
2023-03-09,3918.320068359375,22.610000610351562,301.821,4.65,3.93,4.9,2.43,1.85,101.0205,-25.0
2023-03-10,3861.590087890625,24.799999237060547,301.821,4.65,3.7,4.6,2.34,1.96,101.0205,-25.0
2023-03-13,3855.760009765625,26.520000457763672,301.821,4.65,3.55,4.03,2.26,2.14,101.0205,-25.0
2023-03-14,3919.2900390625,23.729999542236328,301.821,4.65,3.64,4.2,2.35,2.11,101.0205,-25.0
2023-03-15,3891.929931640625,26.139999389648438,301.821,4.65,3.51,3.93,2.33,2.22,101.0205,-25.0
2023-03-16,3960.280029296875,22.989999771118164,301.821,4.65,3.56,4.14,2.26,2.16,101.0205,-25.0
2023-03-17,3916.639892578125,25.510000228881836,301.821,4.65,3.39,3.81,2.1,2.21,101.0205,-25.0
2023-03-20,3951.570068359375,24.149999618530273,301.821,4.65,3.47,3.92,2.14,2.19,101.0205,-25.0
2023-03-21,4002.8701171875,21.3799991607666,301.821,4.65,3.59,4.17,2.25,2.11,101.0205,-25.0
2023-03-22,3936.969970703125,22.260000228881836,301.821,4.65,3.48,3.96,2.31,2.16,101.0205,-25.0
2023-03-23,3948.719970703125,22.610000610351562,301.821,4.65,3.38,3.76,2.26,2.26,101.0205,-25.0
2023-03-24,3970.989990234375,21.739999771118164,301.821,4.65,3.38,3.76,2.21,2.24,101.0205,-25.0
2023-03-27,3977.530029296875,20.600000381469727,301.821,4.65,3.53,3.94,2.27,2.19,101.0205,-25.0
2023-03-28,3971.27001953125,19.969999313354492,301.821,4.65,3.55,4.02,2.34,2.19,101.0205,-25.0
2023-03-29,4027.81005859375,19.1200008392334,301.821,4.65,3.57,4.08,2.38,2.15,101.0205,-25.0
2023-03-30,4050.830078125,19.020000457763672,301.821,4.65,3.55,4.1,2.4,2.11,101.0205,-25.0
2023-03-31,4109.31005859375,18.700000762939453,301.821,4.65,3.48,4.06,2.4,2.11,101.0205,-25.0
2023-04-03,4124.509765625,18.549999237060547,302.845,4.83,3.43,3.97,2.39,2.11,101.253,-25.5
2023-04-04,4100.60009765625,19.0,302.845,4.83,3.35,3.84,2.32,2.1,101.253,-25.5
2023-04-05,4090.3798828125,19.079999923706055,302.845,4.83,3.3,3.79,2.29,2.14,101.253,-25.5
2023-04-06,4105.02001953125,18.399999618530273,302.845,4.83,3.3,3.82,2.31,2.11,101.253,-25.5
2023-04-10,4109.10986328125,18.969999313354492,302.845,4.83,3.41,4.0,2.34,2.09,101.253,-25.5
2023-04-11,4108.93994140625,19.100000381469727,302.845,4.83,3.43,4.03,2.36,2.05,101.253,-25.5
2023-04-12,4091.949951171875,19.09000015258789,302.845,4.83,3.41,3.95,2.29,2.08,101.253,-25.5
2023-04-13,4146.22021484375,17.799999237060547,302.845,4.83,3.45,3.96,2.29,2.07,101.253,-25.5
2023-04-14,4137.64013671875,17.06999969482422,302.845,4.83,3.52,4.08,2.31,2.05,101.253,-25.5
2023-04-17,4151.31982421875,16.950000762939453,302.845,4.83,3.6,4.18,2.35,2.02,101.253,-25.5
2023-04-18,4154.8701171875,16.829999923706055,302.845,4.83,3.58,4.19,2.33,2.01,101.253,-25.5
2023-04-19,4154.52001953125,16.459999084472656,302.845,4.83,3.6,4.24,2.33,2.01,101.253,-25.5
2023-04-20,4129.7900390625,17.170000076293945,302.845,4.83,3.54,4.14,2.28,2.05,101.253,-25.5
2023-04-21,4133.52001953125,16.770000457763672,302.845,4.83,3.57,4.17,2.3,2.04,101.253,-25.5
2023-04-24,4137.0400390625,16.889999389648438,302.845,4.83,3.52,4.12,2.33,2.04,101.253,-25.5
2023-04-25,4071.6298828125,18.760000228881836,302.845,4.83,3.4,3.86,2.26,2.09,101.253,-25.5
2023-04-26,4055.989990234375,18.84000015258789,302.845,4.83,3.43,3.9,2.26,2.11,101.253,-25.5
2023-04-27,4135.35009765625,17.030000686645508,302.845,4.83,3.53,4.07,2.29,2.07,101.253,-25.5
2023-04-28,4169.47998046875,15.779999732971191,302.845,4.83,3.44,4.04,2.2,2.08,101.253,-25.5
2023-05-01,4167.8701171875,16.079999923706055,303.334,5.06,3.59,4.14,2.24,2.06,100.9286,-8.1
2023-05-02,4119.580078125,17.780000686645508,303.334,5.06,3.44,3.97,2.18,2.16,100.9286,-8.1
2023-05-03,4090.75,18.34000015258789,303.334,5.06,3.38,3.89,2.19,2.2,100.9286,-8.1
2023-05-04,4061.219970703125,20.09000015258789,303.334,5.06,3.37,3.75,2.13,2.24,100.9286,-8.1
2023-05-05,4136.25,17.190000534057617,303.334,5.06,3.44,3.92,2.19,2.2,100.9286,-8.1
2023-05-08,4138.1201171875,16.979999542236328,303.334,5.06,3.52,4.0,2.22,2.2,100.9286,-8.1
2023-05-09,4119.169921875,17.709999084472656,303.334,5.06,3.53,4.01,2.22,2.21,100.9286,-8.1
2023-05-10,4137.64013671875,16.940000534057617,303.334,5.06,3.43,3.9,2.13,2.26,100.9286,-8.1
2023-05-11,4130.6201171875,16.93000030517578,303.334,5.06,3.39,3.89,2.1,2.25,100.9286,-8.1
2023-05-12,4124.080078125,17.030000686645508,303.334,5.06,3.46,3.98,2.11,2.21,100.9286,-8.1
2023-05-15,4136.27978515625,17.1200008392334,303.334,5.06,3.5,3.99,2.12,2.27,100.9286,-8.1
2023-05-16,4109.89990234375,17.989999771118164,303.334,5.06,3.54,4.06,2.11,2.28,100.9286,-8.1
2023-05-17,4158.77001953125,16.8700008392334,303.334,5.06,3.57,4.12,2.16,2.26,100.9286,-8.1
2023-05-18,4198.0498046875,16.049999237060547,303.334,5.06,3.65,4.24,2.16,2.2,100.9286,-8.1
2023-05-19,4191.97998046875,16.809999465942383,303.334,5.06,3.7,4.28,2.19,2.18,100.9286,-8.1
2023-05-22,4192.6298828125,17.209999084472656,303.334,5.06,3.72,4.29,2.18,2.19,100.9286,-8.1
2023-05-23,4145.580078125,18.530000686645508,303.334,5.06,3.7,4.26,2.21,2.19,100.9286,-8.1
2023-05-24,4115.240234375,20.030000686645508,303.334,5.06,3.73,4.31,2.14,2.18,100.9286,-8.1
2023-05-25,4151.27978515625,19.139999389648438,303.334,5.06,3.83,4.5,2.12,2.1,100.9286,-8.1
2023-05-26,4205.4501953125,17.950000762939453,303.334,5.06,3.8,4.54,2.13,2.1,100.9286,-8.1
2023-05-30,4205.52001953125,17.459999084472656,303.334,5.06,3.69,4.46,2.12,2.14,100.9286,-8.1
2023-05-31,4179.830078125,17.940000534057617,303.334,5.06,3.64,4.4,2.07,2.16,100.9286,-8.1
2023-06-01,4221.02001953125,15.649999618530273,304.014,5.08,3.61,4.33,2.07,2.15,100.1196,-12.1
2023-06-02,4282.3701171875,14.600000381469727,304.014,5.08,3.69,4.5,2.13,2.11,100.1196,-12.1
2023-06-05,4273.7900390625,14.729999542236328,304.014,5.08,3.69,4.46,2.15,2.1,100.1196,-12.1
2023-06-06,4283.85009765625,13.960000038146973,304.014,5.08,3.7,4.51,2.14,2.08,100.1196,-12.1
2023-06-07,4267.52001953125,13.9399995803833,304.014,5.08,3.79,4.56,2.15,2.06,100.1196,-12.1
2023-06-08,4293.93017578125,13.649999618530273,304.014,5.08,3.73,4.52,2.14,2.07,100.1196,-12.1
2023-06-09,4298.85986328125,13.829999923706055,304.014,5.08,3.75,4.59,2.13,2.05,100.1196,-12.1
2023-06-12,4338.93017578125,15.010000228881836,304.014,5.08,3.73,4.55,2.09,2.1,100.1196,-12.1
2023-06-13,4369.009765625,14.609999656677246,304.014,5.08,3.84,4.67,2.12,2.0,100.1196,-12.1
2023-06-14,4372.58984375,13.880000114440918,304.014,5.08,3.83,4.74,2.15,1.94,100.1196,-12.1
2023-06-15,4425.83984375,14.5,304.014,5.08,3.72,4.62,2.16,2.02,100.1196,-12.1
2023-06-16,4409.58984375,13.539999961853027,304.014,5.08,3.77,4.7,2.17,1.96,100.1196,-12.1
2023-06-20,4388.7099609375,13.880000114440918,304.014,5.08,3.74,4.68,2.14,1.95,100.1196,-12.1
2023-06-21,4365.68994140625,13.199999809265137,304.014,5.08,3.72,4.68,2.15,1.96,100.1196,-12.1
2023-06-22,4381.89013671875,12.90999984741211,304.014,5.08,3.8,4.77,2.18,1.94,100.1196,-12.1
2023-06-23,4348.330078125,13.4399995803833,304.014,5.08,3.74,4.71,2.16,1.96,100.1196,-12.1
2023-06-26,4328.81982421875,14.25,304.014,5.08,3.72,4.65,2.13,1.98,100.1196,-12.1
2023-06-27,4378.41015625,13.739999771118164,304.014,5.08,3.77,4.74,2.12,1.94,100.1196,-12.1
2023-06-28,4376.85986328125,13.430000305175781,304.014,5.08,3.71,4.71,2.12,1.96,100.1196,-12.1
2023-06-29,4396.43994140625,13.539999961853027,304.014,5.08,3.85,4.87,2.15,1.92,100.1196,-12.1
2023-06-30,4450.3798828125,13.59000015258789,304.014,5.08,3.81,4.87,2.18,1.88,100.1196,-12.1
2023-07-03,4455.58984375,13.569999694824219,304.609,5.12,3.86,4.94,2.21,1.85,100.9067,-16.1
2023-07-05,4446.81982421875,14.180000305175781,304.609,5.12,3.95,4.94,2.2,1.83,100.9067,-16.1
2023-07-06,4411.58984375,15.4399995803833,304.609,5.12,4.05,4.99,2.22,1.8,100.9067,-16.1
2023-07-07,4398.9501953125,14.829999923706055,304.609,5.12,4.06,4.94,2.22,1.81,100.9067,-16.1
2023-07-10,4409.52978515625,15.069999694824219,304.609,5.12,4.01,4.85,2.19,1.86,100.9067,-16.1
2023-07-11,4439.259765625,14.84000015258789,304.609,5.12,3.99,4.88,2.16,1.84,100.9067,-16.1
2023-07-12,4472.16015625,13.539999961853027,304.609,5.12,3.86,4.72,2.18,1.88,100.9067,-16.1
2023-07-13,4510.0400390625,13.609999656677246,304.609,5.12,3.76,4.59,2.16,1.91,100.9067,-16.1
2023-07-14,4505.419921875,13.34000015258789,304.609,5.12,3.83,4.74,2.15,1.87,100.9067,-16.1
2023-07-17,4522.7900390625,13.479999542236328,304.609,5.12,3.81,4.74,2.16,1.9,100.9067,-16.1
2023-07-18,4554.97998046875,13.300000190734863,304.609,5.12,3.8,4.74,2.13,1.89,100.9067,-16.1
2023-07-19,4565.72021484375,13.760000228881836,304.609,5.12,3.75,4.74,2.13,1.87,100.9067,-16.1
2023-07-20,4534.8701171875,13.989999771118164,304.609,5.12,3.85,4.8,2.21,1.85,100.9067,-16.1
2023-07-21,4536.33984375,13.600000381469727,304.609,5.12,3.84,4.82,2.23,1.85,100.9067,-16.1
2023-07-24,4554.64013671875,13.90999984741211,304.609,5.12,3.86,4.81,2.28,1.84,100.9067,-16.1
2023-07-25,4567.4599609375,13.859999656677246,304.609,5.12,3.91,4.85,2.26,1.81,100.9067,-16.1
2023-07-26,4566.75,13.1899995803833,304.609,5.12,3.86,4.82,2.24,1.83,100.9067,-16.1
2023-07-27,4537.41015625,14.40999984741211,304.609,5.12,4.01,4.91,2.27,1.78,100.9067,-16.1
2023-07-28,4582.22998046875,13.329999923706055,304.609,5.12,3.96,4.87,2.28,1.8,100.9067,-16.1
2023-07-31,4588.9599609375,13.630000114440918,304.609,5.12,3.97,4.88,2.27,1.77,100.9067,-16.1
2023-08-01,4576.72998046875,13.930000305175781,306.082,5.33,4.05,4.92,2.26,1.77,100.8393,10.5
2023-08-02,4513.39013671875,16.09000015258789,306.082,5.33,4.08,4.88,2.25,1.82,100.8393,10.5
2023-08-03,4501.89013671875,15.920000076293945,306.082,5.33,4.2,4.9,2.24,1.84,100.8393,10.5
2023-08-04,4478.02978515625,17.100000381469727,306.082,5.33,4.05,4.78,2.26,1.9,100.8393,10.5
2023-08-07,4518.43994140625,15.770000457763672,306.082,5.33,4.09,4.76,2.29,1.9,100.8393,10.5
2023-08-08,4499.3798828125,15.989999771118164,306.082,5.33,4.02,4.74,2.24,1.93,100.8393,10.5
2023-08-09,4467.7099609375,15.960000038146973,306.082,5.33,4.0,4.79,2.23,1.92,100.8393,10.5
2023-08-10,4468.830078125,15.850000381469727,306.082,5.33,4.09,4.82,2.25,1.89,100.8393,10.5
2023-08-11,4464.0498046875,14.84000015258789,306.082,5.33,4.16,4.89,2.3,1.87,100.8393,10.5
2023-08-14,4489.72021484375,14.819999694824219,306.082,5.33,4.19,4.96,2.29,1.84,100.8393,10.5
2023-08-15,4437.85986328125,16.459999084472656,306.082,5.33,4.21,4.92,2.24,1.86,100.8393,10.5
2023-08-16,4404.330078125,16.780000686645508,306.082,5.33,4.28,4.97,2.23,1.84,100.8393,10.5
2023-08-17,4370.35986328125,17.889999389648438,306.082,5.33,4.3,4.94,2.24,1.87,100.8393,10.5
2023-08-18,4369.7099609375,17.299999237060547,306.082,5.33,4.26,4.92,2.22,1.89,100.8393,10.5
2023-08-21,4399.77001953125,17.1299991607666,306.082,5.33,4.34,4.97,2.25,1.88,100.8393,10.5
2023-08-22,4387.5498046875,16.969999313354492,306.082,5.33,4.34,5.02,2.27,1.82,100.8393,10.5
2023-08-23,4436.009765625,15.979999542236328,306.082,5.33,4.19,4.95,2.26,1.83,100.8393,10.5
2023-08-24,4376.31005859375,17.200000762939453,306.082,5.33,4.23,4.98,2.24,1.8,100.8393,10.5
2023-08-25,4405.7099609375,15.680000305175781,306.082,5.33,4.25,5.03,2.25,1.76,100.8393,10.5
2023-08-28,4433.31005859375,15.079999923706055,306.082,5.33,4.2,4.98,2.21,1.82,100.8393,10.5
2023-08-29,4497.6298828125,14.449999809265137,306.082,5.33,4.12,4.87,2.18,1.84,100.8393,10.5
2023-08-30,4514.8701171875,13.880000114440918,306.082,5.33,4.12,4.9,2.16,1.82,100.8393,10.5
2023-08-31,4507.66015625,13.569999694824219,306.082,5.33,4.09,4.85,2.15,1.83,100.8393,10.5
2023-09-01,4515.77001953125,13.09000015258789,307.276,5.33,4.18,4.87,2.17,1.82,101.0211,-15.2
2023-09-05,4496.830078125,14.010000228881836,307.276,5.33,4.27,4.94,2.21,1.84,101.0211,-15.2
2023-09-06,4465.47998046875,14.449999809265137,307.276,5.33,4.3,5.01,2.23,1.79,101.0211,-15.2
2023-09-07,4451.14013671875,14.399999618530273,307.276,5.33,4.27,4.94,2.24,1.81,101.0211,-15.2
2023-09-08,4457.490234375,13.84000015258789,307.276,5.33,4.26,4.98,2.26,1.79,101.0211,-15.2
2023-09-11,4487.4599609375,13.800000190734863,307.276,5.33,4.29,4.97,2.26,1.8,101.0211,-15.2
2023-09-12,4461.89990234375,14.229999542236328,307.276,5.33,4.27,4.98,2.27,1.79,101.0211,-15.2
2023-09-13,4467.43994140625,13.479999542236328,307.276,5.33,4.25,4.96,2.28,1.81,101.0211,-15.2
2023-09-14,4505.10009765625,12.819999694824219,307.276,5.33,4.29,5.0,2.27,1.8,101.0211,-15.2
2023-09-15,4450.31982421875,13.789999961853027,307.276,5.33,4.33,5.02,2.27,1.78,101.0211,-15.2
2023-09-18,4453.52978515625,14.0,307.276,5.33,4.32,5.05,2.29,1.77,101.0211,-15.2
2023-09-19,4443.9501953125,14.109999656677246,307.276,5.33,4.37,5.08,2.3,1.75,101.0211,-15.2
2023-09-20,4402.2001953125,15.140000343322754,307.276,5.33,4.35,5.12,2.27,1.73,101.0211,-15.2
2023-09-21,4330.0,17.540000915527344,307.276,5.33,4.49,5.12,2.29,1.66,101.0211,-15.2
2023-09-22,4320.06005859375,17.200000762939453,307.276,5.33,4.44,5.1,2.29,1.73,101.0211,-15.2
2023-09-25,4337.43994140625,16.899999618530273,307.276,5.33,4.55,5.09,2.25,1.75,101.0211,-15.2
2023-09-26,4273.52978515625,18.940000534057617,307.276,5.33,4.56,5.04,2.2,1.77,101.0211,-15.2
2023-09-27,4274.509765625,18.219999313354492,307.276,5.33,4.61,5.1,2.23,1.77,101.0211,-15.2
2023-09-28,4299.7001953125,17.34000015258789,307.276,5.33,4.59,5.04,2.27,1.8,101.0211,-15.2
2023-09-29,4288.0498046875,17.520000457763672,307.276,5.33,4.59,5.03,2.22,1.78,101.0211,-15.2
2023-10-02,4288.39013671875,17.610000610351562,307.696,5.33,4.69,5.12,2.23,1.78,100.4689,-14.6
2023-10-03,4229.4501953125,19.780000686645508,307.696,5.33,4.81,5.15,2.21,1.82,100.4689,-14.6
2023-10-04,4263.75,18.579999923706055,307.696,5.33,4.73,5.05,2.18,1.83,100.4689,-14.6
2023-10-05,4258.18994140625,18.489999771118164,307.696,5.33,4.72,5.03,2.14,1.85,100.4689,-14.6
2023-10-06,4308.5,17.450000762939453,307.696,5.33,4.78,5.08,2.17,1.84,100.4689,-14.6
2023-10-09,4335.66015625,17.700000762939453,307.696,5.33,4.78,5.08,2.17,1.84,100.4689,-14.6
2023-10-10,4358.240234375,17.030000686645508,307.696,5.33,4.66,4.96,2.18,1.83,100.4689,-14.6
2023-10-11,4376.9501953125,16.09000015258789,307.696,5.33,4.58,4.99,2.2,1.82,100.4689,-14.6
2023-10-12,4349.60986328125,16.690000534057617,307.696,5.33,4.7,5.06,2.23,1.83,100.4689,-14.6
2023-10-13,4327.77978515625,19.31999969482422,307.696,5.33,4.63,5.04,2.26,1.82,100.4689,-14.6
2023-10-16,4373.6298828125,17.209999084472656,307.696,5.33,4.71,5.09,2.3,1.83,100.4689,-14.6
2023-10-17,4373.2001953125,17.8799991607666,307.696,5.33,4.83,5.19,2.32,1.8,100.4689,-14.6
2023-10-18,4314.60009765625,19.219999313354492,307.696,5.33,4.91,5.19,2.35,1.78,100.4689,-14.6
2023-10-19,4278.0,21.399999618530273,307.696,5.33,4.98,5.14,2.52,1.82,100.4689,-14.6
2023-10-20,4224.16015625,21.709999084472656,307.696,5.33,4.93,5.07,2.47,1.88,100.4689,-14.6
2023-10-23,4217.0400390625,20.3700008392334,307.696,5.33,4.86,5.05,2.41,1.85,100.4689,-14.6
2023-10-24,4247.68017578125,18.969999313354492,307.696,5.33,4.83,5.02,2.38,1.84,100.4689,-14.6
2023-10-25,4186.77001953125,20.190000534057617,307.696,5.33,4.95,5.08,2.4,1.83,100.4689,-14.6
2023-10-26,4137.22998046875,20.68000030517578,307.696,5.33,4.86,5.02,2.37,1.82,100.4689,-14.6
2023-10-27,4117.3701171875,21.270000457763672,307.696,5.33,4.84,4.99,2.39,1.88,100.4689,-14.6
2023-10-30,4166.81982421875,19.75,307.696,5.33,4.88,5.03,2.4,1.86,100.4689,-14.6
2023-10-31,4193.7998046875,18.139999389648438,307.696,5.33,4.88,5.07,2.4,1.85,100.4689,-14.6
2023-11-01,4237.85986328125,16.8700008392334,308.148,5.33,4.77,4.95,2.36,1.91,100.8639,-3.9
2023-11-02,4317.77978515625,15.65999984741211,308.148,5.33,4.67,4.98,2.35,1.84,100.8639,-3.9
2023-11-03,4358.33984375,14.90999984741211,308.148,5.33,4.57,4.83,2.32,1.86,100.8639,-3.9
2023-11-06,4365.97998046875,14.890000343322754,308.148,5.33,4.67,4.93,2.35,1.84,100.8639,-3.9
2023-11-07,4378.3798828125,14.8100004196167,308.148,5.33,4.58,4.91,2.32,1.83,100.8639,-3.9
2023-11-08,4382.77978515625,14.449999809265137,308.148,5.33,4.49,4.93,2.29,1.84,100.8639,-3.9
2023-11-09,4347.35009765625,15.289999961853027,308.148,5.33,4.62,5.03,2.3,1.83,100.8639,-3.9
2023-11-10,4415.240234375,14.170000076293945,308.148,5.33,4.61,5.04,2.28,1.8,100.8639,-3.9
2023-11-13,4411.5498046875,14.760000228881836,308.148,5.33,4.63,5.02,2.29,1.79,100.8639,-3.9
2023-11-14,4495.7001953125,14.15999984741211,308.148,5.33,4.44,4.8,2.23,1.83,100.8639,-3.9
2023-11-15,4502.8798828125,14.180000305175781,308.148,5.33,4.53,4.9,2.24,1.8,100.8639,-3.9
2023-11-16,4508.240234375,14.319999694824219,308.148,5.33,4.45,4.83,2.2,1.81,100.8639,-3.9
2023-11-17,4514.02001953125,13.800000190734863,308.148,5.33,4.44,4.88,2.23,1.78,100.8639,-3.9
2023-11-20,4547.3798828125,13.40999984741211,308.148,5.33,4.42,4.89,2.26,1.76,100.8639,-3.9
2023-11-21,4538.18994140625,13.350000381469727,308.148,5.33,4.41,4.86,2.19,1.77,100.8639,-3.9
2023-11-22,4556.6201171875,12.850000381469727,308.148,5.33,4.42,4.89,2.21,1.71,100.8639,-3.9
2023-11-24,4559.33984375,12.460000038146973,308.148,5.33,4.47,4.92,2.21,1.72,100.8639,-3.9
2023-11-27,4550.43017578125,12.6899995803833,308.148,5.33,4.39,4.84,2.12,1.71,100.8639,-3.9
2023-11-28,4554.89013671875,12.6899995803833,308.148,5.33,4.34,4.73,2.15,1.75,100.8639,-3.9
2023-11-29,4550.580078125,12.979999542236328,308.148,5.33,4.27,4.64,2.14,1.72,100.8639,-3.9
2023-11-30,4567.7998046875,12.920000076293945,308.148,5.33,4.37,4.73,2.15,1.67,100.8639,-3.9
2023-12-01,4594.6298828125,12.630000114440918,308.741,5.33,4.22,4.56,2.12,1.71,100.6031,-7.2
2023-12-04,4569.77978515625,13.079999923706055,308.741,5.33,4.28,4.64,2.13,1.67,100.6031,-7.2
2023-12-05,4567.18017578125,12.850000381469727,308.741,5.33,4.18,4.57,2.09,1.65,100.6031,-7.2
2023-12-06,4549.33984375,12.970000267028809,308.741,5.33,4.12,4.6,2.05,1.63,100.6031,-7.2
2023-12-07,4585.58984375,13.0600004196167,308.741,5.33,4.14,4.58,2.06,1.63,100.6031,-7.2
2023-12-08,4604.3701171875,12.350000381469727,308.741,5.33,4.23,4.71,2.11,1.61,100.6031,-7.2
2023-12-11,4622.43994140625,12.630000114440918,308.741,5.33,4.23,4.71,2.11,1.61,100.6031,-7.2
2023-12-12,4643.7001953125,12.069999694824219,308.741,5.33,4.2,4.73,2.08,1.6,100.6031,-7.2
2023-12-13,4707.08984375,12.1899995803833,308.741,5.33,4.04,4.46,2.08,1.61,100.6031,-7.2
2023-12-14,4719.5498046875,12.479999542236328,308.741,5.33,3.92,4.37,2.18,1.57,100.6031,-7.2
2023-12-15,4719.18994140625,12.279999732971191,308.741,5.33,3.91,4.44,2.17,1.57,100.6031,-7.2
2023-12-18,4740.56005859375,12.5600004196167,308.741,5.33,3.95,4.43,2.18,1.58,100.6031,-7.2
2023-12-19,4768.3701171875,12.529999732971191,308.741,5.33,3.93,4.41,2.17,1.57,100.6031,-7.2
2023-12-20,4698.35009765625,13.670000076293945,308.741,5.33,3.86,4.34,2.16,1.63,100.6031,-7.2
2023-12-21,4746.75,13.649999618530273,308.741,5.33,3.89,4.33,2.18,1.64,100.6031,-7.2
2023-12-22,4754.6298828125,13.029999732971191,308.741,5.33,3.9,4.31,2.16,1.65,100.6031,-7.2
2023-12-26,4774.75,12.989999771118164,308.741,5.33,3.89,4.26,2.17,1.64,100.6031,-7.2
2023-12-27,4781.580078125,12.430000305175781,308.741,5.33,3.79,4.2,2.12,1.64,100.6031,-7.2
2023-12-28,4783.35009765625,12.470000267028809,308.741,5.33,3.84,4.26,2.11,1.62,100.6031,-7.2
2023-12-29,4769.830078125,12.449999809265137,308.741,5.33,3.88,4.23,2.12,1.61,100.6031,-7.2
2024-01-02,4742.830078125,13.199999809265137,309.698,5.33,3.95,4.33,2.17,1.62,99.2223,-14.7
2024-01-03,4704.81005859375,14.039999961853027,309.698,5.33,3.91,4.33,2.17,1.66,99.2223,-14.7
2024-01-04,4688.68017578125,14.130000114440918,309.698,5.33,3.99,4.38,2.18,1.65,99.2223,-14.7
2024-01-05,4697.240234375,13.350000381469727,309.698,5.33,4.05,4.4,2.19,1.65,99.2223,-14.7
2024-01-08,4763.5400390625,13.079999923706055,309.698,5.33,4.01,4.36,2.19,1.65,99.2223,-14.7
2024-01-09,4756.5,12.760000228881836,309.698,5.33,4.02,4.36,2.17,1.63,99.2223,-14.7
2024-01-10,4783.4501953125,12.6899995803833,309.698,5.33,4.04,4.37,2.18,1.59,99.2223,-14.7
2024-01-11,4780.240234375,12.4399995803833,309.698,5.33,3.98,4.26,2.18,1.63,99.2223,-14.7
2024-01-12,4783.830078125,12.699999809265137,309.698,5.33,3.96,4.14,2.22,1.64,99.2223,-14.7
2024-01-16,4765.97998046875,13.84000015258789,309.698,5.33,4.07,4.22,2.24,1.65,99.2223,-14.7
2024-01-17,4739.2099609375,14.789999961853027,309.698,5.33,4.1,4.34,2.24,1.63,99.2223,-14.7
2024-01-18,4780.93994140625,14.130000114440918,309.698,5.33,4.14,4.34,2.28,1.62,99.2223,-14.7
2024-01-19,4839.81005859375,13.300000190734863,309.698,5.33,4.15,4.39,2.3,1.59,99.2223,-14.7
2024-01-22,4850.43017578125,13.1899995803833,309.698,5.33,4.11,4.37,2.27,1.59,99.2223,-14.7
2024-01-23,4864.60009765625,12.550000190734863,309.698,5.33,4.14,4.31,2.26,1.62,99.2223,-14.7
2024-01-24,4868.5498046875,13.140000343322754,309.698,5.33,4.18,4.34,2.23,1.61,99.2223,-14.7
2024-01-25,4894.16015625,13.449999809265137,309.698,5.33,4.14,4.28,2.24,1.6,99.2223,-14.7
2024-01-26,4890.97021484375,13.260000228881836,309.698,5.33,4.15,4.34,2.26,1.58,99.2223,-14.7
2024-01-29,4927.93017578125,13.600000381469727,309.698,5.33,4.08,4.29,2.26,1.6,99.2223,-14.7
2024-01-30,4924.97021484375,13.3100004196167,309.698,5.33,4.06,4.36,2.25,1.58,99.2223,-14.7
2024-01-31,4845.64990234375,14.350000381469727,309.698,5.33,3.99,4.27,2.24,1.61,99.2223,-14.7
2024-02-01,4906.18994140625,13.880000114440918,310.967,5.33,3.87,4.2,2.17,1.63,100.285,-1.0
2024-02-02,4958.60986328125,13.850000381469727,310.967,5.33,4.03,4.36,2.19,1.59,100.285,-1.0
2024-02-05,4942.81005859375,13.670000076293945,310.967,5.33,4.17,4.46,2.26,1.56,100.285,-1.0
2024-02-06,4954.22998046875,13.0600004196167,310.967,5.33,4.09,4.39,2.24,1.58,100.285,-1.0
2024-02-07,4995.06005859375,12.829999923706055,310.967,5.33,4.09,4.41,2.26,1.6,100.285,-1.0
2024-02-08,4997.91015625,12.789999961853027,310.967,5.33,4.15,4.46,2.28,1.6,100.285,-1.0
2024-02-09,5026.60986328125,12.930000305175781,310.967,5.33,4.17,4.48,2.28,1.59,100.285,-1.0
2024-02-12,5021.83984375,13.930000305175781,310.967,5.33,4.17,4.46,2.27,1.58,100.285,-1.0
2024-02-13,4953.169921875,15.850000381469727,310.967,5.33,4.31,4.64,2.33,1.54,100.285,-1.0
2024-02-14,5000.6201171875,14.380000114440918,310.967,5.33,4.27,4.56,2.34,1.56,100.285,-1.0
2024-02-15,5029.72998046875,14.010000228881836,310.967,5.33,4.24,4.56,2.35,1.57,100.285,-1.0
2024-02-16,5005.56982421875,14.239999771118164,310.967,5.33,4.3,4.64,2.38,1.53,100.285,-1.0
2024-02-20,4975.509765625,15.420000076293945,310.967,5.33,4.27,4.59,2.37,1.56,100.285,-1.0
2024-02-21,4981.7998046875,15.34000015258789,310.967,5.33,4.32,4.64,2.39,1.54,100.285,-1.0
2024-02-22,5087.02978515625,14.539999961853027,310.967,5.33,4.33,4.69,2.37,1.49,100.285,-1.0
2024-02-23,5088.7998046875,13.75,310.967,5.33,4.26,4.67,2.34,1.49,100.285,-1.0
2024-02-26,5069.52978515625,13.739999771118164,310.967,5.33,4.28,4.69,2.36,1.53,100.285,-1.0
2024-02-27,5078.18017578125,13.430000305175781,310.967,5.33,4.31,4.7,2.38,1.53,100.285,-1.0
2024-02-28,5069.759765625,13.84000015258789,310.967,5.33,4.27,4.64,2.38,1.55,100.285,-1.0
2024-02-29,5096.27001953125,13.399999618530273,310.967,5.33,4.25,4.64,2.4,1.55,100.285,-1.0
2024-03-01,5137.080078125,13.109999656677246,312.345,5.33,4.19,4.54,2.4,1.57,100.4575,1.8
2024-03-04,5130.9501953125,13.489999771118164,312.345,5.33,4.22,4.61,2.42,1.57,100.4575,1.8
2024-03-05,5078.64990234375,14.460000038146973,312.345,5.33,4.13,4.54,2.39,1.59,100.4575,1.8
2024-03-06,5104.759765625,14.5,312.345,5.33,4.11,4.55,2.38,1.57,100.4575,1.8
2024-03-07,5157.35986328125,14.4399995803833,312.345,5.33,4.09,4.5,2.34,1.59,100.4575,1.8
2024-03-08,5123.68994140625,14.739999771118164,312.345,5.33,4.09,4.48,2.34,1.59,100.4575,1.8
2024-03-11,5117.93994140625,15.220000267028809,312.345,5.33,4.1,4.51,2.32,1.59,100.4575,1.8
2024-03-12,5175.27001953125,13.84000015258789,312.345,5.33,4.16,4.58,2.35,1.55,100.4575,1.8
2024-03-13,5165.31005859375,13.75,312.345,5.33,4.19,4.61,2.37,1.55,100.4575,1.8
2024-03-14,5150.47998046875,14.399999618530273,312.345,5.33,4.29,4.68,2.37,1.53,100.4575,1.8
2024-03-15,5117.08984375,14.40999984741211,312.345,5.33,4.31,4.72,2.39,1.49,100.4575,1.8
2024-03-18,5149.419921875,14.329999923706055,312.345,5.33,4.34,4.73,2.39,1.49,100.4575,1.8
2024-03-19,5178.509765625,13.819999694824219,312.345,5.33,4.3,4.68,2.38,1.5,100.4575,1.8
2024-03-20,5224.6201171875,13.039999961853027,312.345,5.33,4.27,4.59,2.4,1.56,100.4575,1.8
2024-03-21,5241.52978515625,12.920000076293945,312.345,5.33,4.27,4.62,2.43,1.53,100.4575,1.8
2024-03-22,5234.18017578125,13.0600004196167,312.345,5.33,4.22,4.59,2.41,1.53,100.4575,1.8
2024-03-25,5218.18994140625,13.1899995803833,312.345,5.33,4.25,4.54,2.41,1.53,100.4575,1.8
2024-03-26,5203.580078125,13.239999771118164,312.345,5.33,4.24,4.56,2.38,1.53,100.4575,1.8
2024-03-27,5248.490234375,12.779999732971191,312.345,5.33,4.2,4.54,2.37,1.54,100.4575,1.8
2024-03-28,5254.35009765625,13.010000228881836,312.345,5.33,4.2,4.59,2.38,1.5,100.4575,1.8
2024-04-01,5243.77001953125,13.649999618530273,313.023,5.33,4.33,4.72,2.41,1.49,100.2434,17.6
2024-04-02,5205.81005859375,14.609999656677246,313.023,5.33,4.36,4.7,2.44,1.51,100.2434,17.6
2024-04-03,5211.490234375,14.329999923706055,313.023,5.33,4.36,4.68,2.43,1.49,100.2434,17.6
2024-04-04,5147.2099609375,16.350000381469727,313.023,5.33,4.31,4.65,2.42,1.51,100.2434,17.6
2024-04-05,5204.33984375,16.030000686645508,313.023,5.33,4.39,4.73,2.45,1.49,100.2434,17.6
2024-04-08,5202.39013671875,15.1899995803833,313.023,5.33,4.42,4.78,2.47,1.46,100.2434,17.6
2024-04-09,5209.91015625,14.979999542236328,313.023,5.33,4.36,4.74,2.44,1.44,100.2434,17.6
2024-04-10,5160.64013671875,15.800000190734863,313.023,5.33,4.55,4.97,2.49,1.4,100.2434,17.6
2024-04-11,5199.06005859375,14.90999984741211,313.023,5.33,4.56,4.93,2.48,1.41,100.2434,17.6
2024-04-12,5123.41015625,17.309999465942383,313.023,5.33,4.5,4.88,2.47,1.45,100.2434,17.6
2024-04-15,5061.81982421875,19.229999542236328,313.023,5.33,4.63,4.93,2.52,1.46,100.2434,17.6
2024-04-16,5051.41015625,18.399999618530273,313.023,5.33,4.67,4.97,2.52,1.46,100.2434,17.6
2024-04-17,5022.2099609375,18.209999084472656,313.023,5.33,4.59,4.93,2.47,1.48,100.2434,17.6
2024-04-18,5011.1201171875,18.0,313.023,5.33,4.64,4.98,2.44,1.47,100.2434,17.6
2024-04-19,4967.22998046875,18.709999084472656,313.023,5.33,4.62,4.97,2.44,1.46,100.2434,17.6
2024-04-22,5010.60009765625,16.940000534057617,313.023,5.33,4.62,4.97,2.45,1.46,100.2434,17.6
2024-04-23,5070.5498046875,15.6899995803833,313.023,5.33,4.61,4.86,2.44,1.46,100.2434,17.6
2024-04-24,5071.6298828125,15.970000267028809,313.023,5.33,4.65,4.89,2.42,1.48,100.2434,17.6
2024-04-25,5048.419921875,15.369999885559082,313.023,5.33,4.7,4.96,2.43,1.47,100.2434,17.6
2024-04-26,5099.9599609375,15.029999732971191,313.023,5.33,4.67,4.96,2.44,1.45,100.2434,17.6
2024-04-29,5116.169921875,14.670000076293945,313.023,5.33,4.63,4.97,2.43,1.45,100.2434,17.6
2024-04-30,5035.68994140625,15.649999618530273,313.023,5.33,4.69,5.04,2.43,1.44,100.2434,17.6
2024-05-01,5018.39013671875,15.390000343322754,313.175,5.33,4.63,4.96,2.39,1.43,100.863,7.5
2024-05-02,5064.2001953125,14.680000305175781,313.175,5.33,4.58,4.87,2.37,1.47,100.863,7.5
2024-05-03,5127.7900390625,13.489999771118164,313.175,5.33,4.5,4.81,2.35,1.49,100.863,7.5
2024-05-06,5180.740234375,13.489999771118164,313.175,5.33,4.49,4.82,2.34,1.47,100.863,7.5
2024-05-07,5187.7001953125,13.229999542236328,313.175,5.33,4.47,4.82,2.32,1.45,100.863,7.5
2024-05-08,5187.669921875,13.0,313.175,5.33,4.48,4.84,2.31,1.47,100.863,7.5
2024-05-09,5214.080078125,12.6899995803833,313.175,5.33,4.45,4.8,2.34,1.48,100.863,7.5
2024-05-10,5222.68017578125,12.550000190734863,313.175,5.33,4.5,4.87,2.34,1.48,100.863,7.5
2024-05-13,5221.419921875,13.600000381469727,313.175,5.33,4.48,4.85,2.33,1.48,100.863,7.5
2024-05-14,5246.68017578125,13.420000076293945,313.175,5.33,4.45,4.81,2.32,1.48,100.863,7.5
2024-05-15,5308.14990234375,12.449999809265137,313.175,5.33,4.36,4.73,2.29,1.49,100.863,7.5
2024-05-16,5297.10009765625,12.420000076293945,313.175,5.33,4.38,4.78,2.3,1.47,100.863,7.5
2024-05-17,5303.27001953125,11.989999771118164,313.175,5.33,4.42,4.83,2.32,1.48,100.863,7.5
2024-05-20,5308.1298828125,12.149999618530273,313.175,5.33,4.44,4.82,2.33,1.47,100.863,7.5
2024-05-21,5321.41015625,11.859999656677246,313.175,5.33,4.41,4.82,2.33,1.48,100.863,7.5
2024-05-22,5307.009765625,12.289999961853027,313.175,5.33,4.43,4.86,2.33,1.46,100.863,7.5
2024-05-23,5267.83984375,12.770000457763672,313.175,5.33,4.47,4.91,2.31,1.45,100.863,7.5
2024-05-24,5304.72021484375,11.930000305175781,313.175,5.33,4.46,4.93,2.33,1.46,100.863,7.5
2024-05-28,5306.0400390625,12.920000076293945,313.175,5.33,4.54,4.94,2.33,1.45,100.863,7.5
2024-05-29,5266.9501953125,14.279999732971191,313.175,5.33,4.61,4.96,2.36,1.47,100.863,7.5
2024-05-30,5235.47998046875,14.470000267028809,313.175,5.33,4.55,4.92,2.35,1.46,100.863,7.5
2024-05-31,5277.509765625,12.920000076293945,313.175,5.33,4.51,4.89,2.34,1.46,100.863,7.5
2024-06-03,5283.39990234375,13.109999656677246,313.044,5.33,4.41,4.82,2.31,1.47,100.894,2.9
2024-06-04,5291.33984375,13.15999984741211,313.044,5.33,4.33,4.77,2.28,1.49,100.894,2.9
2024-06-05,5354.02978515625,12.630000114440918,313.044,5.33,4.29,4.72,2.27,1.53,100.894,2.9
2024-06-06,5352.9599609375,12.579999923706055,313.044,5.33,4.28,4.72,2.25,1.5,100.894,2.9
2024-06-07,5346.990234375,12.220000267028809,313.044,5.33,4.43,4.87,2.28,1.46,100.894,2.9
2024-06-10,5360.7900390625,12.739999771118164,313.044,5.33,4.47,4.87,2.27,1.46,100.894,2.9
2024-06-11,5375.31982421875,12.850000381469727,313.044,5.33,4.39,4.81,2.25,1.48,100.894,2.9
2024-06-12,5421.02978515625,12.039999961853027,313.044,5.33,4.31,4.75,2.17,1.48,100.894,2.9
2024-06-13,5433.740234375,11.9399995803833,313.044,5.33,4.24,4.68,2.14,1.51,100.894,2.9
2024-06-14,5431.60009765625,12.65999984741211,313.044,5.33,4.2,4.67,2.11,1.53,100.894,2.9
2024-06-17,5473.22998046875,12.75,313.044,5.33,4.28,4.75,2.16,1.52,100.894,2.9
2024-06-18,5487.02978515625,12.300000190734863,313.044,5.33,4.22,4.69,2.17,1.52,100.894,2.9
2024-06-20,5473.169921875,13.279999732971191,313.044,5.33,4.25,4.7,2.21,1.54,100.894,2.9
2024-06-21,5464.6201171875,13.199999809265137,313.044,5.33,4.25,4.7,2.19,1.55,100.894,2.9
2024-06-24,5447.8701171875,13.329999923706055,313.044,5.33,4.25,4.71,2.18,1.53,100.894,2.9
2024-06-25,5469.2998046875,12.84000015258789,313.044,5.33,4.23,4.65,2.17,1.55,100.894,2.9
2024-06-26,5477.89990234375,12.550000190734863,313.044,5.33,4.32,4.71,2.2,1.55,100.894,2.9
2024-06-27,5482.8701171875,12.239999771118164,313.044,5.33,4.29,4.7,2.22,1.55,100.894,2.9
2024-06-28,5460.47998046875,12.4399995803833,313.044,5.33,4.36,4.71,2.24,1.55,100.894,2.9
2024-07-01,5475.08984375,12.220000267028809,313.569,5.33,4.48,4.77,2.29,1.55,99.9757,9.9
2024-07-02,5509.009765625,12.029999732971191,313.569,5.33,4.43,4.74,2.26,1.56,99.9757,9.9
2024-07-03,5537.02001953125,12.09000015258789,313.569,5.33,4.36,4.71,2.23,1.53,99.9757,9.9
2024-07-05,5567.18994140625,12.479999542236328,313.569,5.33,4.28,4.6,2.22,1.56,99.9757,9.9
2024-07-08,5572.85009765625,12.369999885559082,313.569,5.33,4.28,4.62,2.22,1.54,99.9757,9.9
2024-07-09,5576.97998046875,12.510000228881836,313.569,5.33,4.3,4.62,2.21,1.56,99.9757,9.9
2024-07-10,5633.91015625,12.850000381469727,313.569,5.33,4.28,4.62,2.22,1.56,99.9757,9.9
2024-07-11,5584.5400390625,12.920000076293945,313.569,5.33,4.2,4.5,2.18,1.58,99.9757,9.9
2024-07-12,5615.35009765625,12.460000038146973,313.569,5.33,4.18,4.45,2.15,1.58,99.9757,9.9
2024-07-15,5631.22021484375,13.119999885559082,313.569,5.33,4.23,4.44,2.2,1.58,99.9757,9.9
2024-07-16,5667.2001953125,13.1899995803833,313.569,5.33,4.17,4.43,2.2,1.56,99.9757,9.9
2024-07-17,5588.27001953125,14.479999542236328,313.569,5.33,4.16,4.42,2.19,1.56,99.9757,9.9
2024-07-18,5544.58984375,15.930000305175781,313.569,5.33,4.2,4.46,2.19,1.57,99.9757,9.9
2024-07-19,5505.0,16.520000457763672,313.569,5.33,4.25,4.49,2.18,1.57,99.9757,9.9
2024-07-22,5564.41015625,14.90999984741211,313.569,5.33,4.26,4.5,2.18,1.58,99.9757,9.9
2024-07-23,5555.740234375,14.720000267028809,313.569,5.33,4.25,4.4,2.17,1.59,99.9757,9.9
2024-07-24,5427.1298828125,18.040000915527344,313.569,5.33,4.28,4.37,2.13,1.65,99.9757,9.9
2024-07-25,5399.22021484375,18.459999084472656,313.569,5.33,4.27,4.41,2.13,1.62,99.9757,9.9
2024-07-26,5459.10009765625,16.389999389648438,313.569,5.33,4.2,4.36,2.13,1.65,99.9757,9.9
2024-07-29,5463.5400390625,16.600000381469727,313.569,5.33,4.17,4.36,2.13,1.66,99.9757,9.9
2024-07-30,5436.43994140625,17.690000534057617,313.569,5.33,4.15,4.35,2.12,1.65,99.9757,9.9
2024-07-31,5522.2998046875,16.360000610351562,313.569,5.33,4.09,4.29,2.13,1.68,99.9757,9.9
2024-08-01,5446.68017578125,18.59000015258789,314.062,5.33,3.99,4.16,2.06,1.71,100.4309,-3.0
2024-08-02,5346.56005859375,23.389999389648438,314.062,5.33,3.8,3.88,1.89,1.8,100.4309,-3.0
2024-08-05,5186.330078125,38.56999969482422,314.062,5.33,3.78,3.89,1.91,1.85,100.4309,-3.0
2024-08-06,5240.02978515625,27.709999084472656,314.062,5.33,3.9,3.99,1.96,1.78,100.4309,-3.0
2024-08-07,5199.5,27.850000381469727,314.062,5.33,3.96,4.0,1.97,1.8,100.4309,-3.0
2024-08-08,5319.31005859375,23.790000915527344,314.062,5.33,3.99,4.04,1.98,1.78,100.4309,-3.0
2024-08-09,5344.16015625,20.3700008392334,314.062,5.33,3.94,4.05,1.96,1.77,100.4309,-3.0
2024-08-12,5344.39013671875,20.709999084472656,314.062,5.33,3.9,4.01,1.98,1.78,100.4309,-3.0
2024-08-13,5434.43017578125,18.1200008392334,314.062,5.33,3.85,3.93,1.96,1.8,100.4309,-3.0
2024-08-14,5455.2099609375,16.190000534057617,314.062,5.33,3.83,3.94,1.93,1.74,100.4309,-3.0
2024-08-15,5543.22021484375,15.229999542236328,314.062,5.33,3.92,4.08,1.99,1.68,100.4309,-3.0
2024-08-16,5554.25,14.800000190734863,314.062,5.33,3.89,4.06,1.97,1.69,100.4309,-3.0
2024-08-19,5608.25,14.649999618530273,314.062,5.33,3.86,4.06,1.94,1.68,100.4309,-3.0
2024-08-20,5597.1201171875,15.880000114440918,314.062,5.33,3.82,3.99,1.95,1.69,100.4309,-3.0
2024-08-21,5620.85009765625,16.270000457763672,314.062,5.33,3.79,3.92,1.94,1.69,100.4309,-3.0
2024-08-22,5570.64013671875,17.549999237060547,314.062,5.33,3.86,3.99,1.96,1.7,100.4309,-3.0
2024-08-23,5634.60986328125,15.859999656677246,314.062,5.33,3.81,3.9,2.01,1.7,100.4309,-3.0
2024-08-26,5616.83984375,16.149999618530273,314.062,5.33,3.82,3.91,2.02,1.7,100.4309,-3.0
2024-08-27,5625.7998046875,15.430000305175781,314.062,5.33,3.83,3.83,2.02,1.71,100.4309,-3.0
2024-08-28,5592.18017578125,17.110000610351562,314.062,5.33,3.84,3.83,1.99,1.71,100.4309,-3.0
2024-08-29,5591.9599609375,15.649999618530273,314.062,5.33,3.87,3.87,2.01,1.69,100.4309,-3.0
2024-08-30,5648.39990234375,15.0,314.062,5.33,3.91,3.91,2.01,1.69,100.4309,-3.0
2024-09-03,5528.93017578125,20.719999313354492,314.732,5.13,3.84,3.88,1.95,1.73,99.8084,-1.6
2024-09-04,5520.06982421875,21.31999969482422,314.732,5.13,3.77,3.76,1.9,1.73,99.8084,-1.6
2024-09-05,5503.41015625,19.899999618530273,314.732,5.13,3.73,3.75,1.87,1.73,99.8084,-1.6
2024-09-06,5408.419921875,22.3799991607666,314.732,5.13,3.72,3.66,1.86,1.73,99.8084,-1.6
2024-09-09,5471.0498046875,19.450000762939453,314.732,5.13,3.7,3.68,1.88,1.73,99.8084,-1.6
2024-09-10,5495.52001953125,19.079999923706055,314.732,5.13,3.65,3.59,1.86,1.74,99.8084,-1.6
2024-09-11,5554.1298828125,17.690000534057617,314.732,5.13,3.65,3.62,1.9,1.75,99.8084,-1.6
2024-09-12,5595.759765625,17.06999969482422,314.732,5.13,3.68,3.64,1.93,1.74,99.8084,-1.6
2024-09-13,5626.02001953125,16.559999465942383,314.732,5.13,3.66,3.57,1.95,1.72,99.8084,-1.6
2024-09-16,5633.08984375,17.139999389648438,314.732,5.13,3.63,3.56,1.94,1.7,99.8084,-1.6
2024-09-17,5634.580078125,17.610000610351562,314.732,5.13,3.65,3.59,1.97,1.68,99.8084,-1.6
2024-09-18,5618.259765625,18.229999542236328,314.732,5.13,3.7,3.61,1.98,1.67,99.8084,-1.6
2024-09-19,5713.64013671875,16.329999923706055,314.732,5.13,3.73,3.59,2.04,1.67,99.8084,-1.6
2024-09-20,5702.5498046875,16.149999618530273,314.732,5.13,3.73,3.55,2.02,1.67,99.8084,-1.6
2024-09-23,5718.56982421875,15.890000343322754,314.732,5.13,3.75,3.57,2.04,1.65,99.8084,-1.6
2024-09-24,5732.93017578125,15.390000343322754,314.732,5.13,3.74,3.49,2.06,1.66,99.8084,-1.6
2024-09-25,5722.259765625,15.40999984741211,314.732,5.13,3.79,3.53,2.06,1.65,99.8084,-1.6
2024-09-26,5745.3701171875,15.369999885559082,314.732,5.13,3.79,3.6,2.03,1.65,99.8084,-1.6
2024-09-27,5738.169921875,16.959999084472656,314.732,5.13,3.75,3.55,2.03,1.66,99.8084,-1.6
2024-09-30,5762.47998046875,16.729999542236328,314.732,5.13,3.81,3.66,2.07,1.63,99.8084,-1.6
2024-10-01,5708.75,19.260000228881836,315.631,4.83,3.74,3.61,2.07,1.65,99.4695,7.6
2024-10-02,5709.5400390625,18.899999618530273,315.631,4.83,3.79,3.63,2.1,1.64,99.4695,7.6
2024-10-03,5699.93994140625,20.489999771118164,315.631,4.83,3.85,3.7,2.11,1.62,99.4695,7.6
2024-10-04,5751.06982421875,19.209999084472656,315.631,4.83,3.98,3.93,2.14,1.57,99.4695,7.6
2024-10-07,5695.93994140625,22.639999389648438,315.631,4.83,4.03,3.99,2.17,1.54,99.4695,7.6
2024-10-08,5751.1298828125,21.420000076293945,315.631,4.83,4.04,3.98,2.17,1.55,99.4695,7.6
2024-10-09,5792.0400390625,20.860000610351562,315.631,4.83,4.06,3.99,2.21,1.54,99.4695,7.6
2024-10-10,5780.0498046875,20.93000030517578,315.631,4.83,4.09,3.98,2.26,1.54,99.4695,7.6
2024-10-11,5815.02978515625,20.459999084472656,315.631,4.83,4.08,3.95,2.25,1.54,99.4695,7.6
2024-10-14,5859.85009765625,19.700000762939453,315.631,4.83,4.08,3.95,2.25,1.54,99.4695,7.6
2024-10-15,5815.259765625,20.639999389648438,315.631,4.83,4.03,3.95,2.22,1.53,99.4695,7.6
2024-10-16,5842.47021484375,19.579999923706055,315.631,4.83,4.02,3.93,2.19,1.51,99.4695,7.6
2024-10-17,5841.47021484375,19.110000610351562,315.631,4.83,4.09,3.96,2.22,1.53,99.4695,7.6
2024-10-18,5864.669921875,18.030000686645508,315.631,4.83,4.08,3.95,2.23,1.53,99.4695,7.6
2024-10-21,5853.97998046875,18.3700008392334,315.631,4.83,4.19,4.02,2.23,1.54,99.4695,7.6
2024-10-22,5851.2001953125,18.200000762939453,315.631,4.83,4.2,4.03,2.25,1.55,99.4695,7.6
2024-10-23,5797.419921875,19.239999771118164,315.631,4.83,4.24,4.07,2.23,1.54,99.4695,7.6
2024-10-24,5809.85986328125,19.079999923706055,315.631,4.83,4.21,4.07,2.33,1.52,99.4695,7.6
2024-10-25,5808.1201171875,20.329999923706055,315.631,4.83,4.25,4.11,2.32,1.51,99.4695,7.6
2024-10-28,5823.52001953125,19.799999237060547,315.631,4.83,4.28,4.12,2.31,1.51,99.4695,7.6
2024-10-29,5832.919921875,19.34000015258789,315.631,4.83,4.28,4.11,2.33,1.49,99.4695,7.6
2024-10-30,5813.669921875,20.350000381469727,315.631,4.83,4.29,4.15,2.37,1.44,99.4695,7.6
2024-10-31,5705.4501953125,23.15999984741211,315.631,4.83,4.28,4.16,2.38,1.46,99.4695,7.6
2024-11-01,5728.7998046875,21.8799991607666,316.528,4.64,4.37,4.21,2.37,1.46,99.2925,-1.5
2024-11-04,5712.68994140625,21.979999542236328,316.528,4.64,4.31,4.17,2.32,1.46,99.2925,-1.5
2024-11-05,5782.759765625,20.489999771118164,316.528,4.64,4.26,4.19,2.32,1.45,99.2925,-1.5
2024-11-06,5929.0400390625,16.270000457763672,316.528,4.64,4.42,4.27,2.46,1.4,99.2925,-1.5
2024-11-07,5973.10009765625,15.199999809265137,316.528,4.64,4.31,4.21,2.4,1.44,99.2925,-1.5
2024-11-08,5995.5400390625,14.9399995803833,316.528,4.64,4.3,4.26,2.43,1.38,99.2925,-1.5
2024-11-11,6001.35009765625,14.970000267028809,316.528,4.64,4.3,4.26,2.43,1.38,99.2925,-1.5
2024-11-12,5983.990234375,14.710000038146973,316.528,4.64,4.43,4.34,2.43,1.36,99.2925,-1.5
2024-11-13,5985.3798828125,14.020000457763672,316.528,4.64,4.44,4.27,2.42,1.41,99.2925,-1.5
2024-11-14,5949.169921875,14.3100004196167,316.528,4.64,4.43,4.34,2.4,1.39,99.2925,-1.5
2024-11-15,5870.6201171875,16.139999389648438,316.528,4.64,4.43,4.31,2.39,1.41,99.2925,-1.5
2024-11-18,5893.6201171875,15.579999923706055,316.528,4.64,4.42,4.29,2.41,1.42,99.2925,-1.5
2024-11-19,5916.97998046875,16.350000381469727,316.528,4.64,4.39,4.27,2.41,1.42,99.2925,-1.5
2024-11-20,5917.10986328125,17.15999984741211,316.528,4.64,4.41,4.31,2.43,1.43,99.2925,-1.5
2024-11-21,5948.7099609375,16.8700008392334,316.528,4.64,4.43,4.34,2.42,1.43,99.2925,-1.5
2024-11-22,5969.33984375,15.239999771118164,316.528,4.64,4.41,4.37,2.43,1.43,99.2925,-1.5
2024-11-25,5987.3701171875,14.600000381469727,316.528,4.64,4.27,4.21,2.35,1.42,99.2925,-1.5
2024-11-26,6021.6298828125,14.100000381469727,316.528,4.64,4.3,4.21,2.33,1.43,99.2925,-1.5
2024-11-27,5998.740234375,14.100000381469727,316.528,4.64,4.25,4.19,2.32,1.43,99.2925,-1.5
2024-11-29,6032.3798828125,13.510000228881836,316.528,4.64,4.18,4.13,2.33,1.44,99.2925,-1.5
2024-12-02,6047.14990234375,13.34000015258789,317.604,4.48,4.19,4.17,2.33,1.41,100.3273,-9.6
2024-12-03,6049.8798828125,13.300000190734863,317.604,4.48,4.23,4.17,2.36,1.4,100.3273,-9.6
2024-12-04,6086.490234375,13.449999809265137,317.604,4.48,4.19,4.13,2.37,1.39,100.3273,-9.6
2024-12-05,6075.10986328125,13.539999961853027,317.604,4.48,4.17,4.15,2.35,1.4,100.3273,-9.6
2024-12-06,6090.27001953125,12.770000457763672,317.604,4.48,4.15,4.1,2.31,1.42,100.3273,-9.6
2024-12-09,6052.85009765625,14.1899995803833,317.604,4.48,4.2,4.13,2.33,1.42,100.3273,-9.6
2024-12-10,6034.91015625,14.180000305175781,317.604,4.48,4.22,4.15,2.34,1.41,100.3273,-9.6
2024-12-11,6084.18994140625,13.579999923706055,317.604,4.48,4.26,4.15,2.38,1.42,100.3273,-9.6
2024-12-12,6051.25,13.920000076293945,317.604,4.48,4.32,4.18,2.39,1.44,100.3273,-9.6
2024-12-13,6051.08984375,13.8100004196167,317.604,4.48,4.4,4.25,2.4,1.42,100.3273,-9.6
2024-12-16,6074.080078125,14.6899995803833,317.604,4.48,4.39,4.25,2.38,1.42,100.3273,-9.6
2024-12-17,6050.60986328125,15.869999885559082,317.604,4.48,4.4,4.25,2.36,1.39,100.3273,-9.6
2024-12-18,5872.16015625,27.6200008392334,317.604,4.48,4.5,4.35,2.38,1.37,100.3273,-9.6
2024-12-19,5867.080078125,24.09000015258789,317.604,4.48,4.57,4.32,2.35,1.4,100.3273,-9.6
2024-12-20,5930.85009765625,18.360000610351562,317.604,4.48,4.52,4.3,2.34,1.43,100.3273,-9.6
2024-12-23,5974.06982421875,16.780000686645508,317.604,4.48,4.59,4.3,2.38,1.42,100.3273,-9.6
2024-12-24,6040.0400390625,14.270000457763672,317.604,4.48,4.59,4.29,2.39,1.39,100.3273,-9.6
2024-12-26,6037.58984375,14.729999542236328,317.604,4.48,4.58,4.3,2.39,1.4,100.3273,-9.6
2024-12-27,5970.83984375,15.949999809265137,317.604,4.48,4.62,4.31,2.38,1.4,100.3273,-9.6
2024-12-30,5906.93994140625,17.399999618530273,317.604,4.48,4.55,4.24,2.35,1.43,100.3273,-9.6
2024-12-31,5881.6298828125,17.350000381469727,317.604,4.48,4.58,4.25,2.38,1.42,100.3273,-9.6
2025-01-02,5868.5498046875,17.93000030517578,318.961,4.33,4.57,4.25,2.41,1.45,100.0647,32.9
2025-01-03,5942.47021484375,16.1299991607666,318.961,4.33,4.6,4.28,2.4,1.44,100.0647,32.9
2025-01-06,5975.3798828125,16.040000915527344,318.961,4.33,4.62,4.28,2.4,1.44,100.0647,32.9
2025-01-07,5909.02978515625,17.81999969482422,318.961,4.33,4.67,4.3,2.44,1.47,100.0647,32.9
2025-01-08,5918.25,17.700000762939453,318.961,4.33,4.67,4.28,2.47,1.48,100.0647,32.9
2025-01-10,5827.0400390625,19.540000915527344,318.961,4.33,4.77,4.4,2.51,1.42,100.0647,32.9
2025-01-13,5836.22021484375,19.190000534057617,318.961,4.33,4.79,4.4,2.55,1.44,100.0647,32.9
2025-01-14,5842.91015625,18.709999084472656,318.961,4.33,4.78,4.37,2.55,1.44,100.0647,32.9
2025-01-15,5949.91015625,16.1200008392334,318.961,4.33,4.66,4.27,2.52,1.44,100.0647,32.9
2025-01-16,5937.33984375,16.600000381469727,318.961,4.33,4.61,4.23,2.51,1.46,100.0647,32.9
2025-01-17,5996.66015625,15.970000267028809,318.961,4.33,4.61,4.27,2.52,1.46,100.0647,32.9
2025-01-21,6049.240234375,15.0600004196167,318.961,4.33,4.57,4.29,2.47,1.46,100.0647,32.9
2025-01-22,6086.3701171875,15.100000381469727,318.961,4.33,4.6,4.29,2.48,1.43,100.0647,32.9
2025-01-23,6118.7099609375,15.020000457763672,318.961,4.33,4.65,4.29,2.52,1.43,100.0647,32.9
2025-01-24,6101.240234375,14.850000381469727,318.961,4.33,4.63,4.27,2.52,1.43,100.0647,32.9
2025-01-27,6012.27978515625,17.899999618530273,318.961,4.33,4.53,4.17,2.49,1.45,100.0647,32.9
2025-01-28,6067.7001953125,16.40999984741211,318.961,4.33,4.55,4.19,2.52,1.45,100.0647,32.9
2025-01-29,6039.31005859375,16.559999465942383,318.961,4.33,4.55,4.21,2.52,1.45,100.0647,32.9
2025-01-30,6071.169921875,15.84000015258789,318.961,4.33,4.52,4.18,2.5,1.45,100.0647,32.9
2025-01-31,6040.52978515625,16.43000030517578,318.961,4.33,4.58,4.22,2.54,1.45,100.0647,32.9
2025-02-03,5994.56982421875,18.6200008392334,319.679,4.33,4.54,4.26,2.61,1.46,101.0993,13.4
2025-02-04,6037.8798828125,17.209999084472656,319.679,4.33,4.52,4.21,2.59,1.46,101.0993,13.4
2025-02-05,6061.47998046875,15.770000457763672,319.679,4.33,4.43,4.17,2.57,1.45,101.0993,13.4
2025-02-06,6083.56982421875,15.5,319.679,4.33,4.45,4.21,2.57,1.44,101.0993,13.4
2025-02-07,6025.990234375,16.540000915527344,319.679,4.33,4.49,4.29,2.59,1.45,101.0993,13.4
2025-02-10,6066.43994140625,15.8100004196167,319.679,4.33,4.51,4.28,2.6,1.45,101.0993,13.4
2025-02-11,6068.5,16.020000457763672,319.679,4.33,4.54,4.29,2.64,1.46,101.0993,13.4
2025-02-12,6051.97021484375,15.890000343322754,319.679,4.33,4.62,4.36,2.66,1.45,101.0993,13.4
2025-02-13,6115.06982421875,15.100000381469727,319.679,4.33,4.52,4.31,2.64,1.44,101.0993,13.4
2025-02-14,6114.6298828125,14.770000457763672,319.679,4.33,4.47,4.26,2.62,1.46,101.0993,13.4
2025-02-18,6129.580078125,15.350000381469727,319.679,4.33,4.55,4.29,2.65,1.44,101.0993,13.4
2025-02-19,6144.14990234375,15.270000457763672,319.679,4.33,4.53,4.28,2.66,1.46,101.0993,13.4
2025-02-20,6117.52001953125,15.65999984741211,319.679,4.33,4.5,4.28,2.66,1.47,101.0993,13.4
2025-02-21,6013.1298828125,18.209999084472656,319.679,4.33,4.42,4.19,2.61,1.49,101.0993,13.4
2025-02-24,5983.25,18.979999542236328,319.679,4.33,4.4,4.13,2.61,1.48,101.0993,13.4
2025-02-25,5955.25,19.43000030517578,319.679,4.33,4.3,4.07,2.57,1.5,101.0993,13.4
2025-02-26,5956.06005859375,19.100000381469727,319.679,4.33,4.25,4.05,2.54,1.51,101.0993,13.4
2025-02-27,5861.56982421875,21.1299991607666,319.679,4.33,4.29,4.07,2.57,1.52,101.0993,13.4
2025-02-28,5954.5,19.6299991607666,319.679,4.33,4.24,3.99,2.58,1.57,101.0993,13.4
2025-03-03,5849.72021484375,22.780000686645508,319.785,4.33,4.16,3.96,2.59,1.61,101.0404,10.2
2025-03-04,5778.14990234375,23.510000228881836,319.785,4.33,4.22,3.96,2.59,1.61,101.0404,10.2
2025-03-05,5842.6298828125,21.93000030517578,319.785,4.33,4.28,3.99,2.56,1.57,101.0404,10.2
2025-03-06,5738.52001953125,24.8700008392334,319.785,4.33,4.29,3.96,2.53,1.59,101.0404,10.2
2025-03-07,5770.2001953125,23.3700008392334,319.785,4.33,4.32,3.99,2.52,1.61,101.0404,10.2
2025-03-10,5614.56005859375,27.860000610351562,319.785,4.33,4.22,3.89,2.49,1.64,101.0404,10.2
2025-03-11,5572.06982421875,26.920000076293945,319.785,4.33,4.28,3.94,2.5,1.68,101.0404,10.2
2025-03-12,5599.2998046875,24.229999542236328,319.785,4.33,4.32,4.01,2.53,1.65,101.0404,10.2
2025-03-13,5521.52001953125,24.65999984741211,319.785,4.33,4.27,3.94,2.48,1.7,101.0404,10.2
2025-03-14,5638.93994140625,21.770000457763672,319.785,4.33,4.31,4.02,2.48,1.65,101.0404,10.2
2025-03-17,5675.1201171875,20.510000228881836,319.785,4.33,4.31,4.06,2.48,1.63,101.0404,10.2
2025-03-18,5614.66015625,21.700000762939453,319.785,4.33,4.29,4.04,2.46,1.63,101.0404,10.2
2025-03-19,5675.2900390625,19.899999618530273,319.785,4.33,4.25,3.99,2.5,1.64,101.0404,10.2
2025-03-20,5662.89013671875,19.799999237060547,319.785,4.33,4.24,3.95,2.51,1.64,101.0404,10.2
2025-03-21,5667.56005859375,19.280000686645508,319.785,4.33,4.25,3.94,2.51,1.68,101.0404,10.2
2025-03-24,5767.56982421875,17.479999542236328,319.785,4.33,4.34,4.04,2.54,1.64,101.0404,10.2
2025-03-25,5776.64990234375,17.149999618530273,319.785,4.33,4.31,3.96,2.56,1.66,101.0404,10.2
2025-03-26,5712.2001953125,18.329999923706055,319.785,4.33,4.35,3.98,2.56,1.66,101.0404,10.2
2025-03-27,5693.31005859375,18.690000534057617,319.785,4.33,4.38,3.97,2.6,1.68,101.0404,10.2
2025-03-28,5580.93994140625,21.649999618530273,319.785,4.33,4.27,3.89,2.58,1.73,101.0404,10.2
2025-03-31,5611.85009765625,22.280000686645508,319.785,4.33,4.23,3.89,2.61,1.76,101.0404,10.2
2025-04-01,5633.06982421875,21.770000457763672,320.302,4.33,4.17,3.87,2.54,1.73,101.1279,-12.9
2025-04-02,5670.97021484375,21.510000228881836,320.302,4.33,4.2,3.91,2.51,1.73,101.1279,-12.9
2025-04-03,5396.52001953125,30.020000457763672,320.302,4.33,4.06,3.71,2.5,1.89,101.1279,-12.9
2025-04-04,5074.080078125,45.310001373291016,320.302,4.33,4.01,3.68,2.34,1.94,101.1279,-12.9
2025-04-07,5062.25,46.97999954223633,320.302,4.33,4.15,3.73,2.31,2.02,101.1279,-12.9
2025-04-08,4982.77001953125,52.33000183105469,320.302,4.33,4.26,3.71,2.35,2.0,101.1279,-12.9
2025-04-09,5456.89990234375,33.619998931884766,320.302,4.33,4.34,3.91,2.45,2.02,101.1279,-12.9
2025-04-10,5268.0498046875,40.720001220703125,320.302,4.33,4.4,3.84,2.32,1.97,101.1279,-12.9
2025-04-11,5363.35986328125,37.560001373291016,320.302,4.33,4.48,3.96,2.33,1.9,101.1279,-12.9
2025-04-14,5405.97021484375,30.889999389648438,320.302,4.33,4.38,3.84,2.35,1.9,101.1279,-12.9
2025-04-15,5396.6298828125,30.1200008392334,320.302,4.33,4.35,3.84,2.31,1.9,101.1279,-12.9
2025-04-16,5275.7001953125,32.63999938964844,320.302,4.33,4.29,3.77,2.29,1.92,101.1279,-12.9
2025-04-17,5282.7001953125,29.649999618530273,320.302,4.33,4.34,3.81,2.26,1.92,101.1279,-12.9
2025-04-21,5158.2001953125,33.81999969482422,320.302,4.33,4.42,3.75,2.25,1.96,101.1279,-12.9
2025-04-22,5287.759765625,30.56999969482422,320.302,4.33,4.41,3.76,2.3,1.93,101.1279,-12.9
2025-04-23,5375.85986328125,28.450000762939453,320.302,4.33,4.4,3.81,2.33,1.86,101.1279,-12.9
2025-04-24,5484.77001953125,26.469999313354492,320.302,4.33,4.32,3.77,2.35,1.86,101.1279,-12.9
2025-04-25,5525.2099609375,24.84000015258789,320.302,4.33,4.29,3.74,2.32,1.84,101.1279,-12.9
2025-04-28,5528.75,25.149999618530273,320.302,4.33,4.23,3.67,2.32,1.87,101.1279,-12.9
2025-04-29,5560.830078125,24.170000076293945,320.302,4.33,4.19,3.65,2.29,1.88,101.1279,-12.9
2025-04-30,5569.06005859375,24.700000762939453,320.302,4.33,4.17,3.6,2.29,1.96,101.1279,-12.9
2025-05-01,5604.14013671875,24.600000381469727,320.62,4.33,4.25,3.7,2.3,1.95,100.9655,-0.7
2025-05-02,5686.669921875,22.68000030517578,320.62,4.33,4.33,3.83,2.31,1.9,100.9655,-0.7
2025-05-05,5650.3798828125,23.639999389648438,320.62,4.33,4.36,3.83,2.33,1.91,100.9655,-0.7
2025-05-06,5606.91015625,24.760000228881836,320.62,4.33,4.3,3.78,2.34,1.95,100.9655,-0.7
2025-05-07,5631.27978515625,23.549999237060547,320.62,4.33,4.26,3.78,2.33,1.95,100.9655,-0.7
2025-05-08,5663.93994140625,22.479999542236328,320.62,4.33,4.37,3.9,2.39,1.89,100.9655,-0.7
2025-05-09,5659.91015625,21.899999618530273,320.62,4.33,4.37,3.88,2.39,1.89,100.9655,-0.7
2025-05-12,5844.18994140625,18.389999389648438,320.62,4.33,4.45,3.98,2.35,1.82,100.9655,-0.7
2025-05-13,5886.5498046875,18.219999313354492,320.62,4.33,4.49,4.02,2.38,1.82,100.9655,-0.7
2025-05-14,5892.580078125,18.6200008392334,320.62,4.33,4.53,4.05,2.44,1.8,100.9655,-0.7
2025-05-15,5916.93017578125,17.829999923706055,320.62,4.33,4.45,3.96,2.41,1.83,100.9655,-0.7
2025-05-16,5958.3798828125,17.239999771118164,320.62,4.33,4.43,3.98,2.42,1.82,100.9655,-0.7
2025-05-19,5963.60009765625,18.139999389648438,320.62,4.33,4.46,3.97,2.43,1.84,100.9655,-0.7
2025-05-20,5940.4599609375,18.09000015258789,320.62,4.33,4.48,3.97,2.42,1.82,100.9655,-0.7
2025-05-21,5844.60986328125,20.8700008392334,320.62,4.33,4.58,4.0,2.43,1.85,100.9655,-0.7
2025-05-22,5842.009765625,20.280000686645508,320.62,4.33,4.54,4.0,2.42,1.87,100.9655,-0.7
2025-05-23,5802.81982421875,22.290000915527344,320.62,4.33,4.51,4.0,2.4,1.88,100.9655,-0.7
2025-05-27,5921.5400390625,18.959999084472656,320.62,4.33,4.43,3.92,2.41,1.84,100.9655,-0.7
2025-05-28,5888.5498046875,19.309999465942383,320.62,4.33,4.47,3.96,2.39,1.83,100.9655,-0.7
2025-05-29,5912.169921875,19.18000030517578,320.62,4.33,4.43,3.92,2.38,1.81,100.9655,-0.7
2025-05-30,5911.68994140625,18.56999969482422,320.62,4.33,4.41,3.89,2.39,1.84,100.9655,-0.7
2025-06-02,5935.93994140625,18.360000610351562,321.435,4.33,4.46,3.94,2.38,1.84,101.4785,-1.4
2025-06-03,5970.3701171875,17.690000534057617,321.435,4.33,4.46,3.96,2.38,1.81,101.4785,-1.4
2025-06-04,5970.81005859375,17.610000610351562,321.435,4.33,4.37,3.87,2.32,1.8,101.4785,-1.4
2025-06-05,5939.2998046875,18.479999542236328,321.435,4.33,4.4,3.92,2.31,1.77,101.4785,-1.4
2025-06-06,6000.35986328125,16.770000457763672,321.435,4.33,4.51,4.04,2.35,1.73,101.4785,-1.4
2025-06-09,6005.8798828125,17.15999984741211,321.435,4.33,4.49,4.01,2.34,1.72,101.4785,-1.4
2025-06-10,6038.81005859375,16.950000762939453,321.435,4.33,4.47,4.01,2.32,1.71,101.4785,-1.4
2025-06-11,6022.240234375,17.260000228881836,321.435,4.33,4.41,3.94,2.3,1.74,101.4785,-1.4
2025-06-12,6045.259765625,18.020000457763672,321.435,4.33,4.36,3.9,2.28,1.73,101.4785,-1.4
2025-06-13,5976.97021484375,20.81999969482422,321.435,4.33,4.41,3.96,2.31,1.75,101.4785,-1.4
2025-06-16,6033.10986328125,19.110000610351562,321.435,4.33,4.46,3.97,2.32,1.74,101.4785,-1.4
2025-06-17,5982.72021484375,21.600000381469727,321.435,4.33,4.39,3.94,2.35,1.74,101.4785,-1.4
2025-06-18,5980.8701171875,20.139999389648438,321.435,4.33,4.38,3.94,2.36,1.77,101.4785,-1.4
2025-06-20,5967.83984375,20.6200008392334,321.435,4.33,4.38,3.9,2.37,1.76,101.4785,-1.4
2025-06-23,6025.169921875,19.829999923706055,321.435,4.33,4.34,3.84,2.33,1.77,101.4785,-1.4
2025-06-24,6092.18017578125,17.479999542236328,321.435,4.33,4.3,3.75,2.3,1.78,101.4785,-1.4
2025-06-25,6092.16015625,16.760000228881836,321.435,4.33,4.29,3.74,2.28,1.79,101.4785,-1.4
2025-06-26,6141.02001953125,16.59000015258789,321.435,4.33,4.26,3.7,2.29,1.8,101.4785,-1.4
2025-06-27,6173.06982421875,16.31999969482422,321.435,4.33,4.29,3.73,2.31,1.79,101.4785,-1.4
2025-06-30,6204.9501953125,16.729999542236328,321.435,4.33,4.24,3.72,2.31,1.75,101.4785,-1.4
2025-07-01,6198.009765625,16.829999923706055,322.169,4.33,4.26,3.78,2.32,1.72,101.894,11.4
2025-07-02,6227.419921875,16.639999389648438,322.169,4.33,4.3,3.78,2.34,1.7,101.894,11.4
2025-07-03,6279.35009765625,16.3799991607666,322.169,4.33,4.35,3.88,2.37,1.67,101.894,11.4
2025-07-07,6229.97998046875,17.790000915527344,322.169,4.33,4.4,3.9,2.4,1.71,101.894,11.4
2025-07-08,6225.52001953125,16.809999465942383,322.169,4.33,4.42,3.9,2.39,1.71,101.894,11.4
2025-07-09,6263.259765625,15.9399995803833,322.169,4.33,4.34,3.86,2.38,1.73,101.894,11.4
2025-07-10,6280.4599609375,15.779999732971191,322.169,4.33,4.35,3.86,2.39,1.7,101.894,11.4
2025-07-11,6259.75,16.399999618530273,322.169,4.33,4.43,3.9,2.44,1.72,101.894,11.4
2025-07-14,6268.56005859375,17.200000762939453,322.169,4.33,4.43,3.9,2.45,1.73,101.894,11.4
2025-07-15,6243.759765625,17.3799991607666,322.169,4.33,4.5,3.95,2.48,1.7,101.894,11.4
2025-07-16,6263.7001953125,17.15999984741211,322.169,4.33,4.46,3.88,2.49,1.73,101.894,11.4
2025-07-17,6297.35986328125,16.520000457763672,322.169,4.33,4.47,3.91,2.53,1.71,101.894,11.4
2025-07-18,6296.7900390625,16.40999984741211,322.169,4.33,4.44,3.88,2.5,1.73,101.894,11.4
2025-07-21,6305.60009765625,16.649999618530273,322.169,4.33,4.38,3.85,2.49,1.73,101.894,11.4
2025-07-22,6309.6201171875,16.5,322.169,4.33,4.35,3.83,2.47,1.73,101.894,11.4
2025-07-23,6358.91015625,15.369999885559082,322.169,4.33,4.4,3.88,2.44,1.71,101.894,11.4
2025-07-24,6363.35009765625,15.390000343322754,322.169,4.33,4.43,3.91,2.5,1.68,101.894,11.4
2025-07-25,6388.64013671875,14.930000305175781,322.169,4.33,4.4,3.91,2.47,1.69,101.894,11.4
2025-07-28,6389.77001953125,15.029999732971191,322.169,4.33,4.42,3.91,2.47,1.69,101.894,11.4
2025-07-29,6370.85986328125,15.979999542236328,322.169,4.33,4.34,3.86,2.48,1.7,101.894,11.4
2025-07-30,6362.89990234375,15.479999542236328,322.169,4.33,4.38,3.94,2.48,1.69,101.894,11.4
2025-07-31,6339.39013671875,16.719999313354492,322.169,4.33,4.37,3.94,2.46,1.67,101.894,11.4
2025-08-01,6238.009765625,20.3799991607666,323.291,4.33,4.23,3.69,2.38,1.75,101.6247,0.7
2025-08-04,6329.93994140625,17.520000457763672,323.291,4.33,4.22,3.69,2.41,1.74,101.6247,0.7
2025-08-05,6299.18994140625,17.850000381469727,323.291,4.33,4.22,3.72,2.41,1.72,101.6247,0.7
2025-08-06,6345.06005859375,16.770000457763672,323.291,4.33,4.22,3.69,2.4,1.75,101.6247,0.7
2025-08-07,6340.0,16.56999969482422,323.291,4.33,4.23,3.72,2.41,1.74,101.6247,0.7
2025-08-08,6389.4501953125,15.149999618530273,323.291,4.33,4.27,3.76,2.46,1.74,101.6247,0.7
2025-08-11,6373.4501953125,16.25,323.291,4.33,4.27,3.76,2.46,1.72,101.6247,0.7
2025-08-12,6445.759765625,14.729999542236328,323.291,4.33,4.29,3.72,2.43,1.73,101.6247,0.7
2025-08-13,6466.580078125,14.489999771118164,323.291,4.33,4.24,3.67,2.42,1.71,101.6247,0.7
2025-08-14,6468.5400390625,14.829999923706055,323.291,4.33,4.29,3.74,2.43,1.71,101.6247,0.7
2025-08-15,6449.7998046875,15.09000015258789,323.291,4.33,4.33,3.75,2.42,1.69,101.6247,0.7
2025-08-18,6449.14990234375,14.989999771118164,323.291,4.33,4.34,3.77,2.42,1.7,101.6247,0.7
2025-08-19,6411.3701171875,15.569999694824219,323.291,4.33,4.3,3.75,2.39,1.71,101.6247,0.7
2025-08-20,6395.77978515625,15.6899995803833,323.291,4.33,4.29,3.74,2.4,1.73,101.6247,0.7
2025-08-21,6370.169921875,16.600000381469727,323.291,4.33,4.33,3.79,2.44,1.72,101.6247,0.7
2025-08-22,6466.91015625,14.220000267028809,323.291,4.33,4.26,3.68,2.48,1.73,101.6247,0.7
2025-08-25,6439.31982421875,14.789999961853027,323.291,4.33,4.28,3.73,2.49,1.7,101.6247,0.7
2025-08-26,6465.93994140625,14.619999885559082,323.291,4.33,4.26,3.61,2.5,1.75,101.6247,0.7
2025-08-27,6481.39990234375,14.850000381469727,323.291,4.33,4.24,3.59,2.5,1.77,101.6247,0.7
2025-08-28,6501.85986328125,14.430000305175781,323.291,4.33,4.22,3.62,2.49,1.75,101.6247,0.7
2025-08-29,6460.259765625,15.359999656677246,323.291,4.33,4.23,3.59,2.47,1.8,101.6247,0.7
2025-09-02,6415.5400390625,17.170000076293945,324.245,4.22,4.28,3.66,2.48,1.81,101.668,19.5
2025-09-03,6448.259765625,16.350000381469727,324.245,4.22,4.22,3.61,2.46,1.78,101.668,19.5
2025-09-04,6502.080078125,15.300000190734863,324.245,4.22,4.17,3.59,2.44,1.8,101.668,19.5
2025-09-05,6481.5,15.180000305175781,324.245,4.22,4.1,3.51,2.42,1.78,101.668,19.5
2025-09-08,6495.14990234375,15.109999656677246,324.245,4.22,4.05,3.49,2.41,1.76,101.668,19.5
2025-09-09,6512.60986328125,15.039999961853027,324.245,4.22,4.08,3.54,2.43,1.75,101.668,19.5
2025-09-10,6532.0400390625,15.350000381469727,324.245,4.22,4.04,3.54,2.41,1.75,101.668,19.5
2025-09-11,6587.47021484375,14.710000038146973,324.245,4.22,4.01,3.52,2.41,1.74,101.668,19.5
2025-09-12,6584.2900390625,14.760000228881836,324.245,4.22,4.06,3.56,2.42,1.7,101.668,19.5
2025-09-15,6615.27978515625,15.6899995803833,324.245,4.22,4.05,3.54,2.41,1.68,101.668,19.5
2025-09-16,6606.759765625,16.360000610351562,324.245,4.22,4.04,3.51,2.42,1.69,101.668,19.5
2025-09-17,6600.35009765625,15.720000267028809,324.245,4.22,4.06,3.52,2.43,1.7,101.668,19.5
2025-09-18,6631.9599609375,15.699999809265137,324.245,4.22,4.11,3.57,2.44,1.68,101.668,19.5
2025-09-19,6664.35986328125,15.449999809265137,324.245,4.22,4.14,3.57,2.43,1.68,101.668,19.5
2025-09-22,6693.75,16.100000381469727,324.245,4.22,4.15,3.61,2.42,1.67,101.668,19.5
2025-09-23,6656.919921875,16.639999389648438,324.245,4.22,4.12,3.53,2.42,1.69,101.668,19.5
2025-09-24,6637.97021484375,16.18000030517578,324.245,4.22,4.16,3.57,2.42,1.68,101.668,19.5
2025-09-25,6604.72021484375,16.739999771118164,324.245,4.22,4.18,3.64,2.42,1.67,101.668,19.5
2025-09-26,6643.7001953125,15.289999961853027,324.245,4.22,4.2,3.63,2.42,1.65,101.668,19.5
2025-09-29,6661.2099609375,16.1200008392334,324.245,4.22,4.15,3.63,2.41,1.64,101.668,19.5
2025-09-30,6688.4599609375,16.280000686645508,324.245,4.22,4.16,3.6,2.42,1.67,101.668,19.5
2025-10-01,6711.2001953125,16.290000915527344,324.245,4.09,4.12,3.55,2.39,1.69,101.2195,-10.1
2025-10-02,6715.35009765625,16.6299991607666,324.245,4.09,4.1,3.55,2.37,1.68,101.2195,-10.1
2025-10-03,6715.7900390625,16.649999618530273,324.245,4.09,4.13,3.58,2.38,1.66,101.2195,-10.1
2025-10-06,6740.27978515625,16.3700008392334,324.245,4.09,4.18,3.6,2.38,1.65,101.2195,-10.1
2025-10-07,6714.58984375,17.239999771118164,324.245,4.09,4.14,3.57,2.39,1.67,101.2195,-10.1
2025-10-08,6753.72021484375,16.299999237060547,324.245,4.09,4.13,3.58,2.39,1.68,101.2195,-10.1
2025-10-09,6735.10986328125,16.43000030517578,324.245,4.09,4.14,3.6,2.39,1.69,101.2195,-10.1
2025-10-10,6552.509765625,21.65999984741211,324.245,4.09,4.05,3.52,2.35,1.72,101.2195,-10.1
2025-10-13,6654.72021484375,19.030000686645508,324.245,4.09,4.05,3.52,2.35,1.72,101.2195,-10.1
2025-10-14,6644.31005859375,20.809999465942383,324.245,4.09,4.03,3.48,2.33,1.71,101.2195,-10.1
2025-10-15,6671.06005859375,20.639999389648438,324.245,4.09,4.05,3.5,2.33,1.68,101.2195,-10.1
2025-10-16,6629.06982421875,25.309999465942383,324.245,4.09,3.99,3.41,2.29,1.71,101.2195,-10.1
2025-10-17,6664.009765625,20.780000686645508,324.245,4.09,4.02,3.46,2.29,1.7,101.2195,-10.1
2025-10-20,6735.1298828125,18.229999542236328,324.245,4.09,4.0,3.46,2.28,1.68,101.2195,-10.1
2025-10-21,6735.35009765625,17.8700008392334,324.245,4.09,3.98,3.45,2.3,1.67,101.2195,-10.1
2025-10-22,6699.39990234375,18.600000381469727,324.245,4.09,3.97,3.45,2.32,1.69,101.2195,-10.1
2025-10-23,6738.43994140625,17.299999237060547,324.245,4.09,4.01,3.48,2.42,1.66,101.2195,-10.1
2025-10-24,6791.68994140625,16.3700008392334,324.245,4.09,4.02,3.48,2.4,1.65,101.2195,-10.1
2025-10-27,6875.16015625,15.789999961853027,324.245,4.09,4.01,3.48,2.37,1.63,101.2195,-10.1
2025-10-28,6890.89013671875,16.420000076293945,324.245,4.09,3.99,3.47,2.36,1.65,101.2195,-10.1
2025-10-29,6890.58984375,16.920000076293945,324.245,4.09,4.08,3.59,2.37,1.61,101.2195,-10.1
2025-10-30,6822.33984375,16.90999984741211,324.245,4.09,4.11,3.61,2.38,1.64,101.2195,-10.1
2025-10-31,6840.2001953125,17.440000534057617,324.245,4.09,4.11,3.6,2.4,1.69,101.2195,-10.1
2025-11-03,6851.97021484375,17.170000076293945,325.063,3.88,4.13,3.6,2.41,1.71,101.0344,0.6
2025-11-04,6771.5498046875,19.0,325.063,3.88,4.1,3.58,2.38,1.72,101.0344,0.6
2025-11-05,6796.2900390625,18.010000228881836,325.063,3.88,4.17,3.63,2.39,1.7,101.0344,0.6
2025-11-06,6720.31982421875,19.5,325.063,3.88,4.11,3.57,2.37,1.72,101.0344,0.6
2025-11-07,6728.7998046875,19.079999923706055,325.063,3.88,4.11,3.55,2.36,1.75,101.0344,0.6
2025-11-10,6832.43017578125,17.600000381469727,325.063,3.88,4.13,3.58,2.38,1.73,101.0344,0.6
2025-11-11,6846.60986328125,17.280000686645508,325.063,3.88,4.13,3.58,2.38,1.73,101.0344,0.6
2025-11-12,6850.919921875,17.510000228881836,325.063,3.88,4.08,3.56,2.37,1.75,101.0344,0.6
2025-11-13,6737.490234375,20.0,325.063,3.88,4.11,3.58,2.37,1.77,101.0344,0.6
2025-11-14,6734.10986328125,19.829999923706055,325.063,3.88,4.14,3.62,2.38,1.77,101.0344,0.6
2025-11-17,6672.41015625,22.3799991607666,325.063,3.88,4.13,3.6,2.37,1.77,101.0344,0.6
2025-11-18,6617.31982421875,24.690000534057617,325.063,3.88,4.12,3.58,2.36,1.79,101.0344,0.6
2025-11-19,6642.16015625,23.65999984741211,325.063,3.88,4.13,3.58,2.36,1.79,101.0344,0.6
2025-11-20,6538.759765625,26.420000076293945,325.063,3.88,4.1,3.55,2.34,1.8,101.0344,0.6
2025-11-21,6602.990234375,23.43000030517578,325.063,3.88,4.06,3.51,2.32,1.82,101.0344,0.6
2025-11-24,6705.1201171875,20.520000457763672,325.063,3.88,4.04,3.46,2.3,1.8,101.0344,0.6
2025-11-25,6765.8798828125,18.559999465942383,325.063,3.88,4.01,3.43,2.27,1.79,101.0344,0.6
2025-11-26,6812.60986328125,17.190000534057617,325.063,3.88,4.0,3.45,2.29,1.78,101.0344,0.6
2025-11-28,6849.08984375,16.350000381469727,325.063,3.88,4.02,3.47,2.29,1.78,101.0344,0.6
2025-12-01,6812.6298828125,17.239999771118164,326.031,3.72,4.09,3.54,2.31,1.78,101.4941,-8.8
2025-12-02,6829.3701171875,16.59000015258789,326.031,3.72,4.09,3.51,2.3,1.76,101.4941,-8.8
2025-12-03,6849.72021484375,16.079999923706055,326.031,3.72,4.06,3.49,2.29,1.77,101.4941,-8.8
2025-12-04,6857.1201171875,15.779999732971191,326.031,3.72,4.11,3.52,2.33,1.76,101.4941,-8.8
2025-12-05,6870.39990234375,15.40999984741211,326.031,3.72,4.14,3.56,2.34,1.74,101.4941,-8.8
2025-12-08,6846.509765625,16.65999984741211,326.031,3.72,4.17,3.57,2.32,1.73,101.4941,-8.8
2025-12-09,6840.509765625,16.93000030517578,326.031,3.72,4.18,3.61,2.32,1.73,101.4941,-8.8
2025-12-10,6886.68017578125,15.770000457763672,326.031,3.72,4.13,3.54,2.32,1.76,101.4941,-8.8
2025-12-11,6901.0,14.850000381469727,326.031,3.72,4.14,3.52,2.32,1.73,101.4941,-8.8
2025-12-12,6827.41015625,15.739999771118164,326.031,3.72,4.19,3.52,2.32,1.76,101.4941,-8.8
2025-12-15,6816.509765625,16.5,326.031,3.72,4.18,3.51,2.29,1.77,101.4941,-8.8
2025-12-16,6800.259765625,16.479999542236328,326.031,3.72,4.15,3.48,2.25,1.78,101.4941,-8.8
2025-12-17,6721.43017578125,17.6200008392334,326.031,3.72,4.16,3.49,2.26,1.78,101.4941,-8.8
2025-12-18,6774.759765625,16.8700008392334,326.031,3.72,4.12,3.46,2.26,1.78,101.4941,-8.8
2025-12-19,6834.5,14.90999984741211,326.031,3.72,4.16,3.48,2.27,1.76,101.4941,-8.8
2025-12-22,6878.490234375,14.079999923706055,326.031,3.72,4.17,3.44,2.25,1.76,101.4941,-8.8
2025-12-23,6909.7900390625,14.0,326.031,3.72,4.18,3.48,2.24,1.74,101.4941,-8.8
2025-12-24,6932.0498046875,13.470000267028809,326.031,3.72,4.15,3.47,2.24,1.73,101.4941,-8.8
2025-12-26,6929.93994140625,13.600000381469727,326.031,3.72,4.14,3.46,2.22,1.75,101.4941,-8.8
2025-12-29,6905.740234375,14.199999809265137,326.031,3.72,4.12,3.45,2.23,1.76,101.4941,-8.8
2025-12-30,6896.240234375,14.329999923706055,326.031,3.72,4.14,3.45,2.25,1.75,101.4941,-8.8
2025-12-31,6845.5,14.949999809265137,326.031,3.72,4.18,3.47,2.26,1.72,101.4941,-8.8
2026-01-02,6858.47021484375,14.510000228881836,326.588,3.64,4.19,3.47,2.28,1.74,101.1235,12.6
2026-01-05,6902.0498046875,14.899999618530273,326.588,3.64,4.17,3.46,2.29,1.75,101.1235,12.6
2026-01-06,6944.81982421875,14.75,326.588,3.64,4.18,3.47,2.3,1.74,101.1235,12.6
2026-01-07,6920.93017578125,15.380000114440918,326.588,3.64,4.15,3.47,2.3,1.73,101.1235,12.6
2026-01-08,6921.4599609375,15.449999809265137,326.588,3.64,4.19,3.49,2.31,1.73,101.1235,12.6
2026-01-09,6966.27978515625,14.489999771118164,326.588,3.64,4.18,3.54,2.32,1.7,101.1235,12.6
2026-01-12,6977.27001953125,15.119999885559082,326.588,3.64,4.19,3.54,2.36,1.7,101.1235,12.6
2026-01-13,6963.740234375,15.979999542236328,326.588,3.64,4.18,3.53,2.37,1.69,101.1235,12.6
2026-01-14,6926.60009765625,16.75,326.588,3.64,4.15,3.51,2.36,1.68,101.1235,12.6
2026-01-15,6944.47021484375,15.84000015258789,326.588,3.64,4.17,3.56,2.36,1.65,101.1235,12.6
2026-01-16,6940.009765625,15.859999656677246,326.588,3.64,4.24,3.59,2.39,1.63,101.1235,12.6
2026-01-20,6796.85986328125,20.09000015258789,326.588,3.64,4.3,3.6,2.4,1.65,101.1235,12.6
2026-01-21,6875.6201171875,16.899999618530273,326.588,3.64,4.26,3.6,2.42,1.62,101.1235,12.6
2026-01-22,6913.35009765625,15.640000343322754,326.588,3.64,4.26,3.61,2.42,1.59,101.1235,12.6
2026-01-23,6915.60986328125,16.09000015258789,326.588,3.64,4.24,3.6,2.46,1.61,101.1235,12.6
2026-01-26,6950.22998046875,16.149999618530273,326.588,3.64,4.22,3.56,2.45,1.61,101.1235,12.6
2026-01-27,6978.60009765625,16.350000381469727,326.588,3.64,4.24,3.53,2.47,1.61,101.1235,12.6
2026-01-28,6978.02978515625,16.350000381469727,326.588,3.64,4.26,3.56,2.5,1.62,101.1235,12.6
2026-01-29,6969.009765625,16.8799991607666,326.588,3.64,4.24,3.53,2.52,1.63,101.1235,12.6
2026-01-30,6939.02978515625,17.440000534057617,326.588,3.64,4.26,3.52,2.53,1.62,101.1235,12.6
2026-02-02,6976.43994140625,16.34000015258789,327.46,3.64,4.29,3.57,2.52,1.61,101.9493,16.3
2026-02-03,6917.81005859375,18.0,327.46,3.64,4.28,3.57,2.53,1.63,101.9493,16.3
2026-02-04,6882.72021484375,18.639999389648438,327.46,3.64,4.29,3.57,2.51,1.64,101.9493,16.3
2026-02-05,6798.39990234375,21.770000457763672,327.46,3.64,4.21,3.47,2.48,1.67,101.9493,16.3
2026-02-06,6932.2998046875,20.3700008392334,327.46,3.64,4.22,3.5,2.5,1.65,101.9493,16.3
2026-02-09,6964.81982421875,17.360000610351562,327.46,3.64,4.22,3.48,2.5,1.64,101.9493,16.3
2026-02-10,6941.81005859375,17.790000915527344,327.46,3.64,4.16,3.45,2.47,1.66,101.9493,16.3
2026-02-11,6941.47021484375,17.649999618530273,327.46,3.64,4.18,3.52,2.49,1.67,101.9493,16.3
2026-02-12,6832.759765625,20.81999969482422,327.46,3.64,4.09,3.47,2.45,1.68,101.9493,16.3
2026-02-13,6836.169921875,20.600000381469727,327.46,3.64,4.04,3.4,2.42,1.72,101.9493,16.3
2026-02-17,6843.22021484375,20.290000915527344,327.46,3.64,4.05,3.43,2.39,1.7,101.9493,16.3
2026-02-18,6881.31005859375,19.6200008392334,327.46,3.64,4.09,3.47,2.43,1.67,101.9493,16.3
2026-02-19,6861.89013671875,20.229999542236328,327.46,3.64,4.08,3.47,2.43,1.68,101.9493,16.3
2026-02-20,6909.509765625,19.09000015258789,327.46,3.64,4.08,3.48,2.43,1.69,101.9493,16.3
2026-02-23,6837.75,21.010000228881836,327.46,3.64,4.03,3.43,2.4,1.73,101.9493,16.3
2026-02-24,6890.06982421875,19.549999237060547,327.46,3.64,4.04,3.43,2.4,1.73,101.9493,16.3
2026-02-25,6946.1298828125,17.93000030517578,327.46,3.64,4.05,3.45,2.42,1.73,101.9493,16.3
2026-02-26,6908.85986328125,18.6299991607666,327.46,3.64,4.02,3.42,2.43,1.75,101.9493,16.3
2026-02-27,6878.8798828125,19.860000610351562,327.46,3.64,3.97,3.38,2.4,1.8,101.9493,16.3
2026-03-02,6881.6201171875,21.440000534057617,330.293,3.64,4.05,3.47,2.46,1.78,101.6273,18.1
2026-03-03,6816.6298828125,23.56999969482422,330.293,3.64,4.06,3.51,2.46,1.78,101.6273,18.1
2026-03-04,6869.5,21.149999618530273,330.293,3.64,4.09,3.54,2.46,1.74,101.6273,18.1
2026-03-05,6830.7099609375,23.75,330.293,3.64,4.13,3.57,2.51,1.76,101.6273,18.1
2026-03-06,6740.02001953125,29.489999771118164,330.293,3.64,4.15,3.56,2.56,1.75,101.6273,18.1
2026-03-09,6795.990234375,25.5,330.293,3.64,4.12,3.56,2.56,1.78,101.6273,18.1
2026-03-10,6781.47998046875,24.93000030517578,330.293,3.64,4.15,3.57,2.53,1.77,101.6273,18.1
2026-03-11,6775.7998046875,24.229999542236328,330.293,3.64,4.21,3.64,2.58,1.84,101.6273,18.1
2026-03-12,6672.6201171875,27.290000915527344,330.293,3.64,4.27,3.76,2.63,1.84,101.6273,18.1
2026-03-13,6632.18994140625,27.190000534057617,330.293,3.64,4.28,3.73,2.61,1.83,101.6273,18.1
2026-03-16,6699.3798828125,23.510000228881836,330.293,3.64,4.23,3.68,2.58,1.85,101.6273,18.1
2026-03-17,6716.08984375,22.3700008392334,330.293,3.64,4.2,3.68,2.62,1.85,101.6273,18.1
2026-03-18,6624.7001953125,25.09000015258789,330.293,3.64,4.26,3.76,2.66,1.81,101.6273,18.1
2026-03-19,6606.490234375,24.059999465942383,330.293,3.64,4.25,3.79,2.61,1.81,101.6273,18.1
2026-03-20,6506.47998046875,26.780000686645508,330.293,3.64,4.39,3.88,2.63,1.79,101.6273,18.1
2026-03-23,6581.0,26.149999618530273,330.293,3.64,4.34,3.83,2.53,1.79,101.6273,18.1
2026-03-24,6556.3701171875,26.950000762939453,330.293,3.64,4.39,3.9,2.55,1.75,101.6273,18.1
2026-03-25,6591.89990234375,25.329999923706055,330.293,3.64,4.33,3.84,2.51,1.76,101.6273,18.1
2026-03-26,6477.16015625,27.440000534057617,330.293,3.64,4.42,3.96,2.56,1.73,101.6273,18.1
2026-03-27,6368.85009765625,31.049999237060547,330.293,3.64,4.44,3.88,2.56,1.78,101.6273,18.1
2026-03-30,6343.72021484375,30.610000610351562,330.293,3.64,4.35,3.82,2.57,1.79,101.6273,18.1
2026-03-31,6528.52001953125,25.25,330.293,3.64,4.3,3.79,2.54,1.79,101.6273,18.1
2026-04-01,6575.31982421875,24.540000915527344,332.407,3.64,4.33,3.81,2.55,1.75,102.509,26.7
2026-04-02,6582.68994140625,23.8700008392334,332.407,3.64,4.31,3.79,2.57,1.74,102.509,26.7
2026-04-06,6611.830078125,24.170000076293945,332.407,3.64,4.34,3.84,2.6,1.7,102.509,26.7
2026-04-07,6616.85009765625,25.780000686645508,332.407,3.64,4.33,3.81,2.61,1.75,102.509,26.7
2026-04-08,6782.81005859375,21.040000915527344,332.407,3.64,4.29,3.79,2.56,1.73,102.509,26.7
2026-04-09,6824.66015625,19.489999771118164,332.407,3.64,4.29,3.78,2.56,1.73,102.509,26.7
2026-04-10,6816.89013671875,19.229999542236328,332.407,3.64,4.31,3.81,2.58,1.72,102.509,26.7
2026-04-13,6886.240234375,19.1200008392334,332.407,3.64,4.3,3.78,2.61,1.72,102.509,26.7
2026-04-14,6967.3798828125,18.360000610351562,332.407,3.64,4.26,3.76,2.59,1.7,102.509,26.7
2026-04-15,7022.9501953125,18.170000076293945,332.407,3.64,4.29,3.76,2.61,1.69,102.509,26.7
2026-04-16,7041.27978515625,17.940000534057617,332.407,3.64,4.32,3.78,2.6,1.71,102.509,26.7
2026-04-17,7126.06005859375,17.479999542236328,332.407,3.64,4.26,3.71,2.56,1.72,102.509,26.7
2026-04-20,7109.14013671875,18.8700008392334,332.407,3.64,4.26,3.72,2.57,1.72,102.509,26.7
2026-04-21,7064.009765625,19.5,332.407,3.64,4.3,3.78,2.6,1.7,102.509,26.7
2026-04-22,7137.89990234375,18.920000076293945,332.407,3.64,4.3,3.79,2.61,1.69,102.509,26.7
2026-04-23,7108.39990234375,19.309999465942383,332.407,3.64,4.34,3.83,2.58,1.68,102.509,26.7
2026-04-24,7165.080078125,18.709999084472656,332.407,3.64,4.31,3.78,2.61,1.7,102.509,26.7
2026-04-27,7173.91015625,18.020000457763672,332.407,3.64,4.35,3.78,2.62,1.7,102.509,26.7
2026-04-28,7138.7998046875,17.829999923706055,332.407,3.64,4.36,3.84,2.63,1.7,102.509,26.7
2026-04-29,7135.9501953125,18.809999465942383,332.407,3.64,4.42,3.92,2.67,1.69,102.509,26.7
2026-04-30,7209.009765625,16.889999389648438,332.407,3.64,4.4,3.88,2.67,1.7,102.509,26.7
2026-05-01,7230.1201171875,16.989999771118164,333.979,3.63,4.39,3.88,2.69,1.69,102.6475,-0.4
2026-05-04,7200.75,18.290000915527344,333.979,3.63,4.45,3.95,2.72,1.69,102.6475,-0.4
2026-05-05,7259.22021484375,17.3799991607666,333.979,3.63,4.43,3.93,2.67,1.65,102.6475,-0.4
2026-05-06,7365.1201171875,17.389999389648438,333.979,3.63,4.36,3.87,2.58,1.66,102.6475,-0.4
2026-05-07,7337.10986328125,17.079999923706055,333.979,3.63,4.41,3.92,2.61,1.65,102.6475,-0.4
2026-05-08,7398.93017578125,17.190000534057617,333.979,3.63,4.38,3.9,2.62,1.65,102.6475,-0.4
2026-05-11,7412.83984375,18.3799991607666,333.979,3.63,4.42,3.95,2.67,1.65,102.6475,-0.4
2026-05-12,7400.9599609375,17.989999771118164,333.979,3.63,4.46,4.0,2.69,1.66,102.6475,-0.4
2026-05-13,7444.25,17.8700008392334,333.979,3.63,4.46,3.98,2.7,1.66,102.6475,-0.4
2026-05-14,7501.240234375,17.260000228881836,333.979,3.63,4.47,4.0,2.67,1.62,102.6475,-0.4
2026-05-15,7408.5,18.43000030517578,333.979,3.63,4.59,4.09,2.7,1.62,102.6475,-0.4
2026-05-18,7403.0498046875,17.81999969482422,333.979,3.63,4.61,4.07,2.69,1.59,102.6475,-0.4
2026-05-19,7353.60986328125,18.059999465942383,333.979,3.63,4.67,4.13,2.66,1.57,102.6475,-0.4
2026-05-20,7432.97021484375,17.440000534057617,333.979,3.63,4.57,4.04,2.59,1.59,102.6475,-0.4
2026-05-21,7445.72021484375,16.760000228881836,333.979,3.63,4.57,4.08,2.57,1.59,102.6475,-0.4
2026-05-22,7473.47021484375,16.700000762939453,333.979,3.63,4.56,4.13,2.54,1.57,102.6475,-0.4
2026-05-25,,16.59000015258789,333.979,3.63,4.56,4.13,2.54,1.57,102.6475,-0.4
2026-05-26,7519.1201171875,17.010000228881836,333.979,3.63,4.5,4.01,2.53,1.56,102.6475,-0.4
2026-05-27,7520.35986328125,16.290000915527344,333.979,3.63,4.48,4.0,2.53,1.57,102.6475,-0.4
2026-05-28,7563.6298828125,15.739999771118164,333.979,3.63,4.45,3.99,2.54,1.57,102.6475,-0.4
2026-05-29,7580.06005859375,15.319999694824219,333.979,3.63,4.45,3.98,2.52,1.57,102.6475,-0.4
2026-06-01,7599.9599609375,16.049999237060547,333.979,3.63,4.47,4.05,2.54,1.54,102.6475,10.3
2026-06-02,7609.77978515625,15.770000457763672,333.979,3.63,4.46,4.05,2.52,1.54,102.6475,10.3
2026-06-03,7553.68017578125,16.059999465942383,333.979,3.63,4.49,4.08,2.53,1.54,102.6475,10.3
2026-06-04,7584.31005859375,15.399999618530273,333.979,3.63,4.47,4.05,2.48,1.54,102.6475,10.3
2026-06-05,7383.740234375,21.510000228881836,333.979,3.63,4.55,4.17,2.48,1.51,102.6475,10.3
2026-06-08,7405.72998046875,18.920000076293945,333.979,3.63,4.56,4.15,2.47,1.52,102.6475,10.3
2026-06-09,7386.64990234375,19.8700008392334,333.979,3.63,4.53,4.13,2.44,1.53,102.6475,10.3
2026-06-10,7266.990234375,22.219999313354492,333.979,3.63,4.55,4.13,2.44,1.53,102.6475,10.3
2026-06-11,7394.2998046875,19.440000534057617,333.979,3.63,4.45,4.05,2.4,1.55,102.6475,10.3
2026-06-12,7431.4599609375,17.68000030517578,333.979,3.63,4.48,4.09,2.39,1.53,102.6475,10.3
2026-06-15,7554.2900390625,16.200000762939453,333.979,3.63,4.47,4.07,2.4,1.53,102.6475,10.3
2026-06-16,7511.35009765625,16.40999984741211,333.979,3.63,4.43,4.05,2.36,1.55,102.6475,10.3
2026-06-17,7420.10009765625,18.440000534057617,333.979,3.63,4.49,4.2,2.31,1.5,102.6475,10.3
2026-06-18,7500.580078125,16.399999618530273,333.979,3.63,4.46,4.19,2.27,1.51,102.6475,10.3
2026-06-22,7472.7900390625,17.280000686645508,333.979,3.63,4.51,4.24,2.28,1.51,102.6475,10.3
2026-06-23,7365.4599609375,19.489999771118164,333.979,3.63,4.5,4.16,2.24,1.51,102.6475,10.3
2026-06-24,7358.22021484375,18.6299991607666,333.979,3.63,4.41,4.11,2.19,1.52,102.6475,10.3
2026-06-25,7357.490234375,18.889999389648438,333.979,3.63,4.4,4.09,2.23,1.54,102.6475,10.3
2026-06-26,7354.02001953125,18.40999984741211,333.979,3.63,4.38,4.07,2.21,1.56,102.6475,10.3
2026-06-29,7440.43017578125,17.649999618530273,333.979,3.63,4.38,4.07,2.24,1.56,102.6475,10.3
