date,state_id,regime,confidence
2003-01-02,3,High-Volatility,1.0
2003-01-03,3,High-Volatility,0.9999879481764317
2003-01-06,3,High-Volatility,0.9999843271316811
2003-01-07,3,High-Volatility,0.9999455066977773
2003-01-08,3,High-Volatility,0.9998640494466708
2003-01-09,3,High-Volatility,0.9997555693037293
2003-01-10,3,High-Volatility,0.9992731152184515
2003-01-13,3,High-Volatility,0.9986677474474852
2003-01-14,3,High-Volatility,0.9981281336219235
2003-01-15,3,High-Volatility,0.9976863001393214
2003-01-16,3,High-Volatility,0.9975839032150747
2003-01-17,3,High-Volatility,0.9977844223516261
2003-01-21,3,High-Volatility,0.9984057385522672
2003-01-22,3,High-Volatility,0.9991733753739388
2003-01-23,3,High-Volatility,0.9995945339303918
2003-01-24,3,High-Volatility,0.9999603849999231
2003-01-27,3,High-Volatility,0.999998178625741
2003-01-28,3,High-Volatility,0.9999954664920542
2003-01-29,3,High-Volatility,0.9999932125695767
2003-01-30,3,High-Volatility,0.9999929668148927
2003-01-31,3,High-Volatility,0.9999961884823158
2003-02-03,3,High-Volatility,0.9999987492891341
2003-02-04,3,High-Volatility,0.9999988214920118
2003-02-05,3,High-Volatility,0.999998723208497
2003-02-06,3,High-Volatility,0.9999988521019298
2003-02-07,3,High-Volatility,0.9999990618457413
2003-02-10,3,High-Volatility,0.9999987498239163
2003-02-11,3,High-Volatility,0.9999987220698111
2003-02-12,3,High-Volatility,0.9999990339642982
2003-02-13,3,High-Volatility,0.9999984153049633
2003-02-14,3,High-Volatility,0.9999982222595803
2003-02-18,3,High-Volatility,0.9999987954877703
2003-02-19,3,High-Volatility,0.9999984411345721
2003-02-20,3,High-Volatility,0.9999980498815518
2003-02-21,3,High-Volatility,0.9999983529246415
2003-02-24,3,High-Volatility,0.9999978974432727
2003-02-25,3,High-Volatility,0.9999992647029078
2003-02-26,3,High-Volatility,0.9999985440128197
2003-02-27,3,High-Volatility,0.9999991819280403
2003-02-28,3,High-Volatility,0.9999986345947263
2003-03-03,3,High-Volatility,0.9999986910960996
2003-03-04,3,High-Volatility,0.9999993378989902
2003-03-05,3,High-Volatility,0.9999992624837424
2003-03-06,3,High-Volatility,0.9999991828884659
2003-03-07,3,High-Volatility,0.999999189058473
2003-03-10,3,High-Volatility,0.9999997315826836
2003-03-11,3,High-Volatility,0.9999999030114897
2003-03-12,3,High-Volatility,0.9999998882158314
2003-03-13,3,High-Volatility,0.9999999624888012
2003-03-14,3,High-Volatility,0.9999998948478661
2003-03-17,3,High-Volatility,0.99999997224586
2003-03-18,3,High-Volatility,0.9999999459105325
2003-03-19,3,High-Volatility,0.9999998971143267
2003-03-20,3,High-Volatility,0.9999998092753413
2003-03-21,3,High-Volatility,0.9999998734674671
2003-03-24,3,High-Volatility,0.9999998547682586
2003-03-25,3,High-Volatility,0.9999999804203983
2003-03-26,3,High-Volatility,0.999999938529074
2003-03-27,3,High-Volatility,0.9999999040337616
2003-03-28,3,High-Volatility,0.9999998180683344
2003-03-31,3,High-Volatility,0.9999995143117573
2003-04-01,3,High-Volatility,0.9999998740750095
2003-04-02,3,High-Volatility,0.9999999336650967
2003-04-03,3,High-Volatility,0.999999723666444
2003-04-04,3,High-Volatility,0.9999997016930583
2003-04-07,3,High-Volatility,0.99999972759546
2003-04-08,3,High-Volatility,0.9999996563274771
2003-04-09,3,High-Volatility,0.9999991449625686
2003-04-10,3,High-Volatility,0.9999996218612783
2003-04-11,3,High-Volatility,0.9999992656633335
2003-04-14,3,High-Volatility,0.9999999102110491
2003-04-15,3,High-Volatility,0.9999994381870906
2003-04-16,3,High-Volatility,0.999998060016941
2003-04-17,3,High-Volatility,0.9999997946506693
2003-04-21,3,High-Volatility,0.9999978033435152
2003-04-22,3,High-Volatility,0.9999998130843043
2003-04-23,3,High-Volatility,0.9999990136680342
2003-04-24,3,High-Volatility,0.9999940105187506
2003-04-25,3,High-Volatility,0.9999902612327252
2003-04-28,3,High-Volatility,0.9999989527865208
2003-04-29,3,High-Volatility,0.9999980125341349
2003-04-30,3,High-Volatility,0.999977801405213
2003-05-01,3,High-Volatility,0.9998256663186554
2003-05-02,3,High-Volatility,0.9995935494747692
2003-05-05,3,High-Volatility,0.996126309820421
2003-05-06,3,High-Volatility,0.9816491370109817
2003-05-07,3,High-Volatility,0.9140065851294583
2003-05-08,3,High-Volatility,0.8416316234123064
2003-05-09,3,High-Volatility,0.7477495885270637
2003-05-12,3,High-Volatility,0.5042197362823567
2003-05-13,1,Risk-Off,0.8134300981782548
2003-05-14,1,Risk-Off,0.9393332692492651
2003-05-15,1,Risk-Off,0.9774427224006318
2003-05-16,1,Risk-Off,0.9950406638922823
2003-05-19,1,Risk-Off,0.9985858011409282
2003-05-20,1,Risk-Off,0.9993096534366284
2003-05-21,1,Risk-Off,0.999672217821454
2003-05-22,1,Risk-Off,0.9998660057858113
2003-05-23,1,Risk-Off,0.9999478858236459
2003-05-27,1,Risk-Off,0.9999689630472736
2003-05-28,1,Risk-Off,0.999980946569469
2003-05-29,1,Risk-Off,0.9999838648101352
2003-05-30,1,Risk-Off,0.9999825692966933
2003-06-02,1,Risk-Off,0.9999895566833933
2003-06-03,1,Risk-Off,0.9999914145960449
2003-06-04,1,Risk-Off,0.999992778798212
2003-06-05,1,Risk-Off,0.9999935836773448
2003-06-06,1,Risk-Off,0.9999937623846471
2003-06-09,1,Risk-Off,0.9999946109491847
2003-06-10,1,Risk-Off,0.9999953006264521
2003-06-11,1,Risk-Off,0.9999957829693599
2003-06-12,1,Risk-Off,0.9999963833026332
2003-06-13,1,Risk-Off,0.9999961102842624
2003-06-16,1,Risk-Off,0.9999942216730742
2003-06-17,1,Risk-Off,0.9999962220680086
2003-06-18,1,Risk-Off,0.9999975453168304
2003-06-19,1,Risk-Off,0.9999978072070402
2003-06-20,1,Risk-Off,0.9999971636283798
2003-06-23,1,Risk-Off,0.9999958459425095
2003-06-24,1,Risk-Off,0.9999962029395886
2003-06-25,1,Risk-Off,0.9999965030681076
2003-06-26,1,Risk-Off,0.9999958577622536
2003-06-27,1,Risk-Off,0.9999979196203452
2003-06-30,1,Risk-Off,0.999997543428724
2003-07-01,1,Risk-Off,0.9999979888982339
2003-07-02,1,Risk-Off,0.9999977722752449
2003-07-03,1,Risk-Off,0.9999985393271099
2003-07-07,1,Risk-Off,0.9999969556784846
2003-07-08,1,Risk-Off,0.9999971666551695
2003-07-09,1,Risk-Off,0.9999982730638654
2003-07-10,1,Risk-Off,0.9999987256968713
2003-07-11,1,Risk-Off,0.9999973793744862
2003-07-14,1,Risk-Off,0.9999979803017073
2003-07-15,1,Risk-Off,0.9999986694501543
2003-07-16,1,Risk-Off,0.9999988355818872
2003-07-17,1,Risk-Off,0.9999989840549164
2003-07-18,1,Risk-Off,0.9999972896476161
2003-07-21,1,Risk-Off,0.9999987435302209
2003-07-22,1,Risk-Off,0.9999956173947424
2003-07-23,1,Risk-Off,0.9999971233597074
2003-07-24,1,Risk-Off,0.9999976759490613
2003-07-25,1,Risk-Off,0.9999961268297258
2003-07-28,1,Risk-Off,0.99999847154439
2003-07-29,1,Risk-Off,0.9999986188714035
2003-07-30,1,Risk-Off,0.9999984615945333
2003-07-31,1,Risk-Off,0.9999988809001374
2003-08-01,1,Risk-Off,0.999999350420905
2003-08-04,1,Risk-Off,0.9999992896448725
2003-08-05,1,Risk-Off,0.9999989914836617
2003-08-06,1,Risk-Off,0.9999990809087325
2003-08-07,1,Risk-Off,0.9999992165433809
2003-08-08,1,Risk-Off,0.9999993115382136
2003-08-11,1,Risk-Off,0.9999992962769031
2003-08-12,1,Risk-Off,0.9999992315609457
2003-08-13,1,Risk-Off,0.9999994394276407
2003-08-14,1,Risk-Off,0.9999993405256092
2003-08-15,1,Risk-Off,0.9999994573774182
2003-08-18,1,Risk-Off,0.9999994554856703
2003-08-19,1,Risk-Off,0.9999995461258671
2003-08-20,1,Risk-Off,0.9999995746803502
2003-08-21,1,Risk-Off,0.9999995424915279
2003-08-22,1,Risk-Off,0.9999996402839962
2003-08-25,1,Risk-Off,0.999999578387449
2003-08-26,1,Risk-Off,0.9999995698418404
2003-08-27,1,Risk-Off,0.9999995793005813
2003-08-28,1,Risk-Off,0.9999994556930349
2003-08-29,1,Risk-Off,0.9999993066305836
2003-09-02,1,Risk-Off,0.9999981605632093
2003-09-03,1,Risk-Off,0.9999986638513123
2003-09-04,1,Risk-Off,0.9999991416229068
2003-09-05,1,Risk-Off,0.9999995238614471
2003-09-08,1,Risk-Off,0.999999022239104
2003-09-09,1,Risk-Off,0.9999996170082165
2003-09-10,1,Risk-Off,0.999999614014161
2003-09-11,1,Risk-Off,0.999999570700403
2003-09-12,1,Risk-Off,0.9999996153274708
2003-09-15,1,Risk-Off,0.9999996273146066
2003-09-16,1,Risk-Off,0.999999547093569
2003-09-17,1,Risk-Off,0.9999996416809795
2003-09-18,1,Risk-Off,0.9999995853614514
2003-09-19,1,Risk-Off,0.9999996467123025
2003-09-22,1,Risk-Off,0.9999995220642864
2003-09-23,1,Risk-Off,0.9999995457256895
2003-09-24,1,Risk-Off,0.9999991942353126
2003-09-25,1,Risk-Off,0.9999984315885306
2003-09-26,1,Risk-Off,0.9999982293281606
2003-09-29,1,Risk-Off,0.9999985618061483
2003-09-30,1,Risk-Off,0.9999963875408632
2003-10-01,1,Risk-Off,0.999999108164445
2003-10-02,1,Risk-Off,0.9999990172950955
2003-10-03,1,Risk-Off,0.9999993998682821
2003-10-06,1,Risk-Off,0.9999994180981832
2003-10-07,1,Risk-Off,0.9999995055078529
2003-10-08,1,Risk-Off,0.9999995414547044
2003-10-09,1,Risk-Off,0.9999995433537284
2003-10-10,1,Risk-Off,0.9999995661311036
2003-10-13,1,Risk-Off,0.9999994888059006
2003-10-14,1,Risk-Off,0.9999995666877142
2003-10-15,1,Risk-Off,0.9999995976869186
2003-10-16,1,Risk-Off,0.9999995594044837
2003-10-17,1,Risk-Off,0.9999996471925156
2003-10-20,1,Risk-Off,0.9999992954438066
2003-10-21,1,Risk-Off,0.9999994653118458
2003-10-22,1,Risk-Off,0.9999996234947301
2003-10-23,1,Risk-Off,0.9999991933039908
2003-10-24,1,Risk-Off,0.999999322088345
2003-10-27,1,Risk-Off,0.9999991099361392
2003-10-28,1,Risk-Off,0.9999972378538535
2003-10-29,1,Risk-Off,0.9999989436188239
2003-10-30,1,Risk-Off,0.9999990716209812
2003-10-31,1,Risk-Off,0.9999992019514594
2003-11-03,1,Risk-Off,0.9999990536421067
2003-11-04,1,Risk-Off,0.9999995559447674
2003-11-05,1,Risk-Off,0.9999995075123782
2003-11-06,1,Risk-Off,0.9999994089559477
2003-11-07,1,Risk-Off,0.9999996030311074
2003-11-10,1,Risk-Off,0.999999677780631
2003-11-11,1,Risk-Off,0.999999647276189
2003-11-12,1,Risk-Off,0.9999995226718286
2003-11-13,1,Risk-Off,0.9999997038976728
2003-11-14,1,Risk-Off,0.9999997359773609
2003-11-17,1,Risk-Off,0.9999996896331622
2003-11-18,1,Risk-Off,0.9999996662591559
2003-11-19,1,Risk-Off,0.9999996824445183
2003-11-20,1,Risk-Off,0.9999996840197627
2003-11-21,1,Risk-Off,0.9999997031773532
2003-11-24,1,Risk-Off,0.999999612413451
2003-11-25,1,Risk-Off,0.9999996997358263
2003-11-26,1,Risk-Off,0.9999996939587177
2003-11-28,1,Risk-Off,0.9999997177911099
2003-12-01,1,Risk-Off,0.999999630621528
2003-12-02,1,Risk-Off,0.9999997075538404
2003-12-03,1,Risk-Off,0.9999997009691007
2003-12-04,1,Risk-Off,0.9999996686238414
2003-12-05,1,Risk-Off,0.9999997184641357
2003-12-08,1,Risk-Off,0.9999996852821409
2003-12-09,1,Risk-Off,0.9999996879778823
2003-12-10,1,Risk-Off,0.9999996753832038
2003-12-11,1,Risk-Off,0.9999996668303184
2003-12-12,1,Risk-Off,0.9999996953557011
2003-12-15,1,Risk-Off,0.9999997091181708
2003-12-16,1,Risk-Off,0.9999996037696167
2003-12-17,1,Risk-Off,0.9999996314473489
2003-12-18,1,Risk-Off,0.9999995750732517
2003-12-19,1,Risk-Off,0.9999996553343092
2003-12-22,1,Risk-Off,0.9999996842489552
2003-12-23,1,Risk-Off,0.9999997089908416
2003-12-24,1,Risk-Off,0.9999997564591764
2003-12-26,1,Risk-Off,0.9999997641571376
2003-12-29,1,Risk-Off,0.9999997501145429
2003-12-30,1,Risk-Off,0.9999997539198678
2003-12-31,1,Risk-Off,0.9999997417435558
2004-01-02,1,Risk-Off,0.9999997173836563
2004-01-05,1,Risk-Off,0.9999997332416015
2004-01-06,1,Risk-Off,0.999999744512057
2004-01-07,1,Risk-Off,0.9999997277882728
2004-01-08,1,Risk-Off,0.9999996435108822
2004-01-09,1,Risk-Off,0.9999997427294478
2004-01-12,1,Risk-Off,0.999999745159617
2004-01-13,1,Risk-Off,0.9999997295963478
2004-01-14,1,Risk-Off,0.9999997517043393
2004-01-15,1,Risk-Off,0.9999997671693834
2004-01-16,1,Risk-Off,0.999999731695461
2004-01-20,1,Risk-Off,0.9999997535015004
2004-01-21,1,Risk-Off,0.9999997107116051
2004-01-22,1,Risk-Off,0.9999997529558037
2004-01-23,1,Risk-Off,0.9999997486375239
2004-01-26,1,Risk-Off,0.9999996134866543
2004-01-27,1,Risk-Off,0.9999997423838399
2004-01-28,1,Risk-Off,0.9999997543709771
2004-01-29,1,Risk-Off,0.9999996842162134
2004-01-30,1,Risk-Off,0.9999996755832925
2004-02-02,1,Risk-Off,0.9999995575382015
2004-02-03,1,Risk-Off,0.9999997488630785
2004-02-04,1,Risk-Off,0.9999997636441829
2004-02-05,1,Risk-Off,0.9999997451887208
2004-02-06,1,Risk-Off,0.9999997092491381
2004-02-09,1,Risk-Off,0.9999997404047799
2004-02-10,1,Risk-Off,0.9999996532206443
2004-02-11,1,Risk-Off,0.999999464798891
2004-02-12,1,Risk-Off,0.9999997273007838
2004-02-13,1,Risk-Off,0.999999770534513
2004-02-17,1,Risk-Off,0.9999997299710595
2004-02-18,1,Risk-Off,0.9999997740888176
2004-02-19,1,Risk-Off,0.9999997762606904
2004-02-20,1,Risk-Off,0.9999997610139247
2004-02-23,1,Risk-Off,0.9999997717750636
2004-02-24,1,Risk-Off,0.9999997731756851
2004-02-25,1,Risk-Off,0.999999748277364
2004-02-26,1,Risk-Off,0.9999997231935068
2004-02-27,1,Risk-Off,0.999999708761649
2004-03-01,1,Risk-Off,0.9999996277657157
2004-03-02,1,Risk-Off,0.999999727260766
2004-03-03,1,Risk-Off,0.9999996715851551
2004-03-04,1,Risk-Off,0.9999996764491311
2004-03-05,1,Risk-Off,0.9999997630038987
2004-03-08,1,Risk-Off,0.9999997484046933
2004-03-09,1,Risk-Off,0.9999997359409811
2004-03-10,1,Risk-Off,0.9999993718085688
2004-03-11,1,Risk-Off,0.9999986053053993
2004-03-12,1,Risk-Off,0.999999563668193
2004-03-15,1,Risk-Off,0.9999979426778072
2004-03-16,1,Risk-Off,0.9999988571769045
2004-03-17,1,Risk-Off,0.9999994348910837
2004-03-18,1,Risk-Off,0.9999992392770929
2004-03-19,1,Risk-Off,0.9999989593603417
2004-03-22,1,Risk-Off,0.9999973577431212
2004-03-23,1,Risk-Off,0.9999982512032887
2004-03-24,1,Risk-Off,0.9999986943229826
2004-03-25,1,Risk-Off,0.9999993997518669
2004-03-26,1,Risk-Off,0.999999301508313
2004-03-29,1,Risk-Off,0.9999995324761768
2004-03-30,1,Risk-Off,0.9999995292019974
2004-03-31,1,Risk-Off,0.9999991671105648
2004-04-01,1,Risk-Off,0.9999991848238691
2004-04-02,1,Risk-Off,0.9999994396313674
2004-04-05,1,Risk-Off,0.9999993143030756
2004-04-06,1,Risk-Off,0.9999994897808784
2004-04-07,1,Risk-Off,0.9999994971623337
2004-04-08,1,Risk-Off,0.9999991650842123
2004-04-12,1,Risk-Off,0.9999991441112822
2004-04-13,1,Risk-Off,0.9999993532803546
2004-04-14,1,Risk-Off,0.9999982808818684
2004-04-15,1,Risk-Off,0.9999989858920939
2004-04-16,1,Risk-Off,0.9999986337070607
2004-04-19,1,Risk-Off,0.9999989219037515
2004-04-20,1,Risk-Off,0.9999991604494312
2004-04-21,1,Risk-Off,0.9999972297375452
2004-04-22,1,Risk-Off,0.9999963677648821
2004-04-23,1,Risk-Off,0.999998569012974
2004-04-26,1,Risk-Off,0.9999991373482854
2004-04-27,1,Risk-Off,0.9999992782252651
2004-04-28,1,Risk-Off,0.9999995635736056
2004-04-29,1,Risk-Off,0.9999994766841614
2004-04-30,1,Risk-Off,0.9999993935745826
2004-05-03,1,Risk-Off,0.9999986358279994
2004-05-04,1,Risk-Off,0.9999987013770143
2004-05-05,1,Risk-Off,0.9999988090028453
2004-05-06,1,Risk-Off,0.999998916632326
2004-05-07,1,Risk-Off,0.9999984892394921
2004-05-10,1,Risk-Off,0.9999978464170906
2004-05-11,1,Risk-Off,0.9999975862403544
2004-05-12,1,Risk-Off,0.9999972342086089
2004-05-13,1,Risk-Off,0.9999967546698737
2004-05-14,1,Risk-Off,0.9999975388703478
2004-05-17,1,Risk-Off,0.9999964241715402
2004-05-18,1,Risk-Off,0.9999968086172878
2004-05-19,1,Risk-Off,0.9999965449993056
2004-05-20,1,Risk-Off,0.9999968291426989
2004-05-21,1,Risk-Off,0.9999970215257027
2004-05-24,1,Risk-Off,0.9999969143184303
2004-05-25,1,Risk-Off,0.9999966664018842
2004-05-26,1,Risk-Off,0.999997299499236
2004-05-27,1,Risk-Off,0.9999974704656031
2004-05-28,1,Risk-Off,0.9999975516250702
2004-06-01,1,Risk-Off,0.9999959519091216
2004-06-02,1,Risk-Off,0.9999959652786397
2004-06-03,1,Risk-Off,0.9999961404393519
2004-06-04,1,Risk-Off,0.9999957054952929
2004-06-07,1,Risk-Off,0.9999947283061176
2004-06-08,1,Risk-Off,0.9999956819067399
2004-06-09,1,Risk-Off,0.9999965179764927
2004-06-10,1,Risk-Off,0.9999950621726423
2004-06-14,1,Risk-Off,0.9999951436957102
2004-06-15,1,Risk-Off,0.9999936331317126
2004-06-16,1,Risk-Off,0.9999928132205195
2004-06-17,1,Risk-Off,0.9999947436073758
2004-06-18,1,Risk-Off,0.9999946252827442
2004-06-21,1,Risk-Off,0.9999960653699518
2004-06-22,1,Risk-Off,0.9999955272096471
2004-06-23,1,Risk-Off,0.9999957797424863
2004-06-24,1,Risk-Off,0.9999975913189606
2004-06-25,1,Risk-Off,0.9999979667902814
2004-06-28,1,Risk-Off,0.9999975537823863
2004-06-29,1,Risk-Off,0.9999975662424334
2004-06-30,1,Risk-Off,0.999997713121843
2004-07-01,1,Risk-Off,0.9999973584306974
2004-07-02,1,Risk-Off,0.9999973040648872
2004-07-06,1,Risk-Off,0.9999968818568461
2004-07-07,1,Risk-Off,0.9999966888808806
2004-07-08,1,Risk-Off,0.999996387664554
2004-07-09,1,Risk-Off,0.9999968001772039
2004-07-12,1,Risk-Off,0.9999973237972312
2004-07-13,1,Risk-Off,0.9999974164781356
2004-07-14,1,Risk-Off,0.9999975898419448
2004-07-15,1,Risk-Off,0.9999973176490634
2004-07-16,1,Risk-Off,0.999997543807073
2004-07-19,1,Risk-Off,0.9999973363409486
2004-07-20,1,Risk-Off,0.9999971185976068
2004-07-21,1,Risk-Off,0.9999961926223199
2004-07-22,1,Risk-Off,0.9999961246578608
2004-07-23,1,Risk-Off,0.9999954598273073
2004-07-26,1,Risk-Off,0.9999953764415771
2004-07-27,1,Risk-Off,0.9999954202535543
2004-07-28,1,Risk-Off,0.9999959911227372
2004-07-29,1,Risk-Off,0.9999961676003972
2004-07-30,1,Risk-Off,0.9999958518178209
2004-08-02,1,Risk-Off,0.9999872648997205
2004-08-03,1,Risk-Off,0.9999928731303257
2004-08-04,1,Risk-Off,0.9999933965518472
2004-08-05,1,Risk-Off,0.9999897045256809
2004-08-06,1,Risk-Off,0.9999763507762286
2004-08-09,1,Risk-Off,0.999967912141126
2004-08-10,1,Risk-Off,0.9999558401906181
2004-08-11,1,Risk-Off,0.9999258480229313
2004-08-12,1,Risk-Off,0.9998982142715619
2004-08-13,1,Risk-Off,0.9999117486822001
2004-08-16,1,Risk-Off,0.9999290335807284
2004-08-17,1,Risk-Off,0.9999487015254548
2004-08-18,1,Risk-Off,0.9999654184661799
2004-08-19,1,Risk-Off,0.9999693791355476
2004-08-20,1,Risk-Off,0.999978117480397
2004-08-23,1,Risk-Off,0.9999850345731163
2004-08-24,1,Risk-Off,0.9999885178626574
2004-08-25,1,Risk-Off,0.9999888485984818
2004-08-26,1,Risk-Off,0.9999910443949305
2004-08-27,1,Risk-Off,0.9999916380679135
2004-08-30,1,Risk-Off,0.9999898769131847
2004-08-31,1,Risk-Off,0.9999741730232121
2004-09-01,1,Risk-Off,0.9998936464496834
2004-09-02,1,Risk-Off,0.9997637170176941
2004-09-03,1,Risk-Off,0.9996887658963401
2004-09-07,1,Risk-Off,0.9996658862874023
2004-09-08,1,Risk-Off,0.9997771145633878
2004-09-09,1,Risk-Off,0.9998152911162228
2004-09-10,1,Risk-Off,0.9998360205610345
2004-09-13,1,Risk-Off,0.9998803435481463
2004-09-14,1,Risk-Off,0.9999340003876692
2004-09-15,1,Risk-Off,0.9999713141773007
2004-09-16,1,Risk-Off,0.9999787360762439
2004-09-17,1,Risk-Off,0.9999757708526342
2004-09-20,1,Risk-Off,0.999983728322658
2004-09-21,1,Risk-Off,0.999978513549475
2004-09-22,1,Risk-Off,0.9999799314731852
2004-09-23,1,Risk-Off,0.9999648090277661
2004-09-24,1,Risk-Off,0.9999550930485289
2004-09-27,1,Risk-Off,0.9999698384382407
2004-09-28,1,Risk-Off,0.999956202455529
2004-09-29,1,Risk-Off,0.9996148818195533
2004-09-30,1,Risk-Off,0.9850456555197625
2004-10-01,2,Risk-On,0.54694068368241
2004-10-04,2,Risk-On,0.7447705927514087
2004-10-05,2,Risk-On,0.9018556752601531
2004-10-06,2,Risk-On,0.9570072650082281
2004-10-07,2,Risk-On,0.9783119348841065
2004-10-08,2,Risk-On,0.9858533196337782
2004-10-11,2,Risk-On,0.9905587673880711
2004-10-12,2,Risk-On,0.993200300962388
2004-10-13,2,Risk-On,0.9950778927287587
2004-10-14,2,Risk-On,0.9965190540985374
2004-10-15,2,Risk-On,0.997982499820099
2004-10-18,2,Risk-On,0.998909195286375
2004-10-19,2,Risk-On,0.9995279499865513
2004-10-20,2,Risk-On,0.9998284199123303
2004-10-21,2,Risk-On,0.9999694090242668
2004-10-22,2,Risk-On,0.9999871665955138
2004-10-25,2,Risk-On,0.999983868553555
2004-10-26,2,Risk-On,0.9999717489870629
2004-10-27,2,Risk-On,0.9999638606114138
2004-10-28,2,Risk-On,0.9999636414675146
2004-10-29,2,Risk-On,0.999977024299561
2004-11-01,2,Risk-On,0.9999870168800666
2004-11-02,2,Risk-On,0.9999920401958952
2004-11-03,2,Risk-On,0.9999922203726536
2004-11-04,2,Risk-On,0.9999837977196149
2004-11-05,2,Risk-On,0.9999891507911431
2004-11-08,2,Risk-On,0.9999927648903195
2004-11-09,2,Risk-On,0.9999940129452679
2004-11-10,2,Risk-On,0.9999951836332484
2004-11-11,2,Risk-On,0.999992628896389
2004-11-12,2,Risk-On,0.9999950261641065
2004-11-15,2,Risk-On,0.999997274902928
2004-11-16,2,Risk-On,0.9999982517744503
2004-11-17,2,Risk-On,0.9999966037670138
2004-11-18,2,Risk-On,0.9999976033315378
2004-11-19,2,Risk-On,0.9999982788300519
2004-11-22,2,Risk-On,0.9999927454381878
2004-11-23,2,Risk-On,0.9999961754074699
2004-11-24,2,Risk-On,0.9999975914717553
2004-11-26,2,Risk-On,0.9999976296522517
2004-11-29,2,Risk-On,0.99999813598507
2004-11-30,2,Risk-On,0.9999983367065587
2004-12-01,2,Risk-On,0.9999989863686686
2004-12-02,2,Risk-On,0.999999697989597
2004-12-03,2,Risk-On,0.9999997586383251
2004-12-06,2,Risk-On,0.9999997900377132
2004-12-07,2,Risk-On,0.9999997863997351
2004-12-08,2,Risk-On,0.9999996031366086
2004-12-09,2,Risk-On,0.9999996516308481
2004-12-10,2,Risk-On,0.999999706789865
2004-12-13,2,Risk-On,0.9999996478619033
2004-12-14,2,Risk-On,0.9999997153318368
2004-12-15,2,Risk-On,0.9999997908198784
2004-12-16,2,Risk-On,0.9999998601488285
2004-12-17,2,Risk-On,0.999999881558331
2004-12-20,2,Risk-On,0.9999998462954072
2004-12-21,2,Risk-On,0.9999998313251268
2004-12-22,2,Risk-On,0.9999998582934595
2004-12-23,2,Risk-On,0.9999998893472427
2004-12-27,2,Risk-On,0.9999999055762645
2004-12-28,2,Risk-On,0.9999998248495257
2004-12-29,2,Risk-On,0.9999998537896424
2004-12-30,2,Risk-On,0.9999998796738582
2004-12-31,2,Risk-On,0.9999998824168939
2005-01-03,2,Risk-On,0.9999995469516878
2005-01-04,2,Risk-On,0.9999993276253449
2005-01-05,2,Risk-On,0.999998858399264
2005-01-06,2,Risk-On,0.999998792406406
2005-01-07,2,Risk-On,0.9999991116969194
2005-01-10,2,Risk-On,0.9999992262385868
2005-01-11,2,Risk-On,0.9999994772153061
2005-01-12,2,Risk-On,0.9999992032793207
2005-01-13,2,Risk-On,0.9999995168474273
2005-01-14,2,Risk-On,0.9999989966204825
2005-01-18,2,Risk-On,0.9999988525639526
2005-01-19,2,Risk-On,0.999999242896879
2005-01-20,2,Risk-On,0.9999987024793204
2005-01-21,2,Risk-On,0.9999984880862546
2005-01-24,2,Risk-On,0.9999986007179145
2005-01-25,2,Risk-On,0.9999985420119343
2005-01-26,2,Risk-On,0.999998921263468
2005-01-27,2,Risk-On,0.9999988491369806
2005-01-28,2,Risk-On,0.9999988315328215
2005-01-31,2,Risk-On,0.9999982083952679
2005-02-01,2,Risk-On,0.9999995368744912
2005-02-02,2,Risk-On,0.9999996568004141
2005-02-03,2,Risk-On,0.9999997570303389
2005-02-04,2,Risk-On,0.9999994687570098
2005-02-07,2,Risk-On,0.9999996962288158
2005-02-08,2,Risk-On,0.999999736955977
2005-02-09,2,Risk-On,0.9999998474122666
2005-02-10,2,Risk-On,0.9999997678678753
2005-02-11,2,Risk-On,0.9999997584382364
2005-02-14,2,Risk-On,0.9999998437924782
2005-02-15,2,Risk-On,0.9999998369057854
2005-02-16,2,Risk-On,0.9999998609528217
2005-02-17,2,Risk-On,0.9999998919302074
2005-02-18,2,Risk-On,0.99999980085706
2005-02-22,2,Risk-On,0.9999999046958737
2005-02-23,2,Risk-On,0.9999997080595193
2005-02-24,2,Risk-On,0.9999997034574775
2005-02-25,2,Risk-On,0.9999996930019295
2005-02-28,2,Risk-On,0.9999998032435735
2005-03-01,2,Risk-On,0.999999595682393
2005-03-02,2,Risk-On,0.9999997682753288
2005-03-03,2,Risk-On,0.9999997999184616
2005-03-04,2,Risk-On,0.9999997383420465
2005-03-07,2,Risk-On,0.9999998267812921
2005-03-08,2,Risk-On,0.9999998657949708
2005-03-09,2,Risk-On,0.9999998672501621
2005-03-10,2,Risk-On,0.9999997952291079
2005-03-11,2,Risk-On,0.999999849856988
2005-03-14,2,Risk-On,0.9999997640843782
2005-03-15,2,Risk-On,0.9999998195380776
2005-03-16,2,Risk-On,0.9999997795967163
2005-03-17,2,Risk-On,0.9999997026971401
2005-03-18,2,Risk-On,0.9999997574196026
2005-03-21,2,Risk-On,0.9999997387895178
2005-03-22,2,Risk-On,0.9999997759551003
2005-03-23,2,Risk-On,0.999999670624729
2005-03-24,2,Risk-On,0.9999997530176493
2005-03-28,2,Risk-On,0.9999997827181014
2005-03-29,2,Risk-On,0.9999997271225228
2005-03-30,2,Risk-On,0.9999995785838998
2005-03-31,2,Risk-On,0.9999993904459227
2005-04-01,2,Risk-On,0.9999998157509423
2005-04-04,2,Risk-On,0.9999998101120762
2005-04-05,2,Risk-On,0.9999998249914068
2005-04-06,2,Risk-On,0.9999998380808524
2005-04-07,2,Risk-On,0.9999998846578886
2005-04-08,2,Risk-On,0.9999998668608985
2005-04-11,2,Risk-On,0.9999998461025944
2005-04-12,2,Risk-On,0.9999998843231945
2005-04-13,2,Risk-On,0.9999997293307754
2005-04-14,2,Risk-On,0.9999989114045561
2005-04-15,2,Risk-On,0.9999824886877672
2005-04-18,2,Risk-On,0.9999938980949712
2005-04-19,2,Risk-On,0.9999977764334455
2005-04-20,2,Risk-On,0.9999877949138813
2005-04-21,2,Risk-On,0.999995548895542
2005-04-22,2,Risk-On,0.9999853867097049
2005-04-25,2,Risk-On,0.99999318727852
2005-04-26,2,Risk-On,0.9999934953950835
2005-04-27,2,Risk-On,0.9999882711414361
2005-04-28,2,Risk-On,0.9999001347888343
2005-04-29,2,Risk-On,0.9997516241495419
2005-05-02,2,Risk-On,0.998852990430633
2005-05-03,2,Risk-On,0.9981659381949767
2005-05-04,2,Risk-On,0.9974070451846339
2005-05-05,2,Risk-On,0.9966776630355431
2005-05-06,2,Risk-On,0.99652054457549
2005-05-09,2,Risk-On,0.9963278884271745
2005-05-10,2,Risk-On,0.9950166908597052
2005-05-11,2,Risk-On,0.9943594220725248
2005-05-12,2,Risk-On,0.9932101539635187
2005-05-13,2,Risk-On,0.9925918399414735
2005-05-16,2,Risk-On,0.9929604410796633
2005-05-17,2,Risk-On,0.9944573402556512
2005-05-18,2,Risk-On,0.9965773252395966
2005-05-19,2,Risk-On,0.9987802826754678
2005-05-20,2,Risk-On,0.9997174573031602
2005-05-23,2,Risk-On,0.9999309936738316
2005-05-24,2,Risk-On,0.9999768329826696
2005-05-25,2,Risk-On,0.9999834527175442
2005-05-26,2,Risk-On,0.9999843612663019
2005-05-27,2,Risk-On,0.9999914337534771
2005-05-31,2,Risk-On,0.9999901762430956
2005-06-01,2,Risk-On,0.9999775109809402
2005-06-02,2,Risk-On,0.9999836187885425
2005-06-03,2,Risk-On,0.999987719444935
2005-06-06,2,Risk-On,0.9999860259261862
2005-06-07,2,Risk-On,0.9999883827569609
2005-06-08,2,Risk-On,0.9999891051495572
2005-06-09,2,Risk-On,0.9999886954558455
2005-06-10,2,Risk-On,0.9999878565586817
2005-06-13,2,Risk-On,0.9999822148291938
2005-06-14,2,Risk-On,0.9999874926343194
2005-06-15,2,Risk-On,0.9999916476066142
2005-06-16,2,Risk-On,0.999994527952787
2005-06-17,2,Risk-On,0.999996041101091
2005-06-20,2,Risk-On,0.9999972557017284
2005-06-21,2,Risk-On,0.9999974414782616
2005-06-22,2,Risk-On,0.9999967596102328
2005-06-23,2,Risk-On,0.9999972111984567
2005-06-24,2,Risk-On,0.9999944104139799
2005-06-27,2,Risk-On,0.9999894924228088
2005-06-28,2,Risk-On,0.999984706694323
2005-06-29,2,Risk-On,0.9999899509853242
2005-06-30,2,Risk-On,0.9999876213189425
2005-07-01,2,Risk-On,0.9999974619600301
2005-07-05,2,Risk-On,0.9999974552698041
2005-07-06,2,Risk-On,0.9999974483067304
2005-07-07,2,Risk-On,0.9999962183209047
2005-07-08,2,Risk-On,0.9999959880632092
2005-07-11,2,Risk-On,0.9999967725541196
2005-07-12,2,Risk-On,0.9999979068947219
2005-07-13,2,Risk-On,0.999997939902035
2005-07-14,2,Risk-On,0.9999977611466926
2005-07-15,2,Risk-On,0.9999982027527728
2005-07-18,2,Risk-On,0.9999986630182163
2005-07-19,2,Risk-On,0.9999981211930759
2005-07-20,2,Risk-On,0.9999985595869845
2005-07-21,2,Risk-On,0.9999989937210163
2005-07-22,2,Risk-On,0.9999980677258032
2005-07-25,2,Risk-On,0.9999987492854961
2005-07-26,2,Risk-On,0.9999983576176263
2005-07-27,2,Risk-On,0.9999983129869766
2005-07-28,2,Risk-On,0.9999981651033986
2005-07-29,2,Risk-On,0.9999990270921629
2005-08-01,2,Risk-On,0.9999995641920617
2005-08-02,2,Risk-On,0.999999444237046
2005-08-03,2,Risk-On,0.9999995710678388
2005-08-04,2,Risk-On,0.9999996697043206
2005-08-05,2,Risk-On,0.9999996965816996
2005-08-08,2,Risk-On,0.9999996608131034
2005-08-09,2,Risk-On,0.9999995815561272
2005-08-10,2,Risk-On,0.9999996874394617
2005-08-11,2,Risk-On,0.9999996269653607
2005-08-12,2,Risk-On,0.9999996746265044
2005-08-15,2,Risk-On,0.9999996546867492
2005-08-16,2,Risk-On,0.999999590883901
2005-08-17,2,Risk-On,0.9999994444407727
2005-08-18,2,Risk-On,0.9999994466235588
2005-08-19,2,Risk-On,0.9999995359795488
2005-08-22,2,Risk-On,0.9999995541221408
2005-08-23,2,Risk-On,0.9999995948020025
2005-08-24,2,Risk-On,0.9999994521787494
2005-08-25,2,Risk-On,0.9999995320796373
2005-08-26,2,Risk-On,0.9999995749059047
2005-08-29,2,Risk-On,0.9999995423278188
2005-08-30,2,Risk-On,0.9999996451698
2005-08-31,2,Risk-On,0.9999994407664161
2005-09-01,2,Risk-On,0.9999978066758964
2005-09-02,2,Risk-On,0.9999975463645657
2005-09-06,2,Risk-On,0.9999971038092657
2005-09-07,2,Risk-On,0.9999972436418618
2005-09-08,2,Risk-On,0.9999974819179314
2005-09-09,2,Risk-On,0.9999979329171301
2005-09-12,2,Risk-On,0.9999983623651809
2005-09-13,2,Risk-On,0.999998124423595
2005-09-14,2,Risk-On,0.9999978246038169
2005-09-15,2,Risk-On,0.9999979326442823
2005-09-16,2,Risk-On,0.999997827721558
2005-09-19,2,Risk-On,0.9999981511590514
2005-09-20,2,Risk-On,0.9999978108340971
2005-09-21,2,Risk-On,0.9999953345177041
2005-09-22,2,Risk-On,0.999994466333041
2005-09-23,2,Risk-On,0.9999958603233801
2005-09-26,2,Risk-On,0.9999966107228058
2005-09-27,2,Risk-On,0.9999972469633274
2005-09-28,2,Risk-On,0.9999978604851244
2005-09-29,2,Risk-On,0.9999982171227634
2005-09-30,2,Risk-On,0.9999983892607146
2005-10-03,2,Risk-On,0.9999985655787269
2005-10-04,2,Risk-On,0.9999988851311021
2005-10-05,2,Risk-On,0.9999969350948633
2005-10-06,2,Risk-On,0.9999916799989075
2005-10-07,2,Risk-On,0.9999926141845112
2005-10-10,2,Risk-On,0.9999913339318367
2005-10-11,2,Risk-On,0.9999917697034466
2005-10-12,2,Risk-On,0.9999893493244263
2005-10-13,2,Risk-On,0.9999866533852856
2005-10-14,2,Risk-On,0.9999924178369886
2005-10-17,2,Risk-On,0.9999935854162876
2005-10-18,2,Risk-On,0.9999820265598808
2005-10-19,2,Risk-On,0.9998681007174803
2005-10-20,2,Risk-On,0.9993726101750611
2005-10-21,2,Risk-On,0.9985201972278317
2005-10-24,2,Risk-On,0.9977611217298312
2005-10-25,2,Risk-On,0.9971112307248682
2005-10-26,2,Risk-On,0.9964704422436436
2005-10-27,2,Risk-On,0.9958715941764267
2005-10-28,2,Risk-On,0.9959231258480475
2005-10-31,2,Risk-On,0.9965907619363736
2005-11-01,2,Risk-On,0.9988531703621876
2005-11-02,2,Risk-On,0.9997224532860177
2005-11-03,2,Risk-On,0.9999410780480641
2005-11-04,2,Risk-On,0.9999846378466294
2005-11-07,2,Risk-On,0.9999904958582729
2005-11-08,2,Risk-On,0.9999927099317728
2005-11-09,2,Risk-On,0.9999915725048097
2005-11-10,2,Risk-On,0.9999870799472503
2005-11-11,2,Risk-On,0.9999933516558481
2005-11-14,2,Risk-On,0.9999955068916265
2005-11-15,2,Risk-On,0.9999962052824379
2005-11-16,2,Risk-On,0.9999969389765748
2005-11-17,2,Risk-On,0.9999940843947465
2005-11-18,2,Risk-On,0.9999955424927278
2005-11-21,2,Risk-On,0.9999977755457806
2005-11-22,2,Risk-On,0.9999984482577235
2005-11-23,2,Risk-On,0.9999986078301532
2005-11-25,2,Risk-On,0.9999986586817514
2005-11-28,2,Risk-On,0.9999992280575749
2005-11-29,2,Risk-On,0.9999987161872069
2005-11-30,2,Risk-On,0.9999986185912795
2005-12-01,2,Risk-On,0.9999988263850875
2005-12-02,2,Risk-On,0.9999992111664524
2005-12-05,2,Risk-On,0.9999993350322648
2005-12-06,2,Risk-On,0.9999992697342288
2005-12-07,2,Risk-On,0.9999992649029965
2005-12-08,2,Risk-On,0.9999991653788883
2005-12-09,2,Risk-On,0.9999993381318207
2005-12-12,2,Risk-On,0.9999994847131766
2005-12-13,2,Risk-On,0.9999994344618024
2005-12-14,2,Risk-On,0.9999994872488465
2005-12-15,2,Risk-On,0.9999995665858508
2005-12-16,2,Risk-On,0.9999996330189552
2005-12-19,2,Risk-On,0.9999996237275608
2005-12-20,2,Risk-On,0.9999995866893131
2005-12-21,2,Risk-On,0.9999995460167277
2005-12-22,2,Risk-On,0.9999994702813222
2005-12-23,2,Risk-On,0.9999995650942801
2005-12-27,2,Risk-On,0.9999996256775167
2005-12-28,2,Risk-On,0.9999992550040635
2005-12-29,2,Risk-On,0.9999994210267544
2005-12-30,2,Risk-On,0.9999996298466388
2006-01-03,2,Risk-On,0.9999983423272266
2006-01-04,2,Risk-On,0.999998361546637
2006-01-05,2,Risk-On,0.999998624630316
2006-01-06,2,Risk-On,0.9999981534582498
2006-01-09,2,Risk-On,0.9999986029807342
2006-01-10,2,Risk-On,0.9999990161273056
2006-01-11,2,Risk-On,0.9999991009175977
2006-01-12,2,Risk-On,0.9999993075764574
2006-01-13,2,Risk-On,0.9999992273554456
2006-01-17,2,Risk-On,0.9999993411586171
2006-01-18,2,Risk-On,0.9999993518360779
2006-01-19,2,Risk-On,0.9999992493688385
2006-01-20,2,Risk-On,0.9999983830252289
2006-01-23,2,Risk-On,0.9999964259541434
2006-01-24,2,Risk-On,0.9999974663801632
2006-01-25,2,Risk-On,0.9999982195674808
2006-01-26,2,Risk-On,0.9999984995604224
2006-01-27,2,Risk-On,0.9999987578056319
2006-01-30,2,Risk-On,0.9999989323920332
2006-01-31,2,Risk-On,0.999999103107659
2006-02-01,2,Risk-On,0.9999996758488648
2006-02-02,2,Risk-On,0.9999996880433659
2006-02-03,2,Risk-On,0.9999996266706845
2006-02-06,2,Risk-On,0.99999962772206
2006-02-07,2,Risk-On,0.999999652449393
2006-02-08,2,Risk-On,0.999999461812112
2006-02-09,2,Risk-On,0.9999995769686378
2006-02-10,2,Risk-On,0.999999583185941
2006-02-13,2,Risk-On,0.9999996340230369
2006-02-14,2,Risk-On,0.9999993583371418
2006-02-15,2,Risk-On,0.999999449890462
2006-02-16,2,Risk-On,0.9999994477622455
2006-02-17,2,Risk-On,0.9999995306062566
2006-02-21,2,Risk-On,0.9999996109546221
2006-02-22,2,Risk-On,0.9999994494611807
2006-02-23,2,Risk-On,0.9999996939914595
2006-02-24,2,Risk-On,0.9999996323895851
2006-02-27,2,Risk-On,0.9999997053164841
2006-02-28,2,Risk-On,0.9999997868981382
2006-03-01,2,Risk-On,0.9999995244726272
2006-03-02,2,Risk-On,0.9999997391387636
2006-03-03,2,Risk-On,0.9999997451050474
2006-03-06,2,Risk-On,0.9999997820741793
2006-03-07,2,Risk-On,0.9999997441300693
2006-03-08,2,Risk-On,0.9999997075865822
2006-03-09,2,Risk-On,0.9999997738050552
2006-03-10,2,Risk-On,0.999999635299967
2006-03-13,2,Risk-On,0.9999997305167562
2006-03-14,2,Risk-On,0.999999541203684
2006-03-15,2,Risk-On,0.9999997536979511
2006-03-16,2,Risk-On,0.9999997842969839
2006-03-17,2,Risk-On,0.9999998209350611
2006-03-20,2,Risk-On,0.9999998311468659
2006-03-21,2,Risk-On,0.9999998317616842
2006-03-22,2,Risk-On,0.9999997977538646
2006-03-23,2,Risk-On,0.9999998364292102
2006-03-24,2,Risk-On,0.9999998415005519
2006-03-27,2,Risk-On,0.9999998455277938
2006-03-28,2,Risk-On,0.9999998582534417
2006-03-29,2,Risk-On,0.9999998233142989
2006-03-30,2,Risk-On,0.9999998488710958
2006-03-31,2,Risk-On,0.9999998440253088
2006-04-03,2,Risk-On,0.9999998182538713
2006-04-04,2,Risk-On,0.9999998076236992
2006-04-05,2,Risk-On,0.9999998299354191
2006-04-06,2,Risk-On,0.999999855532234
2006-04-07,2,Risk-On,0.9999998483617789
2006-04-10,2,Risk-On,0.9999998061321281
2006-04-11,2,Risk-On,0.9999997982486296
2006-04-12,2,Risk-On,0.9999997913655752
2006-04-13,2,Risk-On,0.9999998010935285
2006-04-17,2,Risk-On,0.9999998194871459
2006-04-18,2,Risk-On,0.999999677456851
2006-04-19,2,Risk-On,0.9999997430059341
2006-04-20,2,Risk-On,0.9999997777413474
2006-04-21,2,Risk-On,0.9999998011444602
2006-04-24,2,Risk-On,0.9999998190360365
2006-04-25,2,Risk-On,0.9999998145576855
2006-04-26,2,Risk-On,0.9999997972882034
2006-04-27,2,Risk-On,0.9999998186977046
2006-04-28,2,Risk-On,0.9999998357052526
2006-05-01,2,Risk-On,0.999999833125926
2006-05-02,2,Risk-On,0.9999997798295468
2006-05-03,2,Risk-On,0.9999998332859971
2006-05-04,2,Risk-On,0.9999998050552866
2006-05-05,2,Risk-On,0.9999997387167582
2006-05-08,2,Risk-On,0.9999998012099438
2006-05-09,2,Risk-On,0.9999998000930845
2006-05-10,2,Risk-On,0.9999997782543023
2006-05-11,2,Risk-On,0.9999998271705558
2006-05-12,2,Risk-On,0.9999996414372351
2006-05-15,2,Risk-On,0.9999995317885991
2006-05-16,2,Risk-On,0.9999997011437236
2006-05-17,2,Risk-On,0.9999989362555626
2006-05-18,2,Risk-On,0.9999977024953313
2006-05-19,2,Risk-On,0.9999979141597504
2006-05-22,2,Risk-On,0.9999968242096153
2006-05-23,2,Risk-On,0.999996781470777
2006-05-24,2,Risk-On,0.9999973252233151
2006-05-25,2,Risk-On,0.9999988970454695
2006-05-26,2,Risk-On,0.9999989491521838
2006-05-30,2,Risk-On,0.9999872650779791
2006-05-31,2,Risk-On,0.9999941721968495
2006-06-01,2,Risk-On,0.9999929939722139
2006-06-02,2,Risk-On,0.9999373540173268
2006-06-05,2,Risk-On,0.9989982289421901
2006-06-06,2,Risk-On,0.996443681414793
2006-06-07,2,Risk-On,0.9917625920596193
2006-06-08,2,Risk-On,0.9863612390629326
2006-06-09,2,Risk-On,0.9796754101262787
2006-06-12,2,Risk-On,0.962464392130959
2006-06-13,2,Risk-On,0.950867317063374
2006-06-14,2,Risk-On,0.9576074576158964
2006-06-15,2,Risk-On,0.9775184616392787
2006-06-16,2,Risk-On,0.9854236089786302
2006-06-19,2,Risk-On,0.9906685579419511
2006-06-20,2,Risk-On,0.9950759116896134
2006-06-21,2,Risk-On,0.9977332267488996
2006-06-22,2,Risk-On,0.999211314743166
2006-06-23,2,Risk-On,0.9997702109623833
2006-06-26,2,Risk-On,0.999933484989345
2006-06-27,2,Risk-On,0.9999683326853457
2006-06-28,2,Risk-On,0.9999768286171962
2006-06-29,2,Risk-On,0.999979261698573
2006-06-30,2,Risk-On,0.9999768966349122
2006-07-03,2,Risk-On,0.999952854306675
2006-07-05,2,Risk-On,0.9999549165744799
2006-07-06,2,Risk-On,0.9999435063679162
2006-07-07,2,Risk-On,0.9999416368415797
2006-07-10,2,Risk-On,0.9998999785423479
2006-07-11,2,Risk-On,0.9998028029121957
2006-07-12,2,Risk-On,0.9997207547647003
2006-07-13,2,Risk-On,0.9996538075202108
2006-07-14,2,Risk-On,0.9996100145557305
2006-07-17,2,Risk-On,0.9996123814172766
2006-07-18,2,Risk-On,0.9996565528797935
2006-07-19,2,Risk-On,0.9996064607046482
2006-07-20,2,Risk-On,0.9995014501876477
2006-07-21,2,Risk-On,0.9993242184755392
2006-07-24,2,Risk-On,0.9992860457649289
2006-07-25,2,Risk-On,0.9994356109222302
2006-07-26,2,Risk-On,0.9996776654512952
2006-07-27,2,Risk-On,0.9998503871929254
2006-07-28,2,Risk-On,0.9999397982760739
2006-07-31,2,Risk-On,0.9999651148692039
2006-08-01,2,Risk-On,0.9999895883953238
2006-08-02,2,Risk-On,0.9999942255875167
2006-08-03,2,Risk-On,0.9999957435629404
2006-08-04,2,Risk-On,0.9999965632728102
2006-08-07,2,Risk-On,0.9999967895979954
2006-08-08,2,Risk-On,0.9999965676274558
2006-08-09,2,Risk-On,0.9999966419365586
2006-08-10,2,Risk-On,0.9999966842679388
2006-08-11,2,Risk-On,0.9999976431054655
2006-08-14,2,Risk-On,0.9999970522628946
2006-08-15,2,Risk-On,0.9999958325329754
2006-08-16,2,Risk-On,0.9999980179874544
2006-08-17,2,Risk-On,0.9999984989165012
2006-08-18,2,Risk-On,0.9999981689123554
2006-08-21,2,Risk-On,0.9999993654057302
2006-08-22,2,Risk-On,0.9999993670610094
2006-08-23,2,Risk-On,0.9999994908831854
2006-08-24,2,Risk-On,0.9999994288120245
2006-08-25,2,Risk-On,0.9999996031147808
2006-08-28,2,Risk-On,0.9999995111248894
2006-08-29,2,Risk-On,0.9999996179540905
2006-08-30,2,Risk-On,0.9999996726765484
2006-08-31,2,Risk-On,0.9999997027917276
2006-09-01,2,Risk-On,0.9999994482824762
2006-09-05,2,Risk-On,0.9999994598439665
2006-09-06,2,Risk-On,0.9999994665523959
2006-09-07,2,Risk-On,0.9999991257176772
2006-09-08,2,Risk-On,0.9999989878566005
2006-09-11,2,Risk-On,0.9999992867344915
2006-09-12,2,Risk-On,0.9999991370281436
2006-09-13,2,Risk-On,0.99999943953678
2006-09-14,2,Risk-On,0.9999996432816897
2006-09-15,2,Risk-On,0.9999996323459294
2006-09-18,2,Risk-On,0.999999693725887
2006-09-19,2,Risk-On,0.9999996553888789
2006-09-20,2,Risk-On,0.9999995719009355
2006-09-21,2,Risk-On,0.9999995907347439
2006-09-22,2,Risk-On,0.9999995299405068
2006-09-25,2,Risk-On,0.9999994827704969
2006-09-26,2,Risk-On,0.9999995620383793
2006-09-27,2,Risk-On,0.9999994379178804
2006-09-28,2,Risk-On,0.9999994522988026
2006-09-29,2,Risk-On,0.9999995202998675
2006-10-02,2,Risk-On,0.9999993221611044
2006-10-03,2,Risk-On,0.999998629352406
2006-10-04,2,Risk-On,0.9999977312935058
2006-10-05,2,Risk-On,0.9999982128954396
2006-10-06,2,Risk-On,0.9999986943338965
2006-10-09,2,Risk-On,0.999998721091196
2006-10-10,2,Risk-On,0.9999991579537798
2006-10-11,2,Risk-On,0.9999992406085921
2006-10-12,2,Risk-On,0.9999991914740889
2006-10-13,2,Risk-On,0.9999992708292597
2006-10-16,2,Risk-On,0.999999335323303
2006-10-17,2,Risk-On,0.9999992805244661
2006-10-18,2,Risk-On,0.9999993502571961
2006-10-19,2,Risk-On,0.9999992274027392
2006-10-20,2,Risk-On,0.9999992283049572
2006-10-23,2,Risk-On,0.9999992644846292
2006-10-24,2,Risk-On,0.9999994934406833
2006-10-25,2,Risk-On,0.9999995190811453
2006-10-26,2,Risk-On,0.999999361418508
2006-10-27,2,Risk-On,0.9999994488390866
2006-10-30,2,Risk-On,0.9999991640655791
2006-10-31,2,Risk-On,0.9999991834305243
2006-11-01,2,Risk-On,0.9999994641513311
2006-11-02,2,Risk-On,0.9999993094609292
2006-11-03,2,Risk-On,0.9999995127619791
2006-11-06,2,Risk-On,0.9999992984233091
2006-11-07,2,Risk-On,0.9999994847422804
2006-11-08,2,Risk-On,0.9999994944811447
2006-11-09,2,Risk-On,0.9999996668448703
2006-11-10,2,Risk-On,0.9999996320330633
2006-11-13,2,Risk-On,0.9999996151601239
2006-11-14,2,Risk-On,0.999999515635981
2006-11-15,2,Risk-On,0.9999996451334202
2006-11-16,2,Risk-On,0.9999996401057353
2006-11-17,2,Risk-On,0.9999996481638554
2006-11-20,2,Risk-On,0.9999996957304128
2006-11-21,2,Risk-On,0.9999997350132968
2006-11-22,2,Risk-On,0.9999997390405383
2006-11-24,2,Risk-On,0.9999997919985834
2006-11-27,2,Risk-On,0.9999997342893392
2006-11-28,2,Risk-On,0.9999996554689145
2006-11-29,2,Risk-On,0.9999996631304952
2006-11-30,2,Risk-On,0.9999997115956337
2006-12-01,2,Risk-On,0.9999997752638844
2006-12-04,2,Risk-On,0.9999997820814552
2006-12-05,2,Risk-On,0.999999803676493
2006-12-06,2,Risk-On,0.9999998276907867
2006-12-07,2,Risk-On,0.9999997689519926
2006-12-08,2,Risk-On,0.9999998319726869
2006-12-11,2,Risk-On,0.999999869964094
2006-12-12,2,Risk-On,0.9999998620151114
2006-12-13,2,Risk-On,0.9999998777348157
2006-12-14,2,Risk-On,0.9999998871535417
2006-12-15,2,Risk-On,0.9999998767052678
2006-12-18,2,Risk-On,0.9999998553466971
2006-12-19,2,Risk-On,0.999999863761341
2006-12-20,2,Risk-On,0.9999998644816607
2006-12-21,2,Risk-On,0.9999998377316065
2006-12-22,2,Risk-On,0.9999998037055968
2006-12-26,2,Risk-On,0.9999998261919396
2006-12-27,2,Risk-On,0.9999998359017034
2006-12-28,2,Risk-On,0.9999998724561091
2006-12-29,2,Risk-On,0.9999998734601911
2007-01-03,2,Risk-On,0.9999998867679161
2007-01-04,2,Risk-On,0.9999998053936187
2007-01-05,2,Risk-On,0.9999998252751691
2007-01-08,2,Risk-On,0.9999998135754314
2007-01-09,2,Risk-On,0.9999997939485396
2007-01-10,2,Risk-On,0.9999998082239656
2007-01-11,2,Risk-On,0.9999998240200666
2007-01-12,2,Risk-On,0.9999998125131417
2007-01-16,2,Risk-On,0.9999998431085383
2007-01-17,2,Risk-On,0.9999998546809471
2007-01-18,2,Risk-On,0.9999998573039295
2007-01-19,2,Risk-On,0.9999998441308101
2007-01-22,2,Risk-On,0.9999998729690641
2007-01-23,2,Risk-On,0.9999998492858253
2007-01-24,2,Risk-On,0.999999811971083
2007-01-25,2,Risk-On,0.9999998560561029
2007-01-26,2,Risk-On,0.9999998392268155
2007-01-29,2,Risk-On,0.9999998547791725
2007-01-30,2,Risk-On,0.9999998459534373
2007-01-31,2,Risk-On,0.9999998499224715
2007-02-01,2,Risk-On,0.9999999032661482
2007-02-02,2,Risk-On,0.999999913445212
2007-02-05,2,Risk-On,0.9999999204919763
2007-02-06,2,Risk-On,0.9999999221981882
2007-02-07,2,Risk-On,0.9999999202591457
2007-02-08,2,Risk-On,0.9999999293177122
2007-02-09,2,Risk-On,0.9999999331193998
2007-02-12,2,Risk-On,0.9999999243336817
2007-02-13,2,Risk-On,0.9999999140782202
2007-02-14,2,Risk-On,0.999999917159588
2007-02-15,2,Risk-On,0.9999999170286208
2007-02-16,2,Risk-On,0.9999999283681998
2007-02-20,2,Risk-On,0.999999925461455
2007-02-21,2,Risk-On,0.9999999340689123
2007-02-22,2,Risk-On,0.9999999436622617
2007-02-23,2,Risk-On,0.9999999442552523
2007-02-26,2,Risk-On,0.9999998759158265
2007-02-27,2,Risk-On,0.9999209755308881
2007-02-28,2,Risk-On,0.9996823731915776
2007-03-01,2,Risk-On,0.9979731509353135
2007-03-02,2,Risk-On,0.9902415645947268
2007-03-05,2,Risk-On,0.9884921741719919
2007-03-06,2,Risk-On,0.9957349276300139
2007-03-07,2,Risk-On,0.9978975836901086
2007-03-08,2,Risk-On,0.998937112388482
2007-03-09,2,Risk-On,0.9988592752014775
2007-03-12,2,Risk-On,0.9965793472779227
2007-03-13,2,Risk-On,0.9669785813308127
2007-03-14,2,Risk-On,0.9653158387157328
2007-03-15,2,Risk-On,0.9698684492365977
2007-03-16,2,Risk-On,0.9778425526688723
2007-03-19,2,Risk-On,0.9949537228855081
2007-03-20,2,Risk-On,0.9992601851083039
2007-03-21,2,Risk-On,0.9998944120539427
2007-03-22,2,Risk-On,0.9999338098756738
2007-03-23,2,Risk-On,0.9999660138846713
2007-03-26,2,Risk-On,0.9999821732005435
2007-03-27,2,Risk-On,0.9999974079070796
2007-03-28,2,Risk-On,0.9999944465570979
2007-03-29,2,Risk-On,0.9999968135903889
2007-03-30,2,Risk-On,0.9999976519129915
2007-04-02,2,Risk-On,0.9999983222565311
2007-04-03,2,Risk-On,0.9999991979133062
2007-04-04,2,Risk-On,0.9999992199194226
2007-04-05,2,Risk-On,0.999999389467307
2007-04-09,2,Risk-On,0.9999995298059017
2007-04-10,2,Risk-On,0.9999996034130949
2007-04-11,2,Risk-On,0.9999995901781333
2007-04-12,2,Risk-On,0.9999994228857605
2007-04-13,2,Risk-On,0.9999995888939274
2007-04-16,2,Risk-On,0.9999994202591413
2007-04-17,2,Risk-On,0.9999997019695446
2007-04-18,2,Risk-On,0.9999997498744364
2007-04-19,2,Risk-On,0.9999998227249465
2007-04-20,2,Risk-On,0.9999997617269685
2007-04-23,2,Risk-On,0.9999998136081731
2007-04-24,2,Risk-On,0.9999997870181914
2007-04-25,2,Risk-On,0.9999997707928096
2007-04-26,2,Risk-On,0.9999997718805649
2007-04-27,2,Risk-On,0.9999997915874919
2007-04-30,2,Risk-On,0.9999997956256474
2007-05-01,2,Risk-On,0.9999998192397633
2007-05-02,2,Risk-On,0.9999998373859985
2007-05-03,2,Risk-On,0.999999850835604
2007-05-04,2,Risk-On,0.9999998550229171
2007-05-07,2,Risk-On,0.9999998587845866
2007-05-08,2,Risk-On,0.9999998768980807
2007-05-09,2,Risk-On,0.9999998786079305
2007-05-10,2,Risk-On,0.9999998546663952
2007-05-11,2,Risk-On,0.9999997894811026
2007-05-14,2,Risk-On,0.9999997886334536
2007-05-15,2,Risk-On,0.9999997665036335
2007-05-16,2,Risk-On,0.9999997907762227
2007-05-17,2,Risk-On,0.9999998005987635
2007-05-18,2,Risk-On,0.9999998400708264
2007-05-21,2,Risk-On,0.9999998326675408
2007-05-22,2,Risk-On,0.9999998359999288
2007-05-23,2,Risk-On,0.9999998860730621
2007-05-24,2,Risk-On,0.9999998575222081
2007-05-25,2,Risk-On,0.9999998617495389
2007-05-29,2,Risk-On,0.9999998516650631
2007-05-30,2,Risk-On,0.9999998702769601
2007-05-31,2,Risk-On,0.999999896215746
2007-06-01,2,Risk-On,0.9999999272658924
2007-06-04,2,Risk-On,0.9999999216306636
2007-06-05,2,Risk-On,0.9999999124884236
2007-06-06,2,Risk-On,0.9999998724270053
2007-06-07,2,Risk-On,0.9999994358078539
2007-06-08,2,Risk-On,0.9999997415143632
2007-06-11,2,Risk-On,0.9999997380109905
2007-06-12,2,Risk-On,0.9999994223073222
2007-06-13,2,Risk-On,0.9999997079612939
2007-06-14,2,Risk-On,0.9999997698251074
2007-06-15,2,Risk-On,0.9999997900959208
2007-06-18,2,Risk-On,0.9999997842242243
2007-06-19,2,Risk-On,0.9999998196217511
2007-06-20,2,Risk-On,0.9999996354236583
2007-06-21,2,Risk-On,0.9999996568113281
2007-06-22,2,Risk-On,0.9999992264059337
2007-06-25,2,Risk-On,0.9999987504896656
2007-06-26,2,Risk-On,0.9999964678598724
2007-06-27,2,Risk-On,0.999999401276179
2007-06-28,2,Risk-On,0.9999993615021814
2007-06-29,2,Risk-On,0.9999992153792286
2007-07-02,2,Risk-On,0.9999993996245377
2007-07-03,2,Risk-On,0.9999994001593202
2007-07-05,2,Risk-On,0.9999993940693475
2007-07-06,2,Risk-On,0.9999995719555052
2007-07-09,2,Risk-On,0.9999996776278359
2007-07-10,2,Risk-On,0.999998722640973
2007-07-11,2,Risk-On,0.9999991742373594
2007-07-12,2,Risk-On,0.9999993588428205
2007-07-13,2,Risk-On,0.9999990177571184
2007-07-16,2,Risk-On,0.9999989665744462
2007-07-17,2,Risk-On,0.9999989429967302
2007-07-18,2,Risk-On,0.9999989732428545
2007-07-19,2,Risk-On,0.9999993553576392
2007-07-20,2,Risk-On,0.9999872241439637
2007-07-23,2,Risk-On,0.9996103710623219
2007-07-24,2,Risk-On,0.9805910198345645
2007-07-25,2,Risk-On,0.873744236620662
2007-07-26,0,Inflation-Driven,0.995756693245845
2007-07-27,0,Inflation-Driven,0.9999985137485186
2007-07-30,0,Inflation-Driven,0.9999996433471733
2007-07-31,0,Inflation-Driven,0.9999994335159285
2007-08-01,0,Inflation-Driven,0.9999996339648293
2007-08-02,0,Inflation-Driven,0.9999997698869529
2007-08-03,0,Inflation-Driven,0.9999987960261905
2007-08-06,0,Inflation-Driven,0.9999996291117674
2007-08-07,0,Inflation-Driven,0.9999997597297186
2007-08-08,0,Inflation-Driven,0.9999996510524096
2007-08-09,0,Inflation-Driven,0.9999941019769942
2007-08-10,0,Inflation-Driven,0.9999915245930339
2007-08-13,0,Inflation-Driven,0.9999857849389528
2007-08-14,0,Inflation-Driven,0.9999382485006585
2007-08-15,0,Inflation-Driven,0.9998387853100088
2007-08-16,0,Inflation-Driven,0.9998396641298392
2007-08-17,0,Inflation-Driven,0.9999202276181952
2007-08-20,0,Inflation-Driven,0.9999657762709137
2007-08-21,0,Inflation-Driven,0.9999924418074494
2007-08-22,0,Inflation-Driven,0.9999987003911234
2007-08-23,0,Inflation-Driven,0.999999623043621
2007-08-24,0,Inflation-Driven,0.9999998149251212
2007-08-27,0,Inflation-Driven,0.9999997466766538
2007-08-28,0,Inflation-Driven,0.9999991134904412
2007-08-29,0,Inflation-Driven,0.9999993172461984
2007-08-30,0,Inflation-Driven,0.9999986695047238
2007-08-31,0,Inflation-Driven,0.9999995150939224
2007-09-04,0,Inflation-Driven,0.9999997494851728
2007-09-05,0,Inflation-Driven,0.9999995560611827
2007-09-06,0,Inflation-Driven,0.9999997157392904
2007-09-07,0,Inflation-Driven,0.999999651154273
2007-09-10,0,Inflation-Driven,0.9999995852377602
2007-09-11,0,Inflation-Driven,0.9999997698978669
2007-09-12,0,Inflation-Driven,0.9999997927516447
2007-09-13,0,Inflation-Driven,0.9999998347666542
2007-09-14,0,Inflation-Driven,0.9999998430066749
2007-09-17,0,Inflation-Driven,0.9999998592065921
2007-09-18,0,Inflation-Driven,0.9999998585372041
2007-09-19,0,Inflation-Driven,0.9999998684106772
2007-09-20,0,Inflation-Driven,0.9999998742750983
2007-09-21,0,Inflation-Driven,0.999999866435255
2007-09-24,0,Inflation-Driven,0.999999865762229
2007-09-25,0,Inflation-Driven,0.9999998507482926
2007-09-26,0,Inflation-Driven,0.9999998058701938
2007-09-27,0,Inflation-Driven,0.9999994550818548
2007-09-28,0,Inflation-Driven,0.9999994382271084
2007-10-01,0,Inflation-Driven,0.9999995006293257
2007-10-02,0,Inflation-Driven,0.9999994100837205
2007-10-03,0,Inflation-Driven,0.999998716176293
2007-10-04,0,Inflation-Driven,0.999998499218453
2007-10-05,0,Inflation-Driven,0.9999991705921076
2007-10-08,0,Inflation-Driven,0.9999990386682003
2007-10-09,0,Inflation-Driven,0.9999986024059343
2007-10-10,0,Inflation-Driven,0.9999968103416842
2007-10-11,0,Inflation-Driven,0.9999950627547161
2007-10-12,0,Inflation-Driven,0.9999966810265104
2007-10-15,0,Inflation-Driven,0.9999923023320438
2007-10-16,0,Inflation-Driven,0.9999623670397392
2007-10-17,0,Inflation-Driven,0.9999491708989771
2007-10-18,0,Inflation-Driven,0.9999519970941322
2007-10-19,0,Inflation-Driven,0.999998903910328
2007-10-22,0,Inflation-Driven,0.9999995209255996
2007-10-23,0,Inflation-Driven,0.9999992507221656
2007-10-24,0,Inflation-Driven,0.9999993903404214
2007-10-25,0,Inflation-Driven,0.9999983777683581
2007-10-26,0,Inflation-Driven,0.9999941894807862
2007-10-29,0,Inflation-Driven,0.9999920131222727
2007-10-30,0,Inflation-Driven,0.9999937504012197
2007-10-31,0,Inflation-Driven,0.9999811836957135
2007-11-01,0,Inflation-Driven,0.9999997605373496
2007-11-02,0,Inflation-Driven,0.9999998112180216
2007-11-05,0,Inflation-Driven,0.9999997825325645
2007-11-06,0,Inflation-Driven,0.9999997919512896
2007-11-07,0,Inflation-Driven,0.9999988396309529
2007-11-08,0,Inflation-Driven,0.9999992674750456
2007-11-09,0,Inflation-Driven,0.9999974593006743
2007-11-12,0,Inflation-Driven,0.9999969567880648
2007-11-13,0,Inflation-Driven,0.9999997364903158
2007-11-14,0,Inflation-Driven,0.9999989765097561
2007-11-15,0,Inflation-Driven,0.9999975886341387
2007-11-16,0,Inflation-Driven,0.9999994113315466
2007-11-19,0,Inflation-Driven,0.9999987224008667
2007-11-20,0,Inflation-Driven,0.9999989413705553
2007-11-21,0,Inflation-Driven,0.9999968992863484
2007-11-23,0,Inflation-Driven,0.9999982741479811
2007-11-26,0,Inflation-Driven,0.9999895021979551
2007-11-27,0,Inflation-Driven,0.999996182341431
2007-11-28,0,Inflation-Driven,0.9999985941804758
2007-11-29,0,Inflation-Driven,0.9999964678053029
2007-11-30,0,Inflation-Driven,0.9999982394017062
2007-12-03,0,Inflation-Driven,0.9999932010336243
2007-12-04,0,Inflation-Driven,0.9999878848763654
2007-12-05,0,Inflation-Driven,0.9999900190985191
2007-12-06,0,Inflation-Driven,0.9999955323428122
2007-12-07,0,Inflation-Driven,0.9999965268858718
2007-12-10,0,Inflation-Driven,0.9999969266293126
2007-12-11,0,Inflation-Driven,0.9999919420694786
2007-12-12,0,Inflation-Driven,0.999993933375875
2007-12-13,0,Inflation-Driven,0.9999965270350284
2007-12-14,0,Inflation-Driven,0.9999973880364911
2007-12-17,0,Inflation-Driven,0.9999963331205364
2007-12-18,0,Inflation-Driven,0.999997641453827
2007-12-19,0,Inflation-Driven,0.999998311477218
2007-12-20,0,Inflation-Driven,0.9999985604091665
2007-12-21,0,Inflation-Driven,0.9999990156252649
2007-12-24,0,Inflation-Driven,0.99999901575987
2007-12-26,0,Inflation-Driven,0.9999995432263993
2007-12-27,0,Inflation-Driven,0.9999996734186958
2007-12-28,0,Inflation-Driven,0.9999993461899385
2007-12-31,0,Inflation-Driven,0.9999925986504565
2008-01-02,0,Inflation-Driven,0.999786378393069
2008-01-03,0,Inflation-Driven,0.9977808066216868
2008-01-04,0,Inflation-Driven,0.9840745876492069
2008-01-07,0,Inflation-Driven,0.9258440676805283
2008-01-08,0,Inflation-Driven,0.7883242377506827
2008-01-09,3,High-Volatility,0.5713086286739111
2008-01-10,3,High-Volatility,0.618400813413822
2008-01-11,3,High-Volatility,0.7492540321978349
2008-01-14,3,High-Volatility,0.8559135614181649
2008-01-15,3,High-Volatility,0.9437738250040388
2008-01-16,3,High-Volatility,0.9914133344760188
2008-01-17,3,High-Volatility,0.9997584307953205
2008-01-18,3,High-Volatility,0.9999978060356136
2008-01-22,3,High-Volatility,0.9999999865904102
2008-01-23,3,High-Volatility,0.9999999740757634
2008-01-24,3,High-Volatility,0.9999999540268629
2008-01-25,3,High-Volatility,0.9999999621650211
2008-01-28,3,High-Volatility,0.9999999547217168
2008-01-29,3,High-Volatility,0.9999999159554172
2008-01-30,3,High-Volatility,0.9999997562954673
2008-01-31,3,High-Volatility,0.9999996082479669
2008-02-01,3,High-Volatility,0.9999999975516403
2008-02-04,3,High-Volatility,0.9999999983665475
2008-02-05,3,High-Volatility,0.999999999829015
2008-02-06,3,High-Volatility,0.9999999999890861
2008-02-07,3,High-Volatility,0.9999999999781721
2008-02-08,3,High-Volatility,0.9999999999527063
2008-02-11,3,High-Volatility,0.9999999998763087
2008-02-12,3,High-Volatility,0.9999999997162377
2008-02-13,3,High-Volatility,0.9999999995088729
2008-02-14,3,High-Volatility,0.99999999965803
2008-02-15,3,High-Volatility,0.9999999994506652
2008-02-19,3,High-Volatility,0.9999999985411705
2008-02-20,3,High-Volatility,0.9999999971951183
2008-02-21,3,High-Volatility,0.9999999952560756
2008-02-22,3,High-Volatility,0.9999999955871317
2008-02-25,3,High-Volatility,0.9999999934334483
2008-02-26,3,High-Volatility,0.9999999810715965
2008-02-27,3,High-Volatility,0.9999999724968806
2008-02-28,3,High-Volatility,0.9999999735300665
2008-02-29,3,High-Volatility,0.9999999928149919
2008-03-03,3,High-Volatility,0.9999999979881977
2008-03-04,3,High-Volatility,0.9999999895953806
2008-03-05,3,High-Volatility,0.9999999268802666
2008-03-06,3,High-Volatility,0.9999999917745299
2008-03-07,3,High-Volatility,0.9999999979190761
2008-03-10,3,High-Volatility,0.9999999995307007
2008-03-11,3,High-Volatility,0.9999999993851816
2008-03-12,3,High-Volatility,0.9999999999672582
2008-03-13,3,High-Volatility,0.9999999999272404
2008-03-14,3,High-Volatility,0.999999999996362
2008-03-17,3,High-Volatility,1.0
2008-03-18,3,High-Volatility,0.9999999999490683
2008-03-19,3,High-Volatility,1.0
2008-03-20,3,High-Volatility,1.0
2008-03-24,3,High-Volatility,1.0
2008-03-25,3,High-Volatility,1.0
2008-03-26,3,High-Volatility,1.0
2008-03-27,3,High-Volatility,1.0
2008-03-28,3,High-Volatility,1.0
2008-03-31,3,High-Volatility,0.9999999999745341
2008-04-01,3,High-Volatility,0.9999999999854481
2008-04-02,3,High-Volatility,0.999999999996362
2008-04-03,3,High-Volatility,0.9999999999818101
2008-04-04,3,High-Volatility,0.9999999998435669
2008-04-07,3,High-Volatility,0.9999999997198756
2008-04-08,3,High-Volatility,0.9999999987594492
2008-04-09,3,High-Volatility,0.9999999971332727
2008-04-10,3,High-Volatility,0.9999999967258191
2008-04-11,3,High-Volatility,0.9999999956853571
2008-04-14,3,High-Volatility,0.999999997591658
2008-04-15,3,High-Volatility,0.9999999971623765
2008-04-16,3,High-Volatility,0.9999999928295438
2008-04-17,3,High-Volatility,0.9999999925785232
2008-04-18,3,High-Volatility,0.9999999939172994
2008-04-21,3,High-Volatility,0.9999999831161405
2008-04-22,3,High-Volatility,0.999999973111699
2008-04-23,3,High-Volatility,0.9999999786814444
2008-04-24,3,High-Volatility,0.9999999850660971
2008-04-25,3,High-Volatility,0.9999999846768334
2008-04-28,3,High-Volatility,0.9999999620158639
2008-04-29,3,High-Volatility,0.9999999563769971
2008-04-30,3,High-Volatility,0.9999999378742378
2008-05-01,3,High-Volatility,0.9999999784595277
2008-05-02,3,High-Volatility,0.9999999611536631
2008-05-05,3,High-Volatility,0.9999998790626778
2008-05-06,3,High-Volatility,0.9999999350438905
2008-05-07,3,High-Volatility,0.9999996609877264
2008-05-08,3,High-Volatility,0.9999999322899408
2008-05-09,3,High-Volatility,0.9999998813473282
2008-05-12,3,High-Volatility,0.9999999792453311
2008-05-13,3,High-Volatility,0.9999999396713992
2008-05-14,3,High-Volatility,0.9999998576349854
2008-05-15,3,High-Volatility,0.9999998576640893
2008-05-16,3,High-Volatility,0.9999995090912602
2008-05-19,3,High-Volatility,0.9999993136118601
2008-05-20,3,High-Volatility,0.999998950862032
2008-05-21,3,High-Volatility,0.9999989567555516
2008-05-22,3,High-Volatility,0.9999994598803463
2008-05-23,3,High-Volatility,0.9999994018691692
2008-05-27,3,High-Volatility,0.9999996694787661
2008-05-28,3,High-Volatility,0.9999993707935734
2008-05-29,3,High-Volatility,0.999999170235586
2008-05-30,3,High-Volatility,0.9999967705677896
2008-06-02,3,High-Volatility,0.9999922958564914
2008-06-03,3,High-Volatility,0.9999952662659044
2008-06-04,3,High-Volatility,0.9999966657033946
2008-06-05,3,High-Volatility,0.9999978127003762
2008-06-06,3,High-Volatility,0.9999986387092747
2008-06-09,3,High-Volatility,0.9999993354288043
2008-06-10,3,High-Volatility,0.9999982650930676
2008-06-11,3,High-Volatility,0.9999983650209011
2008-06-12,3,High-Volatility,0.9999971512774768
2008-06-13,3,High-Volatility,0.9999944334349813
2008-06-16,3,High-Volatility,0.9999903835149234
2008-06-17,3,High-Volatility,0.9999907856569524
2008-06-18,3,High-Volatility,0.9999919454418579
2008-06-19,3,High-Volatility,0.9999935718685414
2008-06-20,3,High-Volatility,0.9999945935924816
2008-06-23,3,High-Volatility,0.9999964728293339
2008-06-24,3,High-Volatility,0.9999952627552715
2008-06-25,3,High-Volatility,0.999988236995768
2008-06-26,3,High-Volatility,0.9999910085647987
2008-06-27,3,High-Volatility,0.9999972768310516
2008-06-30,3,High-Volatility,0.999998366250536
2008-07-01,3,High-Volatility,0.9999965823648574
2008-07-02,3,High-Volatility,0.9999965617157606
2008-07-03,3,High-Volatility,0.9999967245729732
2008-07-07,3,High-Volatility,0.9999983764950675
2008-07-08,3,High-Volatility,0.9999988478782413
2008-07-09,3,High-Volatility,0.9999991836306129
2008-07-10,3,High-Volatility,0.9999996393781398
2008-07-11,3,High-Volatility,0.9999993550083934
2008-07-14,3,High-Volatility,0.9999994838109583
2008-07-15,3,High-Volatility,0.9999996799634175
2008-07-16,3,High-Volatility,0.9999997935956557
2008-07-17,3,High-Volatility,0.9999998384664781
2008-07-18,3,High-Volatility,0.9999996979750451
2008-07-21,3,High-Volatility,0.9999996279658044
2008-07-22,3,High-Volatility,0.9999995665094532
2008-07-23,3,High-Volatility,0.9999996933147957
2008-07-24,3,High-Volatility,0.9999997987724984
2008-07-25,3,High-Volatility,0.9999999461979329
2008-07-28,3,High-Volatility,0.9999998640960349
2008-07-29,3,High-Volatility,0.9999999750798455
2008-07-30,3,High-Volatility,0.9999999685496737
2008-07-31,3,High-Volatility,0.999999981988367
2008-08-01,3,High-Volatility,0.9999999938518158
2008-08-04,3,High-Volatility,0.999999995714461
2008-08-05,3,High-Volatility,0.999999998286512
2008-08-06,3,High-Volatility,0.9999999984393071
2008-08-07,3,High-Volatility,0.9999999979663698
2008-08-08,3,High-Volatility,0.9999999997817213
2008-08-11,3,High-Volatility,0.9999999997489795
2008-08-12,3,High-Volatility,0.9999999997053237
2008-08-13,3,High-Volatility,0.9999999992141966
2008-08-14,3,High-Volatility,0.9999999987303454
2008-08-15,3,High-Volatility,0.999999997944542
2008-08-18,3,High-Volatility,0.9999999972897058
2008-08-19,3,High-Volatility,0.9999999974752427
2008-08-20,3,High-Volatility,0.9999999981882866
2008-08-21,3,High-Volatility,0.9999999965111783
2008-08-22,3,High-Volatility,0.9999999962346919
2008-08-25,3,High-Volatility,0.9999999966639734
2008-08-26,3,High-Volatility,0.9999999970459612
2008-08-27,3,High-Volatility,0.9999999952124199
2008-08-28,3,High-Volatility,0.9999999964893505
2008-08-29,3,High-Volatility,0.999999995201506
2008-09-02,3,High-Volatility,0.9999999967549229
2008-09-03,3,High-Volatility,0.9999999765022951
2008-09-04,3,High-Volatility,0.9999999949359335
2008-09-05,3,High-Volatility,0.9999999980318535
2008-09-08,3,High-Volatility,0.9999999985993782
2008-09-09,3,High-Volatility,0.9999999998181011
2008-09-10,3,High-Volatility,0.9999999998908606
2008-09-11,3,High-Volatility,0.9999999998763087
2008-09-12,3,High-Volatility,0.9999999999017746
2008-09-15,3,High-Volatility,1.0
2008-09-16,3,High-Volatility,1.0
2008-09-17,3,High-Volatility,1.0
2008-09-18,3,High-Volatility,1.0
2008-09-19,3,High-Volatility,1.0
2008-09-22,3,High-Volatility,1.0
2008-09-23,3,High-Volatility,1.0
2008-09-24,3,High-Volatility,1.0
2008-09-25,3,High-Volatility,1.0
2008-09-26,3,High-Volatility,1.0
2008-09-29,3,High-Volatility,1.0
2008-09-30,3,High-Volatility,1.0
2008-10-01,3,High-Volatility,1.0
2008-10-02,3,High-Volatility,1.0
2008-10-03,3,High-Volatility,1.0
2008-10-06,3,High-Volatility,1.0
2008-10-07,3,High-Volatility,1.0
2008-10-08,3,High-Volatility,1.0
2008-10-09,3,High-Volatility,1.0
2008-10-10,3,High-Volatility,1.0
2008-10-13,3,High-Volatility,1.0
2008-10-14,3,High-Volatility,1.0
2008-10-15,3,High-Volatility,1.0
2008-10-16,3,High-Volatility,1.0
2008-10-17,3,High-Volatility,1.0
2008-10-20,3,High-Volatility,1.0
2008-10-21,3,High-Volatility,1.0
2008-10-22,3,High-Volatility,1.0
2008-10-23,3,High-Volatility,1.0
2008-10-24,3,High-Volatility,1.0
2008-10-27,3,High-Volatility,1.0
2008-10-28,3,High-Volatility,1.0
2008-10-29,3,High-Volatility,1.0
2008-10-30,3,High-Volatility,1.0
2008-10-31,3,High-Volatility,1.0
2008-11-03,3,High-Volatility,1.0
2008-11-04,3,High-Volatility,1.0
2008-11-05,3,High-Volatility,1.0
2008-11-06,3,High-Volatility,1.0
2008-11-07,3,High-Volatility,1.0
2008-11-10,3,High-Volatility,1.0
2008-11-11,3,High-Volatility,1.0
2008-11-12,3,High-Volatility,1.0
2008-11-13,3,High-Volatility,1.0
2008-11-14,3,High-Volatility,1.0
2008-11-17,3,High-Volatility,1.0
2008-11-18,3,High-Volatility,1.0
2008-11-19,3,High-Volatility,1.0
2008-11-20,3,High-Volatility,1.0
2008-11-21,3,High-Volatility,1.0
2008-11-24,3,High-Volatility,1.0
2008-11-25,3,High-Volatility,1.0
2008-11-26,3,High-Volatility,1.0
2008-11-28,3,High-Volatility,1.0
2008-12-01,3,High-Volatility,1.0
2008-12-02,3,High-Volatility,1.0
2008-12-03,3,High-Volatility,1.0
2008-12-04,3,High-Volatility,1.0
2008-12-05,3,High-Volatility,1.0
2008-12-08,3,High-Volatility,1.0
2008-12-09,3,High-Volatility,1.0
2008-12-10,3,High-Volatility,1.0
2008-12-11,3,High-Volatility,1.0
2008-12-12,3,High-Volatility,1.0
2008-12-15,3,High-Volatility,1.0
2008-12-16,3,High-Volatility,1.0
2008-12-17,3,High-Volatility,1.0
2008-12-18,3,High-Volatility,1.0
2008-12-19,3,High-Volatility,1.0
2008-12-22,3,High-Volatility,1.0
2008-12-23,3,High-Volatility,1.0
2008-12-24,3,High-Volatility,1.0
2008-12-26,3,High-Volatility,1.0
2008-12-29,3,High-Volatility,1.0
2008-12-30,3,High-Volatility,1.0
2008-12-31,3,High-Volatility,1.0
2009-01-02,3,High-Volatility,1.0
2009-01-05,3,High-Volatility,1.0
2009-01-06,3,High-Volatility,1.0
2009-01-07,3,High-Volatility,1.0
2009-01-08,3,High-Volatility,1.0
2009-01-09,3,High-Volatility,1.0
2009-01-12,3,High-Volatility,1.0
2009-01-13,3,High-Volatility,1.0
2009-01-14,3,High-Volatility,1.0
2009-01-15,3,High-Volatility,1.0
2009-01-16,3,High-Volatility,1.0
2009-01-20,3,High-Volatility,1.0
2009-01-21,3,High-Volatility,1.0
2009-01-22,3,High-Volatility,1.0
2009-01-23,3,High-Volatility,1.0
2009-01-26,3,High-Volatility,1.0
2009-01-27,3,High-Volatility,1.0
2009-01-28,3,High-Volatility,1.0
2009-01-29,3,High-Volatility,1.0
2009-01-30,3,High-Volatility,1.0
2009-02-02,3,High-Volatility,1.0
2009-02-03,3,High-Volatility,1.0
2009-02-04,3,High-Volatility,1.0
2009-02-05,3,High-Volatility,1.0
2009-02-06,3,High-Volatility,1.0
2009-02-09,3,High-Volatility,1.0
2009-02-10,3,High-Volatility,1.0
2009-02-11,3,High-Volatility,1.0
2009-02-12,3,High-Volatility,1.0
2009-02-13,3,High-Volatility,1.0
2009-02-17,3,High-Volatility,1.0
2009-02-18,3,High-Volatility,1.0
2009-02-19,3,High-Volatility,1.0
2009-02-20,3,High-Volatility,1.0
2009-02-23,3,High-Volatility,1.0
2009-02-24,3,High-Volatility,1.0
2009-02-25,3,High-Volatility,1.0
2009-02-26,3,High-Volatility,1.0
2009-02-27,3,High-Volatility,1.0
2009-03-02,3,High-Volatility,1.0
2009-03-03,3,High-Volatility,1.0
2009-03-04,3,High-Volatility,1.0
2009-03-05,3,High-Volatility,1.0
2009-03-06,3,High-Volatility,1.0
2009-03-09,3,High-Volatility,1.0
2009-03-10,3,High-Volatility,1.0
2009-03-11,3,High-Volatility,1.0
2009-03-12,3,High-Volatility,1.0
2009-03-13,3,High-Volatility,1.0
2009-03-16,3,High-Volatility,1.0
2009-03-17,3,High-Volatility,1.0
2009-03-18,3,High-Volatility,1.0
2009-03-19,3,High-Volatility,1.0
2009-03-20,3,High-Volatility,1.0
2009-03-23,3,High-Volatility,1.0
2009-03-24,3,High-Volatility,1.0
2009-03-25,3,High-Volatility,1.0
2009-03-26,3,High-Volatility,1.0
2009-03-27,3,High-Volatility,1.0
2009-03-30,3,High-Volatility,1.0
2009-03-31,3,High-Volatility,1.0
2009-04-01,3,High-Volatility,1.0
2009-04-02,3,High-Volatility,1.0
2009-04-03,3,High-Volatility,1.0
2009-04-06,3,High-Volatility,1.0
2009-04-07,3,High-Volatility,1.0
2009-04-08,3,High-Volatility,1.0
2009-04-09,3,High-Volatility,1.0
2009-04-13,3,High-Volatility,1.0
2009-04-14,3,High-Volatility,1.0
2009-04-15,3,High-Volatility,1.0
2009-04-16,3,High-Volatility,1.0
2009-04-17,3,High-Volatility,1.0
2009-04-20,3,High-Volatility,1.0
2009-04-21,3,High-Volatility,1.0
2009-04-22,3,High-Volatility,1.0
2009-04-23,3,High-Volatility,1.0
2009-04-24,3,High-Volatility,1.0
2009-04-27,3,High-Volatility,1.0
2009-04-28,3,High-Volatility,1.0
2009-04-29,3,High-Volatility,1.0
2009-04-30,3,High-Volatility,1.0
2009-05-01,3,High-Volatility,1.0
2009-05-04,3,High-Volatility,1.0
2009-05-05,3,High-Volatility,1.0
2009-05-06,3,High-Volatility,1.0
2009-05-07,3,High-Volatility,1.0
2009-05-08,3,High-Volatility,1.0
2009-05-11,3,High-Volatility,1.0
2009-05-12,3,High-Volatility,1.0
2009-05-13,3,High-Volatility,1.0
2009-05-14,3,High-Volatility,1.0
2009-05-15,3,High-Volatility,1.0
2009-05-18,3,High-Volatility,1.0
2009-05-19,3,High-Volatility,1.0
2009-05-20,3,High-Volatility,1.0
2009-05-21,3,High-Volatility,1.0
2009-05-22,3,High-Volatility,1.0
2009-05-26,3,High-Volatility,1.0
2009-05-27,3,High-Volatility,1.0
2009-05-28,3,High-Volatility,1.0
2009-05-29,3,High-Volatility,1.0
2009-06-01,3,High-Volatility,1.0
2009-06-02,3,High-Volatility,1.0
2009-06-03,3,High-Volatility,1.0
2009-06-04,3,High-Volatility,1.0
2009-06-05,3,High-Volatility,1.0
2009-06-08,3,High-Volatility,1.0
2009-06-09,3,High-Volatility,1.0
2009-06-10,3,High-Volatility,1.0
2009-06-11,3,High-Volatility,1.0
2009-06-12,3,High-Volatility,1.0
2009-06-15,3,High-Volatility,1.0
2009-06-16,3,High-Volatility,1.0
2009-06-17,3,High-Volatility,1.0
2009-06-18,3,High-Volatility,1.0
2009-06-19,3,High-Volatility,1.0
2009-06-22,3,High-Volatility,1.0
2009-06-23,3,High-Volatility,1.0
2009-06-24,3,High-Volatility,1.0
2009-06-25,3,High-Volatility,1.0
2009-06-26,3,High-Volatility,0.999999999992724
2009-06-29,3,High-Volatility,0.999999999996362
2009-06-30,3,High-Volatility,0.9999999998399289
2009-07-01,3,High-Volatility,0.9999999999854481
2009-07-02,3,High-Volatility,0.9999999994215614
2009-07-06,3,High-Volatility,0.9999999996907718
2009-07-07,3,High-Volatility,0.9999999972096703
2009-07-08,3,High-Volatility,0.999999998624844
2009-07-09,3,High-Volatility,0.9999999985775503
2009-07-10,3,High-Volatility,0.9999999981555447
2009-07-13,3,High-Volatility,0.9999999997562554
2009-07-14,3,High-Volatility,0.9999999997271516
2009-07-15,3,High-Volatility,0.9999999999563443
2009-07-16,3,High-Volatility,0.9999999994652171
2009-07-17,3,High-Volatility,0.9999999978572305
2009-07-20,3,High-Volatility,0.9999999950523488
2009-07-21,3,High-Volatility,0.9999999967658368
2009-07-22,3,High-Volatility,0.9999999966312316
2009-07-23,3,High-Volatility,0.9999999985921022
2009-07-24,3,High-Volatility,0.9999999973442755
2009-07-27,3,High-Volatility,0.9999999953288352
2009-07-28,3,High-Volatility,0.9999999959254637
2009-07-29,3,High-Volatility,0.9999999952997314
2009-07-30,3,High-Volatility,0.9999999995088729
2009-07-31,3,High-Volatility,0.9999999992833182
2009-08-03,3,High-Volatility,0.9999999997817213
2009-08-04,3,High-Volatility,0.9999999999236024
2009-08-05,3,High-Volatility,0.9999999999527063
2009-08-06,3,High-Volatility,0.9999999999490683
2009-08-07,3,High-Volatility,0.999999999996362
2009-08-10,3,High-Volatility,0.9999999998108251
2009-08-11,3,High-Volatility,0.9999999963802111
2009-08-12,3,High-Volatility,0.9999999990104698
2009-08-13,3,High-Volatility,0.9999999978172127
2009-08-14,3,High-Volatility,0.9999999874016795
2009-08-17,3,High-Volatility,0.999999879695686
2009-08-18,3,High-Volatility,0.9999999708816181
2009-08-19,3,High-Volatility,0.9999999184146906
2009-08-20,3,High-Volatility,0.9999998796483923
2009-08-21,3,High-Volatility,0.9999998223174928
2009-08-24,3,High-Volatility,0.9999997323939528
2009-08-25,3,High-Volatility,0.9999997841187229
2009-08-26,3,High-Volatility,0.9999996378792931
2009-08-27,3,High-Volatility,0.9999994017782199
2009-08-28,3,High-Volatility,0.9999994015526653
2009-08-31,3,High-Volatility,0.9999987925155451
2009-09-01,3,High-Volatility,0.9999982796813374
2009-09-02,3,High-Volatility,0.9999970632495582
2009-09-03,3,High-Volatility,0.999993226200991
2009-09-04,3,High-Volatility,0.999988625974876
2009-09-08,3,High-Volatility,0.9999845391788889
2009-09-09,3,High-Volatility,0.9999828368945096
2009-09-10,3,High-Volatility,0.9999857501421808
2009-09-11,3,High-Volatility,0.9999811412995072
2009-09-14,3,High-Volatility,0.9999855195994997
2009-09-15,3,High-Volatility,0.9999962248474139
2009-09-16,3,High-Volatility,0.9999949053292487
2009-09-17,3,High-Volatility,0.9999933407201567
2009-09-18,3,High-Volatility,0.9999901175085065
2009-09-21,3,High-Volatility,0.9999736294542436
2009-09-22,3,High-Volatility,0.9999010194936914
2009-09-23,3,High-Volatility,0.9993040848105026
2009-09-24,3,High-Volatility,0.9971450143634196
2009-09-25,3,High-Volatility,0.9913241653642715
2009-09-28,3,High-Volatility,0.9818610506321985
2009-09-29,3,High-Volatility,0.9568071397010377
2009-09-30,3,High-Volatility,0.9031639430593311
2009-10-01,1,Risk-Off,0.677559445503121
2009-10-02,1,Risk-Off,0.5242455506923182
2009-10-05,1,Risk-Off,0.6204961079284921
2009-10-06,1,Risk-Off,0.7557333083202991
2009-10-07,1,Risk-Off,0.865520614042956
2009-10-08,1,Risk-Off,0.9396563986162696
2009-10-09,1,Risk-Off,0.9743782055644622
2009-10-12,1,Risk-Off,0.990590403171426
2009-10-13,1,Risk-Off,0.9968356674556348
2009-10-14,1,Risk-Off,0.9988556357540664
2009-10-15,1,Risk-Off,0.9996803847095073
2009-10-16,1,Risk-Off,0.9999199442932213
2009-10-19,1,Risk-Off,0.9999716300976434
2009-10-20,1,Risk-Off,0.9999868027405232
2009-10-21,1,Risk-Off,0.999985683197051
2009-10-22,1,Risk-Off,0.9999702787769248
2009-10-23,1,Risk-Off,0.9999794684770215
2009-10-26,1,Risk-Off,0.9999797570028762
2009-10-27,1,Risk-Off,0.9999637992336555
2009-10-28,1,Risk-Off,0.9998975021262841
2009-10-29,1,Risk-Off,0.9997735382589238
2009-10-30,1,Risk-Off,0.9997593992645876
2009-11-02,1,Risk-Off,0.9998300306942893
2009-11-03,1,Risk-Off,0.9999184552469393
2009-11-04,1,Risk-Off,0.9999628916748841
2009-11-05,1,Risk-Off,0.9999791426772958
2009-11-06,1,Risk-Off,0.999987792272741
2009-11-09,1,Risk-Off,0.999986603149108
2009-11-10,1,Risk-Off,0.9999913148471654
2009-11-11,1,Risk-Off,0.999993127688835
2009-11-12,1,Risk-Off,0.9999929642464976
2009-11-13,1,Risk-Off,0.9999941091947017
2009-11-16,1,Risk-Off,0.9999948075408814
2009-11-17,1,Risk-Off,0.9999957578055669
2009-11-18,1,Risk-Off,0.9999964421103497
2009-11-19,1,Risk-Off,0.9999959080389137
2009-11-20,1,Risk-Off,0.9999956228880663
2009-11-23,1,Risk-Off,0.9999949447283593
2009-11-24,1,Risk-Off,0.9999957343661692
2009-11-25,1,Risk-Off,0.9999940111590311
2009-11-27,1,Risk-Off,0.9999950058242684
2009-11-30,1,Risk-Off,0.999994207219468
2009-12-01,1,Risk-Off,0.9999949637803581
2009-12-02,1,Risk-Off,0.9999965198391314
2009-12-03,1,Risk-Off,0.9999978502333221
2009-12-04,1,Risk-Off,0.999997950310271
2009-12-07,1,Risk-Off,0.999998549480694
2009-12-08,1,Risk-Off,0.9999986626980746
2009-12-09,1,Risk-Off,0.9999985964469333
2009-12-10,1,Risk-Off,0.9999986280863911
2009-12-11,1,Risk-Off,0.9999981709532577
2009-12-14,1,Risk-Off,0.9999978682376407
2009-12-15,1,Risk-Off,0.9999988507267754
2009-12-16,1,Risk-Off,0.9999984429681106
2009-12-17,1,Risk-Off,0.999999066313175
2009-12-18,1,Risk-Off,0.9999979388142817
2009-12-21,1,Risk-Off,0.9999961739268182
2009-12-22,1,Risk-Off,0.9999969551218755
2009-12-23,1,Risk-Off,0.9999972437037074
2009-12-24,1,Risk-Off,0.999995152608715
2009-12-28,1,Risk-Off,0.9999797636675185
2009-12-29,1,Risk-Off,0.9999753493230563
2009-12-30,1,Risk-Off,0.9999862302649833
2009-12-31,1,Risk-Off,0.9999969117645771
2010-01-04,1,Risk-Off,0.9999866942901742
2010-01-05,1,Risk-Off,0.9999932062977439
2010-01-06,1,Risk-Off,0.9999837770453165
2010-01-07,1,Risk-Off,0.9999607163121345
2010-01-08,1,Risk-Off,0.9999623162627432
2010-01-11,1,Risk-Off,0.9999584737889013
2010-01-12,1,Risk-Off,0.9999925159925553
2010-01-13,1,Risk-Off,0.9999947407661294
2010-01-14,1,Risk-Off,0.9999945789351443
2010-01-15,1,Risk-Off,0.9999983251341674
2010-01-19,1,Risk-Off,0.9999926661926735
2010-01-20,1,Risk-Off,0.999998755531898
2010-01-21,1,Risk-Off,0.9999993302956196
2010-01-22,1,Risk-Off,0.9999954472799755
2010-01-25,1,Risk-Off,0.9999972934420177
2010-01-26,1,Risk-Off,0.9999978358924406
2010-01-27,1,Risk-Off,0.9999987215532188
2010-01-28,1,Risk-Off,0.9999982235910783
2010-01-29,1,Risk-Off,0.9999973347038625
2010-02-01,1,Risk-Off,0.9999986470111311
2010-02-02,1,Risk-Off,0.9999982480273387
2010-02-03,1,Risk-Off,0.9999730943472815
2010-02-04,1,Risk-Off,0.9993728356391616
2010-02-05,1,Risk-Off,0.9991803821624238
2010-02-08,1,Risk-Off,0.9989917546363284
2010-02-09,1,Risk-Off,0.9991829854598309
2010-02-10,1,Risk-Off,0.9994119841281498
2010-02-11,1,Risk-Off,0.9997515421880551
2010-02-12,1,Risk-Off,0.9998755510815208
2010-02-16,1,Risk-Off,0.9999702851322848
2010-02-17,1,Risk-Off,0.9999845093515622
2010-02-18,1,Risk-Off,0.9999953987350084
2010-02-19,1,Risk-Off,0.9999987405761858
2010-02-22,1,Risk-Off,0.999998941567006
2010-02-23,1,Risk-Off,0.9999990669862004
2010-02-24,1,Risk-Off,0.999998875352226
2010-02-25,1,Risk-Off,0.999999152384039
2010-02-26,1,Risk-Off,0.9999991727457893
2010-03-01,1,Risk-Off,0.9999990580949887
2010-03-02,1,Risk-Off,0.9999993234343961
2010-03-03,1,Risk-Off,0.9999993981584331
2010-03-04,1,Risk-Off,0.9999993749481426
2010-03-05,1,Risk-Off,0.9999974886081576
2010-03-08,1,Risk-Off,0.9999985980149
2010-03-09,1,Risk-Off,0.9999983959109291
2010-03-10,1,Risk-Off,0.9999983899992231
2010-03-11,1,Risk-Off,0.9999981224481762
2010-03-12,1,Risk-Off,0.9999983345674307
2010-03-15,1,Risk-Off,0.9999987488634912
2010-03-16,1,Risk-Off,0.9999981313393798
2010-03-17,1,Risk-Off,0.9999980041595244
2010-03-18,1,Risk-Off,0.9999987902891049
2010-03-19,1,Risk-Off,0.9999993497842592
2010-03-22,1,Risk-Off,0.9999991554035589
2010-03-23,1,Risk-Off,0.9999985585028683
2010-03-24,1,Risk-Off,0.9999993294479711
2010-03-25,1,Risk-Off,0.9999993712737862
2010-03-26,1,Risk-Off,0.999999403637226
2010-03-29,1,Risk-Off,0.9999992042179184
2010-03-30,1,Risk-Off,0.9999993016902118
2010-03-31,1,Risk-Off,0.9999994188657962
2010-04-01,1,Risk-Off,0.9999991328844893
2010-04-05,1,Risk-Off,0.9999992548912862
2010-04-06,1,Risk-Off,0.9999993710918874
2010-04-07,1,Risk-Off,0.9999994071114936
2010-04-08,1,Risk-Off,0.9999992185806474
2010-04-09,1,Risk-Off,0.9999992780433663
2010-04-12,1,Risk-Off,0.999999322845044
2010-04-13,1,Risk-Off,0.9999993518688197
2010-04-14,1,Risk-Off,0.9999990995351671
2010-04-15,1,Risk-Off,0.9999995324834527
2010-04-16,1,Risk-Off,0.9999995915823926
2010-04-19,1,Risk-Off,0.999999620620728
2010-04-20,1,Risk-Off,0.9999995504950776
2010-04-21,1,Risk-Off,0.9999996294537372
2010-04-22,1,Risk-Off,0.9999996065599454
2010-04-23,1,Risk-Off,0.9999995346844289
2010-04-26,1,Risk-Off,0.9999996363549806
2010-04-27,1,Risk-Off,0.9999990126021076
2010-04-28,1,Risk-Off,0.9999994447900185
2010-04-29,1,Risk-Off,0.9999982526366499
2010-04-30,1,Risk-Off,0.999916477339256
2010-05-03,1,Risk-Off,0.9981221287068246
2010-05-04,1,Risk-Off,0.915252873077796
2010-05-05,1,Risk-Off,0.6754876632996962
2010-05-06,3,High-Volatility,0.9995946944420427
2010-05-07,3,High-Volatility,0.999999999996362
2010-05-10,3,High-Volatility,0.9999967529491153
2010-05-11,3,High-Volatility,0.9999999825340639
2010-05-12,3,High-Volatility,0.999999555530038
2010-05-13,3,High-Volatility,0.9999999592437242
2010-05-14,3,High-Volatility,0.9999999973115337
2010-05-17,3,High-Volatility,0.9999999854408089
2010-05-18,3,High-Volatility,0.9999999999672582
2010-05-19,3,High-Volatility,0.999999999992724
2010-05-20,3,High-Volatility,1.0
2010-05-21,3,High-Volatility,1.0
2010-05-24,3,High-Volatility,1.0
2010-05-25,3,High-Volatility,0.9999999999527063
2010-05-26,3,High-Volatility,1.0
2010-05-27,3,High-Volatility,0.9999999977444531
2010-05-28,3,High-Volatility,0.999999999992724
2010-06-01,3,High-Volatility,1.0
2010-06-02,3,High-Volatility,0.9999999854953786
2010-06-03,3,High-Volatility,0.9999999937572284
2010-06-04,3,High-Volatility,0.9999999999454303
2010-06-07,3,High-Volatility,0.9999999719730117
2010-06-08,3,High-Volatility,0.9999999893298083
2010-06-09,3,High-Volatility,0.99999999519423
2010-06-10,3,High-Volatility,0.9999996903898616
2010-06-11,3,High-Volatility,0.9999992001652133
2010-06-14,3,High-Volatility,0.9998307500516894
2010-06-15,3,High-Volatility,0.9935875959166485
2010-06-16,3,High-Volatility,0.976154237595158
2010-06-17,3,High-Volatility,0.9135266430840316
2010-06-18,3,High-Volatility,0.8601074717146917
2010-06-21,3,High-Volatility,0.8189732187405423
2010-06-22,3,High-Volatility,0.8096960839810283
2010-06-23,3,High-Volatility,0.8087209996283842
2010-06-24,3,High-Volatility,0.8127824380170683
2010-06-25,3,High-Volatility,0.8178877473826475
2010-06-28,3,High-Volatility,0.8260064803540352
2010-06-29,3,High-Volatility,0.8425612592184595
2010-06-30,3,High-Volatility,0.8430676812291638
2010-07-01,3,High-Volatility,0.7885109552883094
2010-07-02,1,Risk-Off,0.6020900490945345
2010-07-06,1,Risk-Off,0.806721861454345
2010-07-07,1,Risk-Off,0.8962372175170477
2010-07-08,1,Risk-Off,0.9553776010011169
2010-07-09,1,Risk-Off,0.9881979884785949
2010-07-12,1,Risk-Off,0.9975726637922582
2010-07-13,1,Risk-Off,0.9994861131282197
2010-07-14,1,Risk-Off,0.9999091170403517
2010-07-15,1,Risk-Off,0.9999726167663877
2010-07-16,1,Risk-Off,0.9999583792999682
2010-07-19,1,Risk-Off,0.9999643045234711
2010-07-20,1,Risk-Off,0.9999813835734421
2010-07-21,1,Risk-Off,0.999983070612474
2010-07-22,1,Risk-Off,0.9999804968912158
2010-07-23,1,Risk-Off,0.9999778839673126
2010-07-26,1,Risk-Off,0.9999792997728703
2010-07-27,1,Risk-Off,0.9999836491142374
2010-07-28,1,Risk-Off,0.9999768240079839
2010-07-29,1,Risk-Off,0.9999758906883977
2010-07-30,1,Risk-Off,0.9999797697864751
2010-08-02,1,Risk-Off,0.9999704351835491
2010-08-03,1,Risk-Off,0.9999894753608676
2010-08-04,1,Risk-Off,0.9999946992642863
2010-08-05,1,Risk-Off,0.9999972619117412
2010-08-06,1,Risk-Off,0.9999978629407549
2010-08-09,1,Risk-Off,0.9999979404004371
2010-08-10,1,Risk-Off,0.9999979060543506
2010-08-11,1,Risk-Off,0.9999923210784045
2010-08-12,1,Risk-Off,0.9999885794602091
2010-08-13,1,Risk-Off,0.999992404158292
2010-08-16,1,Risk-Off,0.9999955853406521
2010-08-17,1,Risk-Off,0.9999969510619036
2010-08-18,1,Risk-Off,0.9999973951268933
2010-08-19,1,Risk-Off,0.9999957631533731
2010-08-20,1,Risk-Off,0.9999963369622279
2010-08-23,1,Risk-Off,0.999994641024194
2010-08-24,1,Risk-Off,0.9999873798074622
2010-08-25,1,Risk-Off,0.9999942356755738
2010-08-26,1,Risk-Off,0.9999934569528123
2010-08-27,1,Risk-Off,0.9999955495249095
2010-08-30,1,Risk-Off,0.9999786337057024
2010-08-31,1,Risk-Off,0.9999899822716279
2010-09-01,1,Risk-Off,0.9999955385382625
2010-09-02,1,Risk-Off,0.999994033696175
2010-09-03,1,Risk-Off,0.9999966082999201
2010-09-07,1,Risk-Off,0.9999938102637886
2010-09-08,1,Risk-Off,0.9999968080788686
2010-09-09,1,Risk-Off,0.9999977876929649
2010-09-10,1,Risk-Off,0.9999978541877966
2010-09-13,1,Risk-Off,0.9999974200069659
2010-09-14,1,Risk-Off,0.9999983066350764
2010-09-15,1,Risk-Off,0.99999852615037
2010-09-16,1,Risk-Off,0.9999985950899691
2010-09-17,1,Risk-Off,0.9999986853917563
2010-09-20,1,Risk-Off,0.9999987468407774
2010-09-21,1,Risk-Off,0.9999987347990827
2010-09-22,1,Risk-Off,0.9999988965725327
2010-09-23,1,Risk-Off,0.9999987296113315
2010-09-24,1,Risk-Off,0.9999984455328816
2010-09-27,1,Risk-Off,0.9999985910227146
2010-09-28,1,Risk-Off,0.9999988224851788
2010-09-29,1,Risk-Off,0.9999989100475914
2010-09-30,1,Risk-Off,0.9999990502878935
2010-10-01,1,Risk-Off,0.9999991401240609
2010-10-04,1,Risk-Off,0.9999982747446087
2010-10-05,1,Risk-Off,0.9999990675355348
2010-10-06,1,Risk-Off,0.999998844349406
2010-10-07,1,Risk-Off,0.9999986371958776
2010-10-08,1,Risk-Off,0.9999988185125107
2010-10-11,1,Risk-Off,0.9999992356536688
2010-10-12,1,Risk-Off,0.999999324551255
2010-10-13,1,Risk-Off,0.9999994166830102
2010-10-14,1,Risk-Off,0.9999993271014763
2010-10-15,1,Risk-Off,0.9999994207248023
2010-10-18,1,Risk-Off,0.9999994663341173
2010-10-19,1,Risk-Off,0.9999990887449317
2010-10-20,1,Risk-Off,0.9999992994055628
2010-10-21,1,Risk-Off,0.9999993775565718
2010-10-22,1,Risk-Off,0.9999994964965839
2010-10-25,1,Risk-Off,0.9999995271283505
2010-10-26,1,Risk-Off,0.9999995420149529
2010-10-27,1,Risk-Off,0.9999995100080304
2010-10-28,1,Risk-Off,0.999999485258873
2010-10-29,1,Risk-Off,0.999999487485315
2010-11-01,1,Risk-Off,0.9999993721832804
2010-11-02,1,Risk-Off,0.9999992724081412
2010-11-03,1,Risk-Off,0.9999992235101048
2010-11-04,1,Risk-Off,0.9999992956075155
2010-11-05,1,Risk-Off,0.9999994627325202
2010-11-08,1,Risk-Off,0.9999994580177022
2010-11-09,1,Risk-Off,0.9999992908708705
2010-11-10,1,Risk-Off,0.9999994466271968
2010-11-11,1,Risk-Off,0.9999993941020892
2010-11-12,1,Risk-Off,0.9999991085355185
2010-11-15,1,Risk-Off,0.999999121581299
2010-11-16,1,Risk-Off,0.9999987494637569
2010-11-17,1,Risk-Off,0.9999990521505369
2010-11-18,1,Risk-Off,0.999999169191487
2010-11-19,1,Risk-Off,0.9999993262574658
2010-11-22,1,Risk-Off,0.9999993824169084
2010-11-23,1,Risk-Off,0.9999990295914519
2010-11-24,1,Risk-Off,0.9999993251769869
2010-11-26,1,Risk-Off,0.9999991635780904
2010-11-29,1,Risk-Off,0.9999993153580887
2010-11-30,1,Risk-Off,0.9999990913097044
2010-12-01,1,Risk-Off,0.999999376581594
2010-12-02,1,Risk-Off,0.9999993755593226
2010-12-03,1,Risk-Off,0.9999992867672333
2010-12-06,1,Risk-Off,0.9999992540145339
2010-12-07,1,Risk-Off,0.9999991706648672
2010-12-08,1,Risk-Off,0.9999984325416796
2010-12-09,1,Risk-Off,0.9999968685382473
2010-12-10,1,Risk-Off,0.9999938867627365
2010-12-13,1,Risk-Off,0.9999945952986844
2010-12-14,1,Risk-Off,0.9999934068581731
2010-12-15,1,Risk-Off,0.9999927304825655
2010-12-16,1,Risk-Off,0.9999932328002398
2010-12-17,1,Risk-Off,0.9999961415562071
2010-12-20,1,Risk-Off,0.9999972338193462
2010-12-21,1,Risk-Off,0.9999944221827756
2010-12-22,1,Risk-Off,0.9999874843180039
2010-12-23,1,Risk-Off,0.9999938147566647
2010-12-27,1,Risk-Off,0.9999940243866429
2010-12-28,1,Risk-Off,0.99999382647816
2010-12-29,1,Risk-Off,0.9999906251799228
2010-12-30,1,Risk-Off,0.9999950413271269
2010-12-31,1,Risk-Off,0.9999973807896563
2011-01-03,1,Risk-Off,0.9999970211837337
2011-01-04,1,Risk-Off,0.9999985304067989
2011-01-05,1,Risk-Off,0.9999980764605735
2011-01-06,1,Risk-Off,0.9999992415581039
2011-01-07,1,Risk-Off,0.9999994762185005
2011-01-10,1,Risk-Off,0.9999995803883365
2011-01-11,1,Risk-Off,0.999999453015484
2011-01-12,1,Risk-Off,0.9999994658357144
2011-01-13,1,Risk-Off,0.9999995849139802
2011-01-14,1,Risk-Off,0.9999995010367791
2011-01-18,1,Risk-Off,0.9999996051811519
2011-01-19,1,Risk-Off,0.9999995891813276
2011-01-20,1,Risk-Off,0.999999589425072
2011-01-21,1,Risk-Off,0.9999996000625178
2011-01-24,1,Risk-Off,0.9999996486367926
2011-01-25,1,Risk-Off,0.9999996621264133
2011-01-26,1,Risk-Off,0.9999996209918017
2011-01-27,1,Risk-Off,0.9999995667313698
2011-01-28,1,Risk-Off,0.9999993374369672
2011-01-31,1,Risk-Off,0.9999996597762798
2011-02-01,1,Risk-Off,0.9999995839171745
2011-02-02,1,Risk-Off,0.9999995742874486
2011-02-03,1,Risk-Off,0.9999995774961445
2011-02-04,1,Risk-Off,0.9999994873434339
2011-02-07,1,Risk-Off,0.9999993138265006
2011-02-08,1,Risk-Off,0.9999990533328789
2011-02-09,1,Risk-Off,0.9999994744686336
2011-02-10,1,Risk-Off,0.9999994873106921
2011-02-11,1,Risk-Off,0.9999994257488481
2011-02-14,1,Risk-Off,0.9999994267311019
2011-02-15,1,Risk-Off,0.9999994675128218
2011-02-16,1,Risk-Off,0.9999994263818561
2011-02-17,1,Risk-Off,0.9999994432366024
2011-02-18,1,Risk-Off,0.9999994577885096
2011-02-22,1,Risk-Off,0.9999992048145465
2011-02-23,1,Risk-Off,0.9999992905652805
2011-02-24,1,Risk-Off,0.9999994755527507
2011-02-25,1,Risk-Off,0.9999996617480637
2011-02-28,1,Risk-Off,0.9999996169572848
2011-03-01,1,Risk-Off,0.999999296291455
2011-03-02,1,Risk-Off,0.9999993793209904
2011-03-03,1,Risk-Off,0.999999564948761
2011-03-04,1,Risk-Off,0.9999991527041808
2011-03-07,1,Risk-Off,0.9999981849267089
2011-03-08,1,Risk-Off,0.9999990355104377
2011-03-09,1,Risk-Off,0.999995935778389
2011-03-10,1,Risk-Off,0.9999651014127898
2011-03-11,1,Risk-Off,0.9999252593908534
2011-03-14,1,Risk-Off,0.9986423731323713
2011-03-15,1,Risk-Off,0.9878410061750408
2011-03-16,1,Risk-Off,0.978880943812049
2011-03-17,1,Risk-Off,0.9869555527719283
2011-03-18,1,Risk-Off,0.9960461060354963
2011-03-21,1,Risk-Off,0.999859871095463
2011-03-22,1,Risk-Off,0.9999964008849214
2011-03-23,1,Risk-Off,0.9999995128056348
2011-03-24,1,Risk-Off,0.9999995791987178
2011-03-25,1,Risk-Off,0.9999995958788439
2011-03-28,1,Risk-Off,0.9999994452520415
2011-03-29,1,Risk-Off,0.9999996103907356
2011-03-30,1,Risk-Off,0.9999996224069749
2011-03-31,1,Risk-Off,0.99999959682108
2011-04-01,1,Risk-Off,0.9999995051658831
2011-04-04,1,Risk-Off,0.9999995001927685
2011-04-05,1,Risk-Off,0.9999995074650846
2011-04-06,1,Risk-Off,0.999999459607498
2011-04-07,1,Risk-Off,0.9999994212886887
2011-04-08,1,Risk-Off,0.9999995675608286
2011-04-11,1,Risk-Off,0.9999993867169967
2011-04-12,1,Risk-Off,0.9999990085966969
2011-04-13,1,Risk-Off,0.999991877368549
2011-04-14,1,Risk-Off,0.9999945761775714
2011-04-15,1,Risk-Off,0.9999968340939723
2011-04-18,1,Risk-Off,0.9999996333500111
2011-04-19,1,Risk-Off,0.9999993574858553
2011-04-20,1,Risk-Off,0.9999991914267952
2011-04-21,1,Risk-Off,0.9999995656035969
2011-04-25,1,Risk-Off,0.9999996576335111
2011-04-26,1,Risk-Off,0.9999995230028845
2011-04-27,1,Risk-Off,0.9999995698345644
2011-04-28,1,Risk-Off,0.9999995877879823
2011-04-29,1,Risk-Off,0.9999995817671299
2011-05-02,1,Risk-Off,0.9999994735045696
2011-05-03,1,Risk-Off,0.9999994875398847
2011-05-04,1,Risk-Off,0.999999470146717
2011-05-05,1,Risk-Off,0.9999994048559481
2011-05-06,1,Risk-Off,0.9999994258689014
2011-05-09,1,Risk-Off,0.9999994195133561
2011-05-10,1,Risk-Off,0.9999994552455638
2011-05-11,1,Risk-Off,0.9999995494837199
2011-05-12,1,Risk-Off,0.9999994970822982
2011-05-13,1,Risk-Off,0.9999993946878034
2011-05-16,1,Risk-Off,0.9999992929627067
2011-05-17,1,Risk-Off,0.9999995200743129
2011-05-18,1,Risk-Off,0.9999995266444995
2011-05-19,1,Risk-Off,0.999999606949209
2011-05-20,1,Risk-Off,0.9999994585524847
2011-05-23,1,Risk-Off,0.9999993902967657
2011-05-24,1,Risk-Off,0.9999994035681044
2011-05-25,1,Risk-Off,0.9999994882965838
2011-05-26,1,Risk-Off,0.9999995808539975
2011-05-27,1,Risk-Off,0.999999612417089
2011-05-31,1,Risk-Off,0.999999599535011
2011-06-01,1,Risk-Off,0.9999983351349545
2011-06-02,1,Risk-Off,0.9999978947184324
2011-06-03,1,Risk-Off,0.999998088029324
2011-06-06,1,Risk-Off,0.9999977538307336
2011-06-07,1,Risk-Off,0.9999982488640724
2011-06-08,1,Risk-Off,0.9999977750291887
2011-06-09,1,Risk-Off,0.9999985935765721
2011-06-10,1,Risk-Off,0.9999981423769869
2011-06-13,1,Risk-Off,0.9999981898306954
2011-06-14,1,Risk-Off,0.999998025208828
2011-06-15,1,Risk-Off,0.9999855690571066
2011-06-16,1,Risk-Off,0.9999730119310926
2011-06-17,1,Risk-Off,0.99998084936817
2011-06-20,1,Risk-Off,0.999996431949511
2011-06-21,1,Risk-Off,0.9999982875939277
2011-06-22,1,Risk-Off,0.999998146273255
2011-06-23,1,Risk-Off,0.9999972696824427
2011-06-24,1,Risk-Off,0.9999876105724862
2011-06-27,1,Risk-Off,0.9999918668548757
2011-06-28,1,Risk-Off,0.9999964200206212
2011-06-29,1,Risk-Off,0.9999986877018698
2011-06-30,1,Risk-Off,0.9999990418550666
2011-07-01,1,Risk-Off,0.9999991017361423
2011-07-05,1,Risk-Off,0.9999993617786676
2011-07-06,1,Risk-Off,0.9999993705571049
2011-07-07,1,Risk-Off,0.999999120529924
2011-07-08,1,Risk-Off,0.9999994193023535
2011-07-11,1,Risk-Off,0.999998917065245
2011-07-12,1,Risk-Off,0.9999983227549333
2011-07-13,1,Risk-Off,0.9999984455146919
2011-07-14,1,Risk-Off,0.9999989710891732
2011-07-15,1,Risk-Off,0.9999989779140145
2011-07-18,1,Risk-Off,0.9999989152789993
2011-07-19,1,Risk-Off,0.9999987493837215
2011-07-20,1,Risk-Off,0.9999988379829504
2011-07-21,1,Risk-Off,0.9999990415567527
2011-07-22,1,Risk-Off,0.9999990489163768
2011-07-25,1,Risk-Off,0.9999953090337818
2011-07-26,1,Risk-Off,0.9998511028475108
2011-07-27,1,Risk-Off,0.994113226476748
2011-07-28,1,Risk-Off,0.9136908304528584
2011-07-29,1,Risk-Off,0.5218702467678904
2011-08-01,3,High-Volatility,0.925028035539273
2011-08-02,3,High-Volatility,0.9946810316540599
2011-08-03,3,High-Volatility,0.9993458541747434
2011-08-04,3,High-Volatility,0.9999999992687663
2011-08-05,3,High-Volatility,0.9999999999563443
2011-08-08,3,High-Volatility,1.0
2011-08-09,3,High-Volatility,1.0
2011-08-10,3,High-Volatility,1.0
2011-08-11,3,High-Volatility,1.0
2011-08-12,3,High-Volatility,1.0
2011-08-15,3,High-Volatility,1.0
2011-08-16,3,High-Volatility,1.0
2011-08-17,3,High-Volatility,1.0
2011-08-18,3,High-Volatility,1.0
2011-08-19,3,High-Volatility,1.0
2011-08-22,3,High-Volatility,1.0
2011-08-23,3,High-Volatility,1.0
2011-08-24,3,High-Volatility,1.0
2011-08-25,3,High-Volatility,1.0
2011-08-26,3,High-Volatility,1.0
2011-08-29,3,High-Volatility,1.0
2011-08-30,3,High-Volatility,1.0
2011-08-31,3,High-Volatility,1.0
2011-09-01,3,High-Volatility,1.0
2011-09-02,3,High-Volatility,1.0
2011-09-06,3,High-Volatility,1.0
2011-09-07,3,High-Volatility,1.0
2011-09-08,3,High-Volatility,0.999999999996362
2011-09-09,3,High-Volatility,1.0
2011-09-12,3,High-Volatility,1.0
2011-09-13,3,High-Volatility,1.0
2011-09-14,3,High-Volatility,0.9999999999890861
2011-09-15,3,High-Volatility,0.9999999999745341
2011-09-16,3,High-Volatility,0.9999999996434781
2011-09-19,3,High-Volatility,0.9999999993524398
2011-09-20,3,High-Volatility,0.9999999995925464
2011-09-21,3,High-Volatility,0.9999999999090505
2011-09-22,3,High-Volatility,1.0
2011-09-23,3,High-Volatility,0.999999999996362
2011-09-26,3,High-Volatility,0.999999999996362
2011-09-27,3,High-Volatility,0.999999999996362
2011-09-28,3,High-Volatility,1.0
2011-09-29,3,High-Volatility,0.999999999996362
2011-09-30,3,High-Volatility,1.0
2011-10-03,3,High-Volatility,1.0
2011-10-04,3,High-Volatility,0.9999999999854481
2011-10-05,3,High-Volatility,0.9999999999199645
2011-10-06,3,High-Volatility,0.9999999997016857
2011-10-07,3,High-Volatility,0.9999999984429451
2011-10-10,3,High-Volatility,0.9999999987667252
2011-10-11,3,High-Volatility,0.9999999976280378
2011-10-12,3,High-Volatility,0.9999999937026587
2011-10-13,3,High-Volatility,0.9999999838983059
2011-10-14,3,High-Volatility,0.9999999631872931
2011-10-17,3,High-Volatility,0.9999999924330041
2011-10-18,3,High-Volatility,0.9999999909705366
2011-10-19,3,High-Volatility,0.9999999921601557
2011-10-20,3,High-Volatility,0.9999999853134797
2011-10-21,3,High-Volatility,0.9999999922620191
2011-10-24,3,High-Volatility,0.9999999838219084
2011-10-25,3,High-Volatility,0.9999999053034161
2011-10-26,3,High-Volatility,0.9999999925530574
2011-10-27,3,High-Volatility,0.999999999494321
2011-10-28,3,High-Volatility,0.9999999988976924
2011-10-31,3,High-Volatility,0.999999967472832
2011-11-01,3,High-Volatility,0.9999999712745198
2011-11-02,3,High-Volatility,0.9999999954998202
2011-11-03,3,High-Volatility,0.9999999889660104
2011-11-04,3,High-Volatility,0.9999999388237503
2011-11-07,3,High-Volatility,0.999999903637222
2011-11-08,3,High-Volatility,0.9999998531457203
2011-11-09,3,High-Volatility,0.9999999876454241
2011-11-10,3,High-Volatility,0.9999999926476448
2011-11-11,3,High-Volatility,0.9999999767387637
2011-11-14,3,High-Volatility,0.9999999516439869
2011-11-15,3,High-Volatility,0.9999999417195812
2011-11-16,3,High-Volatility,0.9999999584651968
2011-11-17,3,High-Volatility,0.9999999776664483
2011-11-18,3,High-Volatility,0.9999999525425676
2011-11-21,3,High-Volatility,0.9999999835672498
2011-11-22,3,High-Volatility,0.9999999544998001
2011-11-23,3,High-Volatility,0.9999999955944077
2011-11-25,3,High-Volatility,0.9999999992833182
2011-11-28,3,High-Volatility,0.999999997078703
2011-11-29,3,High-Volatility,0.9999999902574928
2011-11-30,3,High-Volatility,0.9999999706160456
2011-12-01,3,High-Volatility,0.9999999882093108
2011-12-02,3,High-Volatility,0.999999974646926
2011-12-05,3,High-Volatility,0.9999999611136453
2011-12-06,3,High-Volatility,0.9999999683241191
2011-12-07,3,High-Volatility,0.9999999615320129
2011-12-08,3,High-Volatility,0.9999997813029279
2011-12-09,3,High-Volatility,0.999999579351513
2011-12-12,3,High-Volatility,0.9999993487656258
2011-12-13,3,High-Volatility,0.999999480853283
2011-12-14,3,High-Volatility,0.9999993415915363
2011-12-15,3,High-Volatility,0.9999992508458568
2011-12-16,3,High-Volatility,0.9999988308670722
2011-12-19,3,High-Volatility,0.9999982669302437
2011-12-20,3,High-Volatility,0.9999996554034308
2011-12-21,3,High-Volatility,0.9999988949063403
2011-12-22,3,High-Volatility,0.9999939746375812
2011-12-23,3,High-Volatility,0.9998525111295712
2011-12-27,3,High-Volatility,0.9961097455901358
2011-12-28,3,High-Volatility,0.972941471888236
2011-12-29,3,High-Volatility,0.892233083984364
2011-12-30,3,High-Volatility,0.7016239707035007
2012-01-03,1,Risk-Off,0.5279363095983349
2012-01-04,1,Risk-Off,0.7451874225696572
2012-01-05,1,Risk-Off,0.876773458597544
2012-01-06,1,Risk-Off,0.9467311914438716
2012-01-09,1,Risk-Off,0.9770026182844602
2012-01-10,1,Risk-Off,0.99415547708888
2012-01-11,1,Risk-Off,0.9990778794639407
2012-01-12,1,Risk-Off,0.9998705657189768
2012-01-13,1,Risk-Off,0.9999818938997388
2012-01-17,1,Risk-Off,0.999993953744795
2012-01-18,1,Risk-Off,0.9999950421238403
2012-01-19,1,Risk-Off,0.9999961731301038
2012-01-20,1,Risk-Off,0.9999981148957464
2012-01-23,1,Risk-Off,0.9999987810013562
2012-01-24,1,Risk-Off,0.9999989456269861
2012-01-25,1,Risk-Off,0.9999988075694834
2012-01-26,1,Risk-Off,0.999998918211207
2012-01-27,1,Risk-Off,0.9999987265299675
2012-01-30,1,Risk-Off,0.9999989387803172
2012-01-31,1,Risk-Off,0.9999987537165488
2012-02-01,1,Risk-Off,0.9999987914096009
2012-02-02,1,Risk-Off,0.9999991115805041
2012-02-03,1,Risk-Off,0.999998858399264
2012-02-06,1,Risk-Off,0.9999992861778811
2012-02-07,1,Risk-Off,0.9999992546766456
2012-02-08,1,Risk-Off,0.9999994027386457
2012-02-09,1,Risk-Off,0.9999994533137981
2012-02-10,1,Risk-Off,0.9999995579492928
2012-02-13,1,Risk-Off,0.9999993354906499
2012-02-14,1,Risk-Off,0.9999994006286193
2012-02-15,1,Risk-Off,0.9999995284962299
2012-02-16,1,Risk-Off,0.9999994167921495
2012-02-17,1,Risk-Off,0.9999995577528421
2012-02-21,1,Risk-Off,0.9999995513027086
2012-02-22,1,Risk-Off,0.9999995831968549
2012-02-23,1,Risk-Off,0.9999993466992552
2012-02-24,1,Risk-Off,0.9999994804130878
2012-02-27,1,Risk-Off,0.9999995324034173
2012-02-28,1,Risk-Off,0.9999995846484079
2012-02-29,1,Risk-Off,0.9999997521809144
2012-03-01,1,Risk-Off,0.9999995786421074
2012-03-02,1,Risk-Off,0.9999997108607622
2012-03-05,1,Risk-Off,0.9999997659070051
2012-03-06,1,Risk-Off,0.9999997122177279
2012-03-07,1,Risk-Off,0.9999996195329728
2012-03-08,1,Risk-Off,0.9999995835752046
2012-03-09,1,Risk-Off,0.9999995767394453
2012-03-12,1,Risk-Off,0.9999993832427291
2012-03-13,1,Risk-Off,0.9999987349882574
2012-03-14,1,Risk-Off,0.9999994382089185
2012-03-15,1,Risk-Off,0.9999990595137991
2012-03-16,1,Risk-Off,0.9999994080137118
2012-03-19,1,Risk-Off,0.9999995964209025
2012-03-20,1,Risk-Off,0.9999996754559632
2012-03-21,1,Risk-Off,0.9999996316510756
2012-03-22,1,Risk-Off,0.9999997617597103
2012-03-23,1,Risk-Off,0.9999996581682937
2012-03-26,1,Risk-Off,0.9999993880994278
2012-03-27,1,Risk-Off,0.9999997324521603
2012-03-28,1,Risk-Off,0.999999730367599
2012-03-29,1,Risk-Off,0.9999997564373485
2012-03-30,1,Risk-Off,0.999999751915342
2012-04-02,1,Risk-Off,0.9999997351770058
2012-04-03,1,Risk-Off,0.9999997293635172
2012-04-04,1,Risk-Off,0.9999998080857224
2012-04-05,1,Risk-Off,0.9999997870436572
2012-04-09,1,Risk-Off,0.9999997110062813
2012-04-10,1,Risk-Off,0.9999988278148115
2012-04-11,1,Risk-Off,0.9999990845176042
2012-04-12,1,Risk-Off,0.9999995641447681
2012-04-13,1,Risk-Off,0.9999985259175397
2012-04-16,1,Risk-Off,0.9999984095606038
2012-04-17,1,Risk-Off,0.9999991782027531
2012-04-18,1,Risk-Off,0.9999985651749119
2012-04-19,1,Risk-Off,0.9999982530804825
2012-04-20,1,Risk-Off,0.9999988927417454
2012-04-23,1,Risk-Off,0.9999976890639445
2012-04-24,1,Risk-Off,0.999998782169146
2012-04-25,1,Risk-Off,0.9999993755338568
2012-04-26,1,Risk-Off,0.99999924882678
2012-04-27,1,Risk-Off,0.9999992149463095
2012-04-30,1,Risk-Off,0.9999991474982376
2012-05-01,1,Risk-Off,0.9999994735809672
2012-05-02,1,Risk-Off,0.9999994458122899
2012-05-03,1,Risk-Off,0.9999994774008429
2012-05-04,1,Risk-Off,0.9999989557041767
2012-05-07,1,Risk-Off,0.9999993479325292
2012-05-08,1,Risk-Off,0.9999994931350932
2012-05-09,1,Risk-Off,0.9999994126812358
2012-05-10,1,Risk-Off,0.9999994924475155
2012-05-11,1,Risk-Off,0.9999995153995125
2012-05-14,1,Risk-Off,0.9999990345754781
2012-05-15,1,Risk-Off,0.9999987846284166
2012-05-16,1,Risk-Off,0.9999986464981767
2012-05-17,1,Risk-Off,0.999994935564337
2012-05-18,1,Risk-Off,0.9999910372681938
2012-05-21,1,Risk-Off,0.9999981073324028
2012-05-22,1,Risk-Off,0.9999950262114
2012-05-23,1,Risk-Off,0.9999959919740208
2012-05-24,1,Risk-Off,0.9999949818428322
2012-05-25,1,Risk-Off,0.9999684038419603
2012-05-29,1,Risk-Off,0.9996781906426109
2012-05-30,1,Risk-Off,0.9928059885254145
2012-05-31,1,Risk-Off,0.9807481106771049
2012-06-01,1,Risk-Off,0.955846220656264
2012-06-04,1,Risk-Off,0.9560148783200145
2012-06-05,1,Risk-Off,0.9608078602639815
2012-06-06,1,Risk-Off,0.9684476638985223
2012-06-07,1,Risk-Off,0.9721364286335114
2012-06-08,1,Risk-Off,0.9748926409054877
2012-06-11,1,Risk-Off,0.9767860265911633
2012-06-12,1,Risk-Off,0.9839819977504156
2012-06-13,1,Risk-Off,0.9883123907633273
2012-06-14,1,Risk-Off,0.9955431818374597
2012-06-15,1,Risk-Off,0.9984418719113108
2012-06-18,1,Risk-Off,0.9996525139836098
2012-06-19,1,Risk-Off,0.9999339839014375
2012-06-20,1,Risk-Off,0.9999880080313774
2012-06-21,1,Risk-Off,0.999993691884698
2012-06-22,1,Risk-Off,0.9999906145534864
2012-06-25,1,Risk-Off,0.9999893420485462
2012-06-26,1,Risk-Off,0.9999859512431658
2012-06-27,1,Risk-Off,0.9999793832154663
2012-06-28,1,Risk-Off,0.9999697744881423
2012-06-29,1,Risk-Off,0.9999010357574848
2012-07-02,1,Risk-Off,0.9999486796186704
2012-07-03,1,Risk-Off,0.9999768846334974
2012-07-05,1,Risk-Off,0.9999940925837884
2012-07-06,1,Risk-Off,0.9999964837577837
2012-07-09,1,Risk-Off,0.9999959892673754
2012-07-10,1,Risk-Off,0.999996044367983
2012-07-11,1,Risk-Off,0.9999958314052066
2012-07-12,1,Risk-Off,0.9999955617702918
2012-07-13,1,Risk-Off,0.9999929911528
2012-07-16,1,Risk-Off,0.9999964441039549
2012-07-17,1,Risk-Off,0.9999971926775585
2012-07-18,1,Risk-Off,0.9999975586900077
2012-07-19,1,Risk-Off,0.9999982794084895
2012-07-20,1,Risk-Off,0.9999987118252759
2012-07-23,1,Risk-Off,0.9999985138758477
2012-07-24,1,Risk-Off,0.9999982867062625
2012-07-25,1,Risk-Off,0.9999980530938809
2012-07-26,1,Risk-Off,0.9999967142156815
2012-07-27,1,Risk-Off,0.9999949921346226
2012-07-30,1,Risk-Off,0.9999981385425644
2012-07-31,1,Risk-Off,0.9999987129494099
2012-08-01,1,Risk-Off,0.9999991455228168
2012-08-02,1,Risk-Off,0.9999991921180106
2012-08-03,1,Risk-Off,0.9999979521438086
2012-08-06,1,Risk-Off,0.9999985076439992
2012-08-07,1,Risk-Off,0.9999984106738236
2012-08-08,1,Risk-Off,0.9999989243084529
2012-08-09,1,Risk-Off,0.9999989586145568
2012-08-10,1,Risk-Off,0.9999992040069159
2012-08-13,1,Risk-Off,0.9999992801242887
2012-08-14,1,Risk-Off,0.9999994855644632
2012-08-15,1,Risk-Off,0.9999995855215225
2012-08-16,1,Risk-Off,0.9999995447652635
2012-08-17,1,Risk-Off,0.9999995711260463
2012-08-20,1,Risk-Off,0.9999994406208971
2012-08-21,1,Risk-Off,0.9999994297833643
2012-08-22,1,Risk-Off,0.999999428426399
2012-08-23,1,Risk-Off,0.9999996674233087
2012-08-24,1,Risk-Off,0.999999560637758
2012-08-27,1,Risk-Off,0.9999996365732592
2012-08-28,1,Risk-Off,0.9999995973631386
2012-08-29,1,Risk-Off,0.9999996380830198
2012-08-30,1,Risk-Off,0.9999997561572243
2012-08-31,1,Risk-Off,0.9999997882732938
2012-09-04,1,Risk-Off,0.9999997570703567
2012-09-05,1,Risk-Off,0.9999997639315831
2012-09-06,1,Risk-Off,0.99999956191105
2012-09-07,1,Risk-Off,0.9999996258375876
2012-09-10,1,Risk-Off,0.9999996447259667
2012-09-11,1,Risk-Off,0.9999996341540042
2012-09-12,1,Risk-Off,0.9999996748375071
2012-09-13,1,Risk-Off,0.9999994004285305
2012-09-14,1,Risk-Off,0.9999994768624224
2012-09-17,1,Risk-Off,0.9999996571132802
2012-09-18,1,Risk-Off,0.9999996573097311
2012-09-19,1,Risk-Off,0.999999587831638
2012-09-20,1,Risk-Off,0.9999995927610973
2012-09-21,1,Risk-Off,0.9999995935068826
2012-09-24,1,Risk-Off,0.9999996362967729
2012-09-25,1,Risk-Off,0.9999997112645777
2012-09-26,1,Risk-Off,0.9999996618899448
2012-09-27,1,Risk-Off,0.9999993134335993
2012-09-28,1,Risk-Off,0.9999995869403335
2012-10-01,1,Risk-Off,0.9999993075982853
2012-10-02,1,Risk-Off,0.9999992899104447
2012-10-03,1,Risk-Off,0.9999991383341769
2012-10-04,1,Risk-Off,0.9999991659100328
2012-10-05,1,Risk-Off,0.9999994477367797
2012-10-08,1,Risk-Off,0.9999994257997799
2012-10-09,1,Risk-Off,0.9999995468207207
2012-10-10,1,Risk-Off,0.9999994516112249
2012-10-11,1,Risk-Off,0.9999993905295962
2012-10-12,1,Risk-Off,0.9999995463805255
2012-10-15,1,Risk-Off,0.9999991451626572
2012-10-16,1,Risk-Off,0.999999187992546
2012-10-17,1,Risk-Off,0.9999993762141584
2012-10-18,1,Risk-Off,0.9999994907485803
2012-10-19,1,Risk-Off,0.9999996635706905
2012-10-22,1,Risk-Off,0.999999386676979
2012-10-23,1,Risk-Off,0.99999955840404
2012-10-24,1,Risk-Off,0.99999932376909
2012-10-25,1,Risk-Off,0.9999993808925962
2012-10-26,1,Risk-Off,0.9999994103383789
2012-10-31,1,Risk-Off,0.9999992968262376
2012-11-01,1,Risk-Off,0.9999982426103978
2012-11-02,1,Risk-Off,0.9999993747698818
2012-11-05,1,Risk-Off,0.9999992662526856
2012-11-06,1,Risk-Off,0.999999141306403
2012-11-07,1,Risk-Off,0.9999989605390456
2012-11-08,1,Risk-Off,0.9999972252082742
2012-11-09,1,Risk-Off,0.9999960620048346
2012-11-12,1,Risk-Off,0.9999969644932805
2012-11-13,1,Risk-Off,0.999997025807591
2012-11-14,1,Risk-Off,0.9999954832121292
2012-11-15,1,Risk-Off,0.9999941333143594
2012-11-16,1,Risk-Off,0.9999953684016811
2012-11-19,1,Risk-Off,0.9999936919938367
2012-11-20,1,Risk-Off,0.9999939864027338
2012-11-21,1,Risk-Off,0.9999944042840198
2012-11-23,1,Risk-Off,0.9999949823994401
2012-11-26,1,Risk-Off,0.9999959387396917
2012-11-27,1,Risk-Off,0.9999959514907557
2012-11-28,1,Risk-Off,0.9999963371950576
2012-11-29,1,Risk-Off,0.9999964036570512
2012-11-30,1,Risk-Off,0.9999967733508344
2012-12-03,1,Risk-Off,0.999998954510921
2012-12-04,1,Risk-Off,0.999999038122504
2012-12-05,1,Risk-Off,0.9999990525543522
2012-12-06,1,Risk-Off,0.9999994484061674
2012-12-07,1,Risk-Off,0.9999995718827456
2012-12-10,1,Risk-Off,0.9999996425249904
2012-12-11,1,Risk-Off,0.9999996668521463
2012-12-12,1,Risk-Off,0.9999996969709632
2012-12-13,1,Risk-Off,0.9999997413251883
2012-12-14,1,Risk-Off,0.9999997334380524
2012-12-17,1,Risk-Off,0.9999996887636855
2012-12-18,1,Risk-Off,0.9999997206614742
2012-12-19,1,Risk-Off,0.999999697163776
2012-12-20,1,Risk-Off,0.9999996509359944
2012-12-21,1,Risk-Off,0.9999996914121333
2012-12-24,1,Risk-Off,0.9999996838378638
2012-12-26,1,Risk-Off,0.9999996350525846
2012-12-27,1,Risk-Off,0.9999996550068913
2012-12-28,1,Risk-Off,0.9999993120329784
2012-12-31,1,Risk-Off,0.9999995373328763
2013-01-02,1,Risk-Off,0.9999981136079044
2013-01-03,1,Risk-Off,0.9999990901928459
2013-01-04,1,Risk-Off,0.9999991069639131
2013-01-07,1,Risk-Off,0.9999993067833786
2013-01-08,1,Risk-Off,0.9999994076135343
2013-01-09,1,Risk-Off,0.9999992898886169
2013-01-10,1,Risk-Off,0.9999991904845594
2013-01-11,1,Risk-Off,0.9999993791209016
2013-01-14,1,Risk-Off,0.9999994651044811
2013-01-15,1,Risk-Off,0.9999993654166441
2013-01-16,1,Risk-Off,0.9999995088402398
2013-01-17,1,Risk-Off,0.9999995098734253
2013-01-18,1,Risk-Off,0.9999993272469954
2013-01-22,1,Risk-Off,0.9999993111234843
2013-01-23,1,Risk-Off,0.9999994534629552
2013-01-24,1,Risk-Off,0.9999995189247122
2013-01-25,1,Risk-Off,0.9999992080159653
2013-01-28,1,Risk-Off,0.9999995239560345
2013-01-29,1,Risk-Off,0.999998299508288
2013-01-30,1,Risk-Off,0.9999997337654704
2013-01-31,1,Risk-Off,0.9999998178500557
2013-02-01,1,Risk-Off,0.9999994682913488
2013-02-04,1,Risk-Off,0.9999996650549853
2013-02-05,1,Risk-Off,0.9999995707549727
2013-02-06,1,Risk-Off,0.9999996222796458
2013-02-07,1,Risk-Off,0.9999996693769027
2013-02-08,1,Risk-Off,0.9999996990482485
2013-02-11,1,Risk-Off,0.9999997022860486
2013-02-12,1,Risk-Off,0.9999997430495898
2013-02-13,1,Risk-Off,0.9999997397644959
2013-02-14,1,Risk-Off,0.9999997554951122
2013-02-15,1,Risk-Off,0.9999997823615795
2013-02-19,1,Risk-Off,0.9999997701598013
2013-02-20,1,Risk-Off,0.9999997188461234
2013-02-21,1,Risk-Off,0.9999996365514313
2013-02-22,1,Risk-Off,0.9999995997642036
2013-02-25,1,Risk-Off,0.9999974530651945
2013-02-26,1,Risk-Off,0.9999987226919047
2013-02-27,1,Risk-Off,0.9999991056760698
2013-02-28,1,Risk-Off,0.9999991771222743
2013-03-01,1,Risk-Off,0.9999996067600341
2013-03-04,1,Risk-Off,0.9999997090636011
2013-03-05,1,Risk-Off,0.9999997681952932
2013-03-06,1,Risk-Off,0.9999998047678864
2013-03-07,1,Risk-Off,0.99999983880481
2013-03-08,1,Risk-Off,0.9999998542844075
2013-03-11,1,Risk-Off,0.9999998464663922
2013-03-12,1,Risk-Off,0.9999998542880455
2013-03-13,1,Risk-Off,0.9999998524654183
2013-03-14,1,Risk-Off,0.9999998419589371
2013-03-15,1,Risk-Off,0.9999998614293968
2013-03-18,1,Risk-Off,0.9999998386702048
2013-03-19,1,Risk-Off,0.9999998243838645
2013-03-20,1,Risk-Off,0.9999998401945177
2013-03-21,1,Risk-Off,0.9999998630482971
2013-03-22,1,Risk-Off,0.9999998412058757
2013-03-25,1,Risk-Off,0.9999998241473959
2013-03-26,1,Risk-Off,0.9999997993982307
2013-03-27,1,Risk-Off,0.9999998719176884
2013-03-28,1,Risk-Off,0.9999998605417302
2013-04-01,1,Risk-Off,0.9999998875537194
2013-04-02,1,Risk-Off,0.99999987869888
2013-04-03,1,Risk-Off,0.9999998874336661
2013-04-04,1,Risk-Off,0.9999998806670263
2013-04-05,1,Risk-Off,0.9999998982057202
2013-04-08,1,Risk-Off,0.9999998837192902
2013-04-09,1,Risk-Off,0.9999999042374884
2013-04-10,1,Risk-Off,0.9999998790772298
2013-04-11,1,Risk-Off,0.9999998938365081
2013-04-12,1,Risk-Off,0.9999999003339376
2013-04-15,1,Risk-Off,0.9999996931765525
2013-04-16,1,Risk-Off,0.9999997671293657
2013-04-17,1,Risk-Off,0.9999997321720361
2013-04-18,1,Risk-Off,0.9999995937033334
2013-04-19,1,Risk-Off,0.9999997167542861
2013-04-22,1,Risk-Off,0.9999997525447122
2013-04-23,1,Risk-Off,0.9999997406667144
2013-04-24,1,Risk-Off,0.9999997954801283
2013-04-25,1,Risk-Off,0.9999997830746232
2013-04-26,1,Risk-Off,0.9999998131206841
2013-04-29,1,Risk-Off,0.9999997893173935
2013-04-30,1,Risk-Off,0.9999998266030311
2013-05-01,1,Risk-Off,0.9999998532876014
2013-05-02,1,Risk-Off,0.9999998095700174
2013-05-03,1,Risk-Off,0.9999997805316766
2013-05-06,1,Risk-Off,0.9999998098064861
2013-05-07,1,Risk-Off,0.9999998168568877
2013-05-08,1,Risk-Off,0.9999998361163441
2013-05-09,1,Risk-Off,0.9999998449493552
2013-05-10,1,Risk-Off,0.9999998459279714
2013-05-13,1,Risk-Off,0.9999998248931814
2013-05-14,1,Risk-Off,0.9999998568600961
2013-05-15,1,Risk-Off,0.9999998423809426
2013-05-16,1,Risk-Off,0.999999868454333
2013-05-17,1,Risk-Off,0.9999998506900849
2013-05-20,1,Risk-Off,0.9999998883395227
2013-05-21,1,Risk-Off,0.9999998981365986
2013-05-22,1,Risk-Off,0.9999999050705856
2013-05-23,1,Risk-Off,0.9999999018109568
2013-05-24,1,Risk-Off,0.999999900439439
2013-05-28,1,Risk-Off,0.999999893178034
2013-05-29,1,Risk-Off,0.9999999060892195
2013-05-30,1,Risk-Off,0.9999999001484007
2013-05-31,1,Risk-Off,0.999999869112807
2013-06-03,1,Risk-Off,0.9999998793173364
2013-06-04,1,Risk-Off,0.9999998322491733
2013-06-05,1,Risk-Off,0.9999996152947291
2013-06-06,1,Risk-Off,0.9999997984123387
2013-06-07,1,Risk-Off,0.9999998621642685
2013-06-10,1,Risk-Off,0.9999998100829723
2013-06-11,1,Risk-Off,0.9999995202671257
2013-06-12,1,Risk-Off,0.9999992620508232
2013-06-13,1,Risk-Off,0.9999997914419727
2013-06-14,1,Risk-Off,0.9999994835890417
2013-06-17,1,Risk-Off,0.9999996879487786
2013-06-18,1,Risk-Off,0.9999997358645836
2013-06-19,1,Risk-Off,0.9999995225081196
2013-06-20,1,Risk-Off,0.9999905180060776
2013-06-21,1,Risk-Off,0.9999985425066987
2013-06-24,1,Risk-Off,0.9999963335425404
2013-06-25,1,Risk-Off,0.9999990890796254
2013-06-26,1,Risk-Off,0.9999995117324316
2013-06-27,1,Risk-Off,0.9999994959472494
2013-06-28,1,Risk-Off,0.9999997318046003
2013-07-01,1,Risk-Off,0.9999998062449055
2013-07-02,1,Risk-Off,0.9999998260427825
2013-07-03,1,Risk-Off,0.9999998384955818
2013-07-05,1,Risk-Off,0.9999998130042688
2013-07-08,1,Risk-Off,0.9999998537896424
2013-07-09,1,Risk-Off,0.9999998458552118
2013-07-10,1,Risk-Off,0.999999818803206
2013-07-11,1,Risk-Off,0.999999676467321
2013-07-12,1,Risk-Off,0.9999998329840449
2013-07-15,1,Risk-Off,0.9999998100065749
2013-07-16,1,Risk-Off,0.9999998437160806
2013-07-17,1,Risk-Off,0.9999998120292907
2013-07-18,1,Risk-Off,0.9999998297426064
2013-07-19,1,Risk-Off,0.9999991816515541
2013-07-22,1,Risk-Off,0.9999995265171704
2013-07-23,1,Risk-Off,0.9999994554274627
2013-07-24,1,Risk-Off,0.9999995795261358
2013-07-25,1,Risk-Off,0.9999995789549734
2013-07-26,1,Risk-Off,0.9999994551218726
2013-07-29,1,Risk-Off,0.9999997819141082
2013-07-30,1,Risk-Off,0.9999997653467565
2013-07-31,1,Risk-Off,0.9999997908453443
2013-08-01,1,Risk-Off,0.9999996702281895
2013-08-02,1,Risk-Off,0.9999998402745532
2013-08-05,1,Risk-Off,0.9999998407001967
2013-08-06,1,Risk-Off,0.9999998740895614
2013-08-07,1,Risk-Off,0.9999998927851323
2013-08-08,1,Risk-Off,0.9999998785933786
2013-08-09,1,Risk-Off,0.9999998964813184
2013-08-12,1,Risk-Off,0.9999998866624147
2013-08-13,1,Risk-Off,0.9999998660459913
2013-08-14,1,Risk-Off,0.99999988373748
2013-08-15,1,Risk-Off,0.9999998701059751
2013-08-16,1,Risk-Off,0.9999998658640924
2013-08-19,1,Risk-Off,0.999999836454676
2013-08-20,1,Risk-Off,0.9999998661260269
2013-08-21,1,Risk-Off,0.9999998218736595
2013-08-22,1,Risk-Off,0.9999998732164466
2013-08-23,1,Risk-Off,0.9999998837920497
2013-08-26,1,Risk-Off,0.9999998777275397
2013-08-27,1,Risk-Off,0.9999998098828836
2013-08-28,1,Risk-Off,0.9999998581042847
2013-08-29,1,Risk-Off,0.9999998588391563
2013-08-30,1,Risk-Off,0.999999855372163
2013-09-03,1,Risk-Off,0.9999998041967239
2013-09-04,1,Risk-Off,0.9999998224120803
2013-09-05,1,Risk-Off,0.9999998008315941
2013-09-06,1,Risk-Off,0.999999718580551
2013-09-09,1,Risk-Off,0.9999997426312224
2013-09-10,1,Risk-Off,0.9999997695850008
2013-09-11,1,Risk-Off,0.9999997687991976
2013-09-12,1,Risk-Off,0.999999745497949
2013-09-13,1,Risk-Off,0.9999997505802041
2013-09-16,1,Risk-Off,0.9999997474297152
2013-09-17,1,Risk-Off,0.9999997503473735
2013-09-18,1,Risk-Off,0.9999998101884737
2013-09-19,1,Risk-Off,0.9999997781015073
2013-09-20,1,Risk-Off,0.9999997802297245
2013-09-23,1,Risk-Off,0.9999997814047913
2013-09-24,1,Risk-Off,0.9999998027124287
2013-09-25,1,Risk-Off,0.9999998097082606
2013-09-26,1,Risk-Off,0.9999998013627389
2013-09-27,1,Risk-Off,0.9999997843115358
2013-09-30,1,Risk-Off,0.9999996924089392
2013-10-01,1,Risk-Off,0.9999998593084555
2013-10-02,1,Risk-Off,0.9999997678060296
2013-10-03,1,Risk-Off,0.9999995373437902
2013-10-04,1,Risk-Off,0.9999998153762306
2013-10-07,1,Risk-Off,0.999999495521606
2013-10-08,1,Risk-Off,0.9999990843757232
2013-10-09,1,Risk-Off,0.9999994961182342
2013-10-10,1,Risk-Off,0.9999998629027781
2013-10-11,1,Risk-Off,0.9999998415151038
2013-10-14,1,Risk-Off,0.9999998439852911
2013-10-15,1,Risk-Off,0.9999996887964273
2013-10-16,1,Risk-Off,0.999999860719991
2013-10-17,1,Risk-Off,0.9999998750936434
2013-10-18,1,Risk-Off,0.9999998803359702
2013-10-21,1,Risk-Off,0.9999998722778481
2013-10-22,1,Risk-Off,0.9999998808452872
2013-10-23,1,Risk-Off,0.9999998779312665
2013-10-24,1,Risk-Off,0.9999998795101491
2013-10-25,1,Risk-Off,0.9999998571038407
2013-10-28,1,Risk-Off,0.9999998369421652
2013-10-29,1,Risk-Off,0.9999998466883089
2013-10-30,1,Risk-Off,0.9999998453131531
2013-10-31,1,Risk-Off,0.9999997818195208
2013-11-01,1,Risk-Off,0.9999998082203276
2013-11-04,1,Risk-Off,0.9999997036430144
2013-11-05,1,Risk-Off,0.9999997450795816
2013-11-06,1,Risk-Off,0.9999997452469285
2013-11-07,1,Risk-Off,0.9999998869643669
2013-11-08,1,Risk-Off,0.9999998514467844
2013-11-11,1,Risk-Off,0.9999998715029588
2013-11-12,1,Risk-Off,0.9999998429302773
2013-11-13,1,Risk-Off,0.9999998797648076
2013-11-14,1,Risk-Off,0.9999998948260382
2013-11-15,1,Risk-Off,0.9999998947569166
2013-11-18,1,Risk-Off,0.9999998962994194
2013-11-19,1,Risk-Off,0.9999998884341101
2013-11-20,1,Risk-Off,0.9999998712846802
2013-11-21,1,Risk-Off,0.9999998674065952
2013-11-22,1,Risk-Off,0.9999998821222177
2013-11-25,1,Risk-Off,0.9999998851017219
2013-11-26,1,Risk-Off,0.9999998737912472
2013-11-27,1,Risk-Off,0.9999998666753616
2013-11-29,1,Risk-Off,0.9999998726925777
2013-12-02,1,Risk-Off,0.9999998833118365
2013-12-03,1,Risk-Off,0.9999998809144088
2013-12-04,1,Risk-Off,0.9999998727507854
2013-12-05,1,Risk-Off,0.9999998615385362
2013-12-06,1,Risk-Off,0.99999981312796
2013-12-09,1,Risk-Off,0.9999998523635549
2013-12-10,1,Risk-Off,0.9999998688872523
2013-12-11,1,Risk-Off,0.9999998614330348
2013-12-12,1,Risk-Off,0.9999998675994081
2013-12-13,1,Risk-Off,0.9999998630519351
2013-12-16,1,Risk-Off,0.9999998687453713
2013-12-17,1,Risk-Off,0.9999998782877885
2013-12-18,1,Risk-Off,0.9999998109997429
2013-12-19,1,Risk-Off,0.9999998488783718
2013-12-20,1,Risk-Off,0.9999998292296514
2013-12-23,1,Risk-Off,0.9999997825580303
2013-12-24,1,Risk-Off,0.9999997412960845
2013-12-26,1,Risk-Off,0.9999997613486188
2013-12-27,1,Risk-Off,0.9999997761406372
2013-12-30,1,Risk-Off,0.9999997939012458
2013-12-31,1,Risk-Off,0.9999997339873871
2014-01-02,1,Risk-Off,0.9999997403429344
2014-01-03,1,Risk-Off,0.999999649717272
2014-01-06,1,Risk-Off,0.999999664629342
2014-01-07,1,Risk-Off,0.9999996522674942
2014-01-08,1,Risk-Off,0.999999691608584
2014-01-09,1,Risk-Off,0.9999997092855178
2014-01-10,1,Risk-Off,0.9999995099825646
2014-01-13,1,Risk-Off,0.9999997789527941
2014-01-14,1,Risk-Off,0.9999996648767244
2014-01-15,1,Risk-Off,0.9999996850383964
2014-01-16,1,Risk-Off,0.9999997516424937
2014-01-17,1,Risk-Off,0.9999998145831513
2014-01-21,1,Risk-Off,0.9999998340063168
2014-01-22,1,Risk-Off,0.9999998649582358
2014-01-23,1,Risk-Off,0.999999864921856
2014-01-24,1,Risk-Off,0.9999994726751109
2014-01-27,1,Risk-Off,0.9999997205305071
2014-01-28,1,Risk-Off,0.9999998583553051
2014-01-29,1,Risk-Off,0.9999997120103632
2014-01-30,1,Risk-Off,0.9999998415005519
2014-01-31,1,Risk-Off,0.9999996064908238
2014-02-03,1,Risk-Off,0.999997075727789
2014-02-04,1,Risk-Off,0.9999993431122104
2014-02-05,1,Risk-Off,0.999998654549013
2014-02-06,1,Risk-Off,0.999999701580281
2014-02-07,1,Risk-Off,0.9999997891173047
2014-02-10,1,Risk-Off,0.9999997046980279
2014-02-11,1,Risk-Off,0.9999998533094293
2014-02-12,1,Risk-Off,0.9999998427920341
2014-02-13,1,Risk-Off,0.9999998480343608
2014-02-14,1,Risk-Off,0.9999998681560187
2014-02-18,1,Risk-Off,0.9999998573366713
2014-02-19,1,Risk-Off,0.9999997408376993
2014-02-20,1,Risk-Off,0.9999998494422584
2014-02-21,1,Risk-Off,0.9999998643797973
2014-02-24,1,Risk-Off,0.9999998811072217
2014-02-25,1,Risk-Off,0.9999998943967567
2014-02-26,1,Risk-Off,0.9999999016436099
2014-02-27,1,Risk-Off,0.99999988307173
2014-02-28,1,Risk-Off,0.9999998909261254
2014-03-03,1,Risk-Off,0.9999998949897473
2014-03-04,1,Risk-Off,0.999999637078938
2014-03-05,1,Risk-Off,0.9999998523380891
2014-03-06,1,Risk-Off,0.9999998330277007
2014-03-07,1,Risk-Off,0.9999998725870763
2014-03-10,1,Risk-Off,0.9999998878556716
2014-03-11,1,Risk-Off,0.9999998912462674
2014-03-12,1,Risk-Off,0.9999998951279905
2014-03-13,1,Risk-Off,0.9999998431340041
2014-03-14,1,Risk-Off,0.9999998326457129
2014-03-17,1,Risk-Off,0.9999998907915202
2014-03-18,1,Risk-Off,0.9999998972089141
2014-03-19,1,Risk-Off,0.9999998940657008
2014-03-20,1,Risk-Off,0.9999998951279905
2014-03-21,1,Risk-Off,0.9999998984276368
2014-03-24,1,Risk-Off,0.9999998986604675
2014-03-25,1,Risk-Off,0.9999998959028799
2014-03-26,1,Risk-Off,0.9999998985185863
2014-03-27,1,Risk-Off,0.9999999002247982
2014-03-28,1,Risk-Off,0.9999998958337583
2014-03-31,1,Risk-Off,0.9999998604435048
2014-04-01,1,Risk-Off,0.9999998735256748
2014-04-02,1,Risk-Off,0.9999998752973702
2014-04-03,1,Risk-Off,0.9999998747334836
2014-04-04,1,Risk-Off,0.9999998859857507
2014-04-07,1,Risk-Off,0.9999998782150289
2014-04-08,1,Risk-Off,0.9999998836065128
2014-04-09,1,Risk-Off,0.9999998640269133
2014-04-10,1,Risk-Off,0.9999998760649836
2014-04-11,1,Risk-Off,0.9999998673520255
2014-04-14,1,Risk-Off,0.9999998586172396
2014-04-15,1,Risk-Off,0.9999998664934626
2014-04-16,1,Risk-Off,0.9999998460989564
2014-04-17,1,Risk-Off,0.9999998514795262
2014-04-21,1,Risk-Off,0.9999998487437666
2014-04-22,1,Risk-Off,0.9999998488529059
2014-04-23,1,Risk-Off,0.9999998733328619
2014-04-24,1,Risk-Off,0.9999998578205224
2014-04-25,1,Risk-Off,0.9999998786079305
2014-04-28,1,Risk-Off,0.9999998712155586
2014-04-29,1,Risk-Off,0.9999998749044685
2014-04-30,1,Risk-Off,0.9999998816310905
2014-05-01,1,Risk-Off,0.9999998741295791
2014-05-02,1,Risk-Off,0.9999998747262077
2014-05-05,1,Risk-Off,0.9999998744642732
2014-05-06,1,Risk-Off,0.9999998786224824
2014-05-07,1,Risk-Off,0.9999998614221208
2014-05-08,1,Risk-Off,0.9999998778948868
2014-05-09,1,Risk-Off,0.9999998649327699
2014-05-12,1,Risk-Off,0.9999997984850982
2014-05-13,1,Risk-Off,0.9999998637104093
2014-05-14,1,Risk-Off,0.9999998760649836
2014-05-15,1,Risk-Off,0.9999998709463481
2014-05-16,1,Risk-Off,0.9999998772473266
2014-05-19,1,Risk-Off,0.9999998794555794
2014-05-20,1,Risk-Off,0.9999998593521112
2014-05-21,1,Risk-Off,0.9999998770836176
2014-05-22,1,Risk-Off,0.9999998724415572
2014-05-23,1,Risk-Off,0.99999987803313
2014-05-27,1,Risk-Off,0.9999998788480371
2014-05-28,1,Risk-Off,0.9999998815183132
2014-05-29,1,Risk-Off,0.9999998794264756
2014-05-30,1,Risk-Off,0.9999998825260332
2014-06-02,1,Risk-Off,0.9999998739804221
2014-06-03,1,Risk-Off,0.9999998883395227
2014-06-04,1,Risk-Off,0.9999998901184941
2014-06-05,1,Risk-Off,0.9999998873136128
2014-06-06,1,Risk-Off,0.9999998795756327
2014-06-09,1,Risk-Off,0.9999998816420045
2014-06-10,1,Risk-Off,0.9999998836137888
2014-06-11,1,Risk-Off,0.9999998835955989
2014-06-12,1,Risk-Off,0.9999998784296696
2014-06-13,1,Risk-Off,0.9999998780840617
2014-06-16,1,Risk-Off,0.9999998852290511
2014-06-17,1,Risk-Off,0.9999998750026939
2014-06-18,1,Risk-Off,0.9999998365674534
2014-06-19,1,Risk-Off,0.9999998551684361
2014-06-20,1,Risk-Off,0.9999998618514023
2014-06-23,1,Risk-Off,0.9999998686616978
2014-06-24,1,Risk-Off,0.999999873489295
2014-06-25,1,Risk-Off,0.9999998678577046
2014-06-26,1,Risk-Off,0.9999998757921352
2014-06-27,1,Risk-Off,0.999999875501097
2014-06-30,1,Risk-Off,0.999999878193201
2014-07-01,1,Risk-Off,0.9999998435269057
2014-07-02,1,Risk-Off,0.9999998409657691
2014-07-03,1,Risk-Off,0.9999998294115503
2014-07-07,1,Risk-Off,0.9999998443454509
2014-07-08,1,Risk-Off,0.9999998405765054
2014-07-09,1,Risk-Off,0.9999998536077436
2014-07-10,1,Risk-Off,0.9999998376006393
2014-07-11,1,Risk-Off,0.9999998539278856
2014-07-14,1,Risk-Off,0.9999998536150195
2014-07-15,1,Risk-Off,0.9999998523344511
2014-07-16,1,Risk-Off,0.9999998546009116
2014-07-17,1,Risk-Off,0.9999996904880869
2014-07-18,1,Risk-Off,0.9999998654821046
2014-07-21,1,Risk-Off,0.9999998425228238
2014-07-22,1,Risk-Off,0.9999998660059736
2014-07-23,1,Risk-Off,0.9999998724997649
2014-07-24,1,Risk-Off,0.999999864747233
2014-07-25,1,Risk-Off,0.9999998472340056
2014-07-28,1,Risk-Off,0.9999998589628476
2014-07-29,1,Risk-Off,0.999999841642433
2014-07-30,1,Risk-Off,0.9999998442908812
2014-07-31,1,Risk-Off,0.9999993589701498
2014-08-01,1,Risk-Off,0.9999995156614467
2014-08-04,1,Risk-Off,0.999999802672411
2014-08-05,1,Risk-Off,0.9999994783794587
2014-08-06,1,Risk-Off,0.9999996281149616
2014-08-07,1,Risk-Off,0.9999996395382108
2014-08-08,1,Risk-Off,0.9999998220446445
2014-08-11,1,Risk-Off,0.9999998277380804
2014-08-12,1,Risk-Off,0.9999998025960134
2014-08-13,1,Risk-Off,0.9999998410312527
2014-08-14,1,Risk-Off,0.9999998947168989
2014-08-15,1,Risk-Off,0.9999998582025101
2014-08-18,1,Risk-Off,0.9999998887105965
2014-08-19,1,Risk-Off,0.999999876676164
2014-08-20,1,Risk-Off,0.9999998793609921
2014-08-21,1,Risk-Off,0.9999998899256813
2014-08-22,1,Risk-Off,0.999999895539082
2014-08-25,1,Risk-Off,0.9999999009123761
2014-08-26,1,Risk-Off,0.9999998985331382
2014-08-27,1,Risk-Off,0.9999998993080277
2014-08-28,1,Risk-Off,0.9999998932071378
2014-08-29,1,Risk-Off,0.9999998648127166
2014-09-02,1,Risk-Off,0.9999998887105965
2014-09-03,1,Risk-Off,0.999999868457971
2014-09-04,1,Risk-Off,0.9999998762323307
2014-09-05,1,Risk-Off,0.9999998500679906
2014-09-08,1,Risk-Off,0.9999998734274493
2014-09-09,1,Risk-Off,0.999999882562413
2014-09-10,1,Risk-Off,0.9999998802522968
2014-09-11,1,Risk-Off,0.9999998793428022
2014-09-12,1,Risk-Off,0.9999998662133384
2014-09-15,1,Risk-Off,0.9999998769562883
2014-09-16,1,Risk-Off,0.9999998777966613
2014-09-17,1,Risk-Off,0.9999998722123646
2014-09-18,1,Risk-Off,0.999999869280154
2014-09-19,1,Risk-Off,0.999999872299676
2014-09-22,1,Risk-Off,0.9999998420498866
2014-09-23,1,Risk-Off,0.9999998345592894
2014-09-24,1,Risk-Off,0.9999998903185829
2014-09-25,1,Risk-Off,0.9999997091654645
2014-09-26,1,Risk-Off,0.9999998743514958
2014-09-29,1,Risk-Off,0.9999997951563483
2014-09-30,1,Risk-Off,0.9999997815794143
2014-10-01,1,Risk-Off,0.9999996209590599
2014-10-02,1,Risk-Off,0.9999997985905996
2014-10-03,1,Risk-Off,0.9999998983803432
2014-10-06,1,Risk-Off,0.9999998417115546
2014-10-07,1,Risk-Off,0.9999996461229501
2014-10-08,1,Risk-Off,0.9999997709492425
2014-10-09,1,Risk-Off,0.9999755420839062
2014-10-10,1,Risk-Off,0.999744260437782
2014-10-13,1,Risk-Off,0.9987064259649507
2014-10-14,1,Risk-Off,0.9981833092020304
2014-10-15,1,Risk-Off,0.9964672308656333
2014-10-16,1,Risk-Off,0.9966192046892266
2014-10-17,1,Risk-Off,0.9993000814496527
2014-10-20,1,Risk-Off,0.9999738561853193
2014-10-21,1,Risk-Off,0.9999994585452088
2014-10-22,1,Risk-Off,0.9999978647197227
2014-10-23,1,Risk-Off,0.9999996743463802
2014-10-24,1,Risk-Off,0.9999996330153172
2014-10-27,1,Risk-Off,0.999999632895264
2014-10-28,1,Risk-Off,0.9999998428538798
2014-10-29,1,Risk-Off,0.9999998504354265
2014-10-30,1,Risk-Off,0.9999998669191061
2014-10-31,1,Risk-Off,0.999999862080595
2014-11-03,1,Risk-Off,0.9999998144958399
2014-11-04,1,Risk-Off,0.9999998387938961
2014-11-05,1,Risk-Off,0.9999998579842314
2014-11-06,1,Risk-Off,0.9999998740422676
2014-11-07,1,Risk-Off,0.9999998538223842
2014-11-10,1,Risk-Off,0.9999996444567564
2014-11-11,1,Risk-Off,0.9999997278683084
2014-11-12,1,Risk-Off,0.9999994227329655
2014-11-13,1,Risk-Off,0.9999995072795477
2014-11-14,1,Risk-Off,0.9999997464838409
2014-11-17,1,Risk-Off,0.9999998094899819
2014-11-18,1,Risk-Off,0.999999810479512
2014-11-19,1,Risk-Off,0.9999997812265304
2014-11-20,1,Risk-Off,0.9999997822015085
2014-11-21,1,Risk-Off,0.9999997851919264
2014-11-24,1,Risk-Off,0.9999997782688542
2014-11-25,1,Risk-Off,0.9999997692066511
2014-11-26,1,Risk-Off,0.9999998046805749
2014-11-28,1,Risk-Off,0.9999997574050506
2014-12-01,1,Risk-Off,0.9999998308230859
2014-12-02,1,Risk-Off,0.9999998701750967
2014-12-03,1,Risk-Off,0.9999998726307321
2014-12-04,1,Risk-Off,0.9999998634921305
2014-12-05,1,Risk-Off,0.9999998697130734
2014-12-08,1,Risk-Off,0.9999998250387006
2014-12-09,1,Risk-Off,0.9999998278908754
2014-12-10,1,Risk-Off,0.9999990504843441
2014-12-11,1,Risk-Off,0.9999994104111385
2014-12-12,1,Risk-Off,0.9999972913065299
2014-12-15,1,Risk-Off,0.9999985024053176
2014-12-16,1,Risk-Off,0.9999941040760956
2014-12-17,1,Risk-Off,0.9999997089471859
2014-12-18,1,Risk-Off,0.9999998482053458
2014-12-19,1,Risk-Off,0.9999997521081548
2014-12-22,1,Risk-Off,0.9999998108323959
2014-12-23,1,Risk-Off,0.9999998245548495
2014-12-24,1,Risk-Off,0.9999998214843959
2014-12-26,1,Risk-Off,0.9999998432467815
2014-12-29,1,Risk-Off,0.9999998697567292
2014-12-30,1,Risk-Off,0.999999853022029
2014-12-31,1,Risk-Off,0.9999994585888645
2015-01-02,1,Risk-Off,0.9999997090017555
2015-01-05,1,Risk-Off,0.9999984358522351
2015-01-06,1,Risk-Off,0.9999963036748443
2015-01-07,1,Risk-Off,0.999999598592775
2015-01-08,1,Risk-Off,0.9999998346466009
2015-01-09,1,Risk-Off,0.9999997851373568
2015-01-12,1,Risk-Off,0.9999997306986551
2015-01-13,1,Risk-Off,0.9999997538725741
2015-01-14,1,Risk-Off,0.9999996765873743
2015-01-15,1,Risk-Off,0.9999996850383964
2015-01-16,1,Risk-Off,0.9999997943014235
2015-01-20,1,Risk-Off,0.9999997109335217
2015-01-21,1,Risk-Off,0.9999997965751597
2015-01-22,1,Risk-Off,0.9999998604216769
2015-01-23,1,Risk-Off,0.9999997551349524
2015-01-26,1,Risk-Off,0.9999998395469576
2015-01-27,1,Risk-Off,0.9999995861181507
2015-01-28,1,Risk-Off,0.9999985321457502
2015-01-29,1,Risk-Off,0.9999997321647601
2015-01-30,1,Risk-Off,0.9999994123210761
2015-02-02,1,Risk-Off,0.9999997215746067
2015-02-03,1,Risk-Off,0.9999998242347073
2015-02-04,1,Risk-Off,0.9999998040621186
2015-02-05,1,Risk-Off,0.9999998424609782
2015-02-06,1,Risk-Off,0.9999998396815628
2015-02-09,1,Risk-Off,0.9999998353341788
2015-02-10,1,Risk-Off,0.9999998525636438
2015-02-11,1,Risk-Off,0.9999998603270894
2015-02-12,1,Risk-Off,0.9999997737359337
2015-02-13,1,Risk-Off,0.9999996472107054
2015-02-17,1,Risk-Off,0.9999998062303536
2015-02-18,1,Risk-Off,0.9999998365929192
2015-02-19,1,Risk-Off,0.9999998663479435
2015-02-20,1,Risk-Off,0.9999998654748288
2015-02-23,1,Risk-Off,0.9999998711246091
2015-02-24,1,Risk-Off,0.999999879702962
2015-02-25,1,Risk-Off,0.9999998640378273
2015-02-26,1,Risk-Off,0.9999997058767327
2015-02-27,1,Risk-Off,0.9999998035346118
2015-03-02,1,Risk-Off,0.9999993621570171
2015-03-03,1,Risk-Off,0.9999997320628967
2015-03-04,1,Risk-Off,0.9999998400635505
2015-03-05,1,Risk-Off,0.9999997644263481
2015-03-06,1,Risk-Off,0.9999998850653421
2015-03-09,1,Risk-Off,0.9999998517087189
2015-03-10,1,Risk-Off,0.9999998813691561
2015-03-11,1,Risk-Off,0.999999880888943
2015-03-12,1,Risk-Off,0.9999998412749972
2015-03-13,1,Risk-Off,0.9999998839084651
2015-03-16,1,Risk-Off,0.9999998616585895
2015-03-17,1,Risk-Off,0.9999998822422709
2015-03-18,1,Risk-Off,0.9999998764615233
2015-03-19,1,Risk-Off,0.999999899428081
2015-03-20,1,Risk-Off,0.9999998964049208
2015-03-23,1,Risk-Off,0.9999999010760852
2015-03-24,1,Risk-Off,0.9999999012070524
2015-03-25,1,Risk-Off,0.9999998487146627
2015-03-26,1,Risk-Off,0.9999998161838617
2015-03-27,1,Risk-Off,0.9999998657149353
2015-03-30,1,Risk-Off,0.9999998819621466
2015-03-31,1,Risk-Off,0.9999998226667388
2015-04-01,1,Risk-Off,0.9999998586754473
2015-04-02,1,Risk-Off,0.9999998814455536
2015-04-06,1,Risk-Off,0.9999998892199135
2015-04-07,1,Risk-Off,0.9999998920684505
2015-04-08,1,Risk-Off,0.9999999042265745
2015-04-09,1,Risk-Off,0.999999900261178
2015-04-10,1,Risk-Off,0.9999999077481376
2015-04-13,1,Risk-Off,0.9999999128158417
2015-04-14,1,Risk-Off,0.9999999140927721
2015-04-15,1,Risk-Off,0.9999999073079423
2015-04-16,1,Risk-Off,0.9999999143947244
2015-04-17,1,Risk-Off,0.9999999216488535
2015-04-20,1,Risk-Off,0.9999999198225883
2015-04-21,1,Risk-Off,0.9999999193278232
2015-04-22,1,Risk-Off,0.9999999132051054
2015-04-23,1,Risk-Off,0.9999999075007552
2015-04-24,1,Risk-Off,0.9999999024985348
2015-04-27,1,Risk-Off,0.9999999235515162
2015-04-28,1,Risk-Off,0.999999910556657
2015-04-29,1,Risk-Off,0.9999999183746728
2015-04-30,1,Risk-Off,0.9999999211613644
2015-05-01,1,Risk-Off,0.9999999045358027
2015-05-04,1,Risk-Off,0.9999999095089193
2015-05-05,1,Risk-Off,0.9999999132560371
2015-05-06,1,Risk-Off,0.9999998856801605
2015-05-07,1,Risk-Off,0.9999998977582488
2015-05-08,1,Risk-Off,0.9999999134233841
2015-05-11,1,Risk-Off,0.999999893858336
2015-05-12,1,Risk-Off,0.9999998970815849
2015-05-13,1,Risk-Off,0.9999998845960429
2015-05-14,1,Risk-Off,0.9999999025021727
2015-05-15,1,Risk-Off,0.9999999061328753
2015-05-18,1,Risk-Off,0.9999999052379325
2015-05-19,1,Risk-Off,0.9999999036917917
2015-05-20,1,Risk-Off,0.9999998972562079
2015-05-21,1,Risk-Off,0.9999999087995134
2015-05-22,1,Risk-Off,0.9999999102110491
2015-05-26,1,Risk-Off,0.9999998677922209
2015-05-27,1,Risk-Off,0.9999999030988012
2015-05-28,1,Risk-Off,0.9999998919665872
2015-05-29,1,Risk-Off,0.9999999008941862
2015-06-01,1,Risk-Off,0.9999998973507952
2015-06-02,1,Risk-Off,0.9999998891398779
2015-06-03,1,Risk-Off,0.9999999016690757
2015-06-04,1,Risk-Off,0.9999998977946286
2015-06-05,1,Risk-Off,0.9999999013743994
2015-06-08,1,Risk-Off,0.9999998890307386
2015-06-09,1,Risk-Off,0.9999999013998653
2015-06-10,1,Risk-Off,0.999999889474572
2015-06-11,1,Risk-Off,0.9999998940948046
2015-06-12,1,Risk-Off,0.9999999028805224
2015-06-15,1,Risk-Off,0.9999998932544315
2015-06-16,1,Risk-Off,0.9999999081155735
2015-06-17,1,Risk-Off,0.9999999072024409
2015-06-18,1,Risk-Off,0.9999999040155717
2015-06-19,1,Risk-Off,0.9999998931343782
2015-06-22,1,Risk-Off,0.9999999039246223
2015-06-23,1,Risk-Off,0.99999989890785
2015-06-24,1,Risk-Off,0.9999998963248853
2015-06-25,1,Risk-Off,0.9999998935782116
2015-06-26,1,Risk-Off,0.9999998920975544
2015-06-29,1,Risk-Off,0.9999995476829212
2015-06-30,1,Risk-Off,0.9999997819141082
2015-07-01,1,Risk-Off,0.9999998431012623
2015-07-02,1,Risk-Off,0.9999998117418905
2015-07-06,1,Risk-Off,0.9999997706800322
2015-07-07,1,Risk-Off,0.999999858224338
2015-07-08,1,Risk-Off,0.9999991701992063
2015-07-09,1,Risk-Off,0.9999991371227309
2015-07-10,1,Risk-Off,0.9999997320010511
2015-07-13,1,Risk-Off,0.9999998453859127
2015-07-14,1,Risk-Off,0.9999998522289497
2015-07-15,1,Risk-Off,0.9999998542844075
2015-07-16,1,Risk-Off,0.9999998673774914
2015-07-17,1,Risk-Off,0.9999998750536256
2015-07-20,1,Risk-Off,0.9999998710882293
2015-07-21,1,Risk-Off,0.9999998807725277
2015-07-22,1,Risk-Off,0.9999998863204447
2015-07-23,1,Risk-Off,0.9999998808562012
2015-07-24,1,Risk-Off,0.999999855037469
2015-07-27,1,Risk-Off,0.9999997995037321
2015-07-28,1,Risk-Off,0.9999997273189737
2015-07-29,1,Risk-Off,0.9999997631566938
2015-07-30,1,Risk-Off,0.999999841151306
2015-07-31,1,Risk-Off,0.9999998355160777
2015-08-03,1,Risk-Off,0.9999998416133292
2015-08-04,1,Risk-Off,0.9999998489693213
2015-08-05,1,Risk-Off,0.9999996405677585
2015-08-06,1,Risk-Off,0.9999997834893527
2015-08-07,1,Risk-Off,0.9999998231069341
2015-08-10,1,Risk-Off,0.9999998329549411
2015-08-11,1,Risk-Off,0.9999998491548581
2015-08-12,1,Risk-Off,0.9999998509338295
2015-08-13,1,Risk-Off,0.9999998390994863
2015-08-14,1,Risk-Off,0.9999998583589431
2015-08-17,1,Risk-Off,0.9999998193489027
2015-08-18,1,Risk-Off,0.9999918263899674
2015-08-19,1,Risk-Off,0.9987508191544133
2015-08-20,1,Risk-Off,0.9099040994853124
2015-08-21,3,High-Volatility,0.9975597546218019
2015-08-24,3,High-Volatility,0.999999999996362
2015-08-25,3,High-Volatility,1.0
2015-08-26,3,High-Volatility,0.9999999907959136
2015-08-27,3,High-Volatility,0.9999999783940441
2015-08-28,3,High-Volatility,0.9999999903739081
2015-08-31,3,High-Volatility,0.9999999995197868
2015-09-01,3,High-Volatility,1.0
2015-09-02,3,High-Volatility,0.9999999947867764
2015-09-03,3,High-Volatility,0.9999999935353117
2015-09-04,3,High-Volatility,0.9999999997417035
2015-09-08,3,High-Volatility,0.9999999482861326
2015-09-09,3,High-Volatility,0.9999999959363777
2015-09-10,3,High-Volatility,0.999999891486374
2015-09-11,3,High-Volatility,0.9999995815342994
2015-09-14,3,High-Volatility,0.9999998970815849
2015-09-15,3,High-Volatility,0.9999952542278896
2015-09-16,3,High-Volatility,0.999853199464829
2015-09-17,3,High-Volatility,0.9985972842536814
2015-09-18,3,High-Volatility,0.991897736966384
2015-09-21,3,High-Volatility,0.9639589419517753
2015-09-22,3,High-Volatility,0.9385521763760862
2015-09-23,3,High-Volatility,0.7849143795065616
2015-09-24,1,Risk-Off,0.6392505378995876
2015-09-25,1,Risk-Off,0.8115138329269441
2015-09-28,1,Risk-Off,0.8469308235890329
2015-09-29,1,Risk-Off,0.8901338153303655
2015-09-30,1,Risk-Off,0.9324303446427642
2015-10-01,1,Risk-Off,0.9712485291227186
2015-10-02,1,Risk-Off,0.9880015208422411
2015-10-05,1,Risk-Off,0.9949054688525533
2015-10-06,1,Risk-Off,0.9989065598945474
2015-10-07,1,Risk-Off,0.999747939100816
2015-10-08,1,Risk-Off,0.9999526125089292
2015-10-09,1,Risk-Off,0.9999906369122945
2015-10-12,1,Risk-Off,0.9999946559580171
2015-10-13,1,Risk-Off,0.9999968638379934
2015-10-14,1,Risk-Off,0.9999968559981737
2015-10-15,1,Risk-Off,0.9999956068883057
2015-10-16,1,Risk-Off,0.9999962375184464
2015-10-19,1,Risk-Off,0.9999975196182116
2015-10-20,1,Risk-Off,0.9999975706261872
2015-10-21,1,Risk-Off,0.9999973667980265
2015-10-22,1,Risk-Off,0.9999880892955768
2015-10-23,1,Risk-Off,0.9999823477112911
2015-10-26,1,Risk-Off,0.999971148912316
2015-10-27,1,Risk-Off,0.999964797572174
2015-10-28,1,Risk-Off,0.9999461775774935
2015-10-29,1,Risk-Off,0.9999833588919897
2015-10-30,1,Risk-Off,0.9999938013580717
2015-11-02,1,Risk-Off,0.9999912121915763
2015-11-03,1,Risk-Off,0.9999958455423335
2015-11-04,1,Risk-Off,0.9999984794751717
2015-11-05,1,Risk-Off,0.9999986650482058
2015-11-06,1,Risk-Off,0.999998698342944
2015-11-09,1,Risk-Off,0.9999992608757569
2015-11-10,1,Risk-Off,0.9999984776125295
2015-11-11,1,Risk-Off,0.9999986294288035
2015-11-12,1,Risk-Off,0.9999992221531399
2015-11-13,1,Risk-Off,0.9999987654199121
2015-11-16,1,Risk-Off,0.9999986736156344
2015-11-17,1,Risk-Off,0.9999989341018815
2015-11-18,1,Risk-Off,0.9999985772384323
2015-11-19,1,Risk-Off,0.9999992958912777
2015-11-20,1,Risk-Off,0.9999994373649079
2015-11-23,1,Risk-Off,0.9999994831015527
2015-11-24,1,Risk-Off,0.9999994791616238
2015-11-25,1,Risk-Off,0.9999996197839932
2015-11-27,1,Risk-Off,0.999999637078938
2015-11-30,1,Risk-Off,0.9999996459483272
2015-12-01,1,Risk-Off,0.9999994432911721
2015-12-02,1,Risk-Off,0.9999995594881572
2015-12-03,1,Risk-Off,0.9999992992491298
2015-12-04,1,Risk-Off,0.9999984936341638
2015-12-07,1,Risk-Off,0.999998933003213
2015-12-08,1,Risk-Off,0.9999985959448929
2015-12-09,1,Risk-Off,0.9999980612611274
2015-12-10,1,Risk-Off,0.9999978541987106
2015-12-11,1,Risk-Off,0.9999895543842147
2015-12-14,1,Risk-Off,0.9999948421633466
2015-12-15,1,Risk-Off,0.9999973309531164
2015-12-16,1,Risk-Off,0.9999971754190357
2015-12-17,1,Risk-Off,0.9999973067897259
2015-12-18,1,Risk-Off,0.9999922359394439
2015-12-21,1,Risk-Off,0.9999937866134351
2015-12-22,1,Risk-Off,0.9999965235062013
2015-12-23,1,Risk-Off,0.9999970270808798
2015-12-24,1,Risk-Off,0.9999978627152006
2015-12-28,1,Risk-Off,0.9999978999934905
2015-12-29,1,Risk-Off,0.9999975423191433
2015-12-30,1,Risk-Off,0.9999937288099507
2015-12-31,1,Risk-Off,0.9999254600758879
2016-01-04,1,Risk-Off,0.9990450078460049
2016-01-05,1,Risk-Off,0.9915467535017591
2016-01-06,1,Risk-Off,0.9277993270553503
2016-01-07,3,High-Volatility,0.6159603111280405
2016-01-08,3,High-Volatility,0.5444537056355826
2016-01-11,3,High-Volatility,0.5719407871401775
2016-01-12,3,High-Volatility,0.6031275559580062
2016-01-13,3,High-Volatility,0.7251128112491757
2016-01-14,3,High-Volatility,0.887687537673843
2016-01-15,3,High-Volatility,0.9984640858503397
2016-01-19,3,High-Volatility,0.9998543312273038
2016-01-20,3,High-Volatility,0.9999881810443136
2016-01-21,3,High-Volatility,0.9999937483457746
2016-01-22,3,High-Volatility,0.9999785093185966
2016-01-25,3,High-Volatility,0.9999979083681002
2016-01-26,3,High-Volatility,0.9999956232082071
2016-01-27,3,High-Volatility,0.9999980581288337
2016-01-28,3,High-Volatility,0.9999943586785737
2016-01-29,3,High-Volatility,0.9999812060761383
2016-02-01,3,High-Volatility,0.9999889192690725
2016-02-02,3,High-Volatility,0.9999924268118142
2016-02-03,3,High-Volatility,0.999991487082153
2016-02-04,3,High-Volatility,0.9999864395914233
2016-02-05,3,High-Volatility,0.9999843116414102
2016-02-08,3,High-Volatility,0.9999929741671961
2016-02-09,3,High-Volatility,0.9999966159687534
2016-02-10,3,High-Volatility,0.9999911921537653
2016-02-11,3,High-Volatility,0.9998818815972969
2016-02-12,3,High-Volatility,0.995041776505834
2016-02-16,3,High-Volatility,0.9773107127886901
2016-02-17,3,High-Volatility,0.9318349609439138
2016-02-18,3,High-Volatility,0.8225034439777656
2016-02-19,3,High-Volatility,0.6550244997946605
2016-02-22,1,Risk-Off,0.533603991979595
2016-02-23,1,Risk-Off,0.6928371146431014
2016-02-24,1,Risk-Off,0.8118512182484471
2016-02-25,1,Risk-Off,0.8977302764020754
2016-02-26,1,Risk-Off,0.9586676759217471
2016-02-29,1,Risk-Off,0.9883304009365792
2016-03-01,1,Risk-Off,0.9981054535689984
2016-03-02,1,Risk-Off,0.9997206807888773
2016-03-03,1,Risk-Off,0.9999424979631191
2016-03-04,1,Risk-Off,0.9999528620588425
2016-03-07,1,Risk-Off,0.9998198159470827
2016-03-08,1,Risk-Off,0.9988591844066335
2016-03-09,1,Risk-Off,0.9913983368455161
2016-03-10,1,Risk-Off,0.9767722768736423
2016-03-11,1,Risk-Off,0.9515795451144847
2016-03-14,1,Risk-Off,0.9532830498130513
2016-03-15,1,Risk-Off,0.9560759457335348
2016-03-16,1,Risk-Off,0.95845691717011
2016-03-17,1,Risk-Off,0.9628187417045481
2016-03-18,1,Risk-Off,0.9717310286847203
2016-03-21,1,Risk-Off,0.978732753467134
2016-03-22,1,Risk-Off,0.9822103900994411
2016-03-23,1,Risk-Off,0.9874991654362438
2016-03-24,1,Risk-Off,0.9906815705587243
2016-03-28,1,Risk-Off,0.9924616772914724
2016-03-29,1,Risk-Off,0.9937788607704784
2016-03-30,1,Risk-Off,0.998152426285619
2016-03-31,1,Risk-Off,0.9998123759099731
2016-04-01,1,Risk-Off,0.9999502120070286
2016-04-04,1,Risk-Off,0.9999946491695849
2016-04-05,1,Risk-Off,0.9999986339762708
2016-04-06,1,Risk-Off,0.9999919746254892
2016-04-07,1,Risk-Off,0.9999987257368891
2016-04-08,1,Risk-Off,0.9999982217284364
2016-04-11,1,Risk-Off,0.999999382944415
2016-04-12,1,Risk-Off,0.9999987050404542
2016-04-13,1,Risk-Off,0.999998496475421
2016-04-14,1,Risk-Off,0.9999992910127515
2016-04-15,1,Risk-Off,0.9999994789615351
2016-04-18,1,Risk-Off,0.9999994211686355
2016-04-19,1,Risk-Off,0.9999995174476936
2016-04-20,1,Risk-Off,0.9999995979270251
2016-04-21,1,Risk-Off,0.9999996724364418
2016-04-22,1,Risk-Off,0.9999995543913511
2016-04-25,1,Risk-Off,0.9999996127736107
2016-04-26,1,Risk-Off,0.9999996097650035
2016-04-27,1,Risk-Off,0.9999996147126528
2016-04-28,1,Risk-Off,0.9999997896193457
2016-04-29,1,Risk-Off,0.9999997771483571
2016-05-02,1,Risk-Off,0.9999994402752893
2016-05-03,1,Risk-Off,0.9999996945116902
2016-05-04,1,Risk-Off,0.9999997353734565
2016-05-05,1,Risk-Off,0.9999995964536442
2016-05-06,1,Risk-Off,0.9999995355248017
2016-05-09,1,Risk-Off,0.9999995741055497
2016-05-10,1,Risk-Off,0.999999458356034
2016-05-11,1,Risk-Off,0.9999997931190806
2016-05-12,1,Risk-Off,0.9999997504019432
2016-05-13,1,Risk-Off,0.9999997762643283
2016-05-16,1,Risk-Off,0.9999996538391005
2016-05-17,1,Risk-Off,0.9999997264240311
2016-05-18,1,Risk-Off,0.999999695206544
2016-05-19,1,Risk-Off,0.9999997148843656
2016-05-20,1,Risk-Off,0.9999997014383998
2016-05-23,1,Risk-Off,0.9999997129671513
2016-05-24,1,Risk-Off,0.999999607272989
2016-05-25,1,Risk-Off,0.9999996638362628
2016-05-26,1,Risk-Off,0.999999685587731
2016-05-27,1,Risk-Off,0.9999996366751225
2016-05-31,1,Risk-Off,0.9999998004168645
2016-06-01,1,Risk-Off,0.9999998596977192
2016-06-02,1,Risk-Off,0.9999998493804128
2016-06-03,1,Risk-Off,0.9999998766325083
2016-06-06,1,Risk-Off,0.9999998694402251
2016-06-07,1,Risk-Off,0.9999998852217752
2016-06-08,1,Risk-Off,0.9999998926614411
2016-06-09,1,Risk-Off,0.9999998981584265
2016-06-10,1,Risk-Off,0.999999892323109
2016-06-13,1,Risk-Off,0.9999997728810088
2016-06-14,1,Risk-Off,0.9999997844825207
2016-06-15,1,Risk-Off,0.999999817297083
2016-06-16,1,Risk-Off,0.999999844327261
2016-06-17,1,Risk-Off,0.999999846008007
2016-06-20,1,Risk-Off,0.9999998750026939
2016-06-21,1,Risk-Off,0.9999998808416493
2016-06-22,1,Risk-Off,0.9999997414416036
2016-06-23,1,Risk-Off,0.9999915154363188
2016-06-24,1,Risk-Off,0.9978374923159298
2016-06-27,1,Risk-Off,0.9978241073454942
2016-06-28,1,Risk-Off,0.9996852668960404
2016-06-29,1,Risk-Off,0.999968749919285
2016-06-30,1,Risk-Off,0.9999952712862914
2016-07-01,1,Risk-Off,0.9999979754377395
2016-07-05,1,Risk-Off,0.9999982337446591
2016-07-06,1,Risk-Off,0.9999985501900988
2016-07-07,1,Risk-Off,0.9999989633948559
2016-07-08,1,Risk-Off,0.9999985795158038
2016-07-11,1,Risk-Off,0.9999984633735022
2016-07-12,1,Risk-Off,0.9999955937952776
2016-07-13,1,Risk-Off,0.9999963952351606
2016-07-14,1,Risk-Off,0.9999958193489952
2016-07-15,1,Risk-Off,0.9999972594270085
2016-07-18,1,Risk-Off,0.9999972607112115
2016-07-19,1,Risk-Off,0.999998302964362
2016-07-20,1,Risk-Off,0.9999975201748209
2016-07-21,1,Risk-Off,0.999997407506903
2016-07-22,1,Risk-Off,0.9999946625645513
2016-07-25,1,Risk-Off,0.9999174145066182
2016-07-26,1,Risk-Off,0.9999477271032772
2016-07-27,1,Risk-Off,0.999995760584971
2016-07-28,1,Risk-Off,0.9999993087005921
2016-07-29,1,Risk-Off,0.9999994648716506
2016-08-01,1,Risk-Off,0.9999998055573276
2016-08-02,1,Risk-Off,0.999999864605352
2016-08-03,1,Risk-Off,0.9999998276107511
2016-08-04,1,Risk-Off,0.999999857889644
2016-08-05,1,Risk-Off,0.9999998311941596
2016-08-08,1,Risk-Off,0.9999998726671119
2016-08-09,1,Risk-Off,0.9999998875246155
2016-08-10,1,Risk-Off,0.999999906500311
2016-08-11,1,Risk-Off,0.9999998859275431
2016-08-12,1,Risk-Off,0.9999999076208084
2016-08-15,1,Risk-Off,0.9999999049359803
2016-08-16,1,Risk-Off,0.9999999165520456
2016-08-17,1,Risk-Off,0.9999999091669493
2016-08-18,1,Risk-Off,0.999999898736865
2016-08-19,1,Risk-Off,0.9999999114734276
2016-08-22,1,Risk-Off,0.9999999060346498
2016-08-23,1,Risk-Off,0.9999999004830947
2016-08-24,1,Risk-Off,0.9999999160718325
2016-08-25,1,Risk-Off,0.9999999088322552
2016-08-26,1,Risk-Off,0.9999999123574564
2016-08-29,1,Risk-Off,0.9999998678358767
2016-08-30,1,Risk-Off,0.9999998849853067
2016-08-31,1,Risk-Off,0.9999998891034981
2016-09-01,1,Risk-Off,0.999999910734918
2016-09-02,1,Risk-Off,0.9999999072861144
2016-09-06,1,Risk-Off,0.9999999161191262
2016-09-07,1,Risk-Off,0.9999999222964137
2016-09-08,1,Risk-Off,0.9999999253668675
2016-09-09,1,Risk-Off,0.9999997767554554
2016-09-12,1,Risk-Off,0.9999997780724035
2016-09-13,1,Risk-Off,0.9999992469859642
2016-09-14,1,Risk-Off,0.9999994328647307
2016-09-15,1,Risk-Off,0.9999996492734387
2016-09-16,1,Risk-Off,0.9999996509869261
2016-09-19,1,Risk-Off,0.9999996435690899
2016-09-20,1,Risk-Off,0.9999997100895109
2016-09-21,1,Risk-Off,0.999999810799654
2016-09-22,1,Risk-Off,0.9999998225830653
2016-09-23,1,Risk-Off,0.9999998446946968
2016-09-26,1,Risk-Off,0.9999997764425893
2016-09-27,1,Risk-Off,0.9999997978448141
2016-09-28,1,Risk-Off,0.9999998200692224
2016-09-29,1,Risk-Off,0.9999997894883785
2016-09-30,1,Risk-Off,0.9999998086859888
2016-10-03,1,Risk-Off,0.9999997592640574
2016-10-04,1,Risk-Off,0.999999788251466
2016-10-05,1,Risk-Off,0.9999998105377197
2016-10-06,1,Risk-Off,0.9999998341118181
2016-10-07,1,Risk-Off,0.9999998175953972
2016-10-10,1,Risk-Off,0.9999998370694945
2016-10-11,1,Risk-Off,0.9999998611783764
2016-10-12,1,Risk-Off,0.9999997950217431
2016-10-13,1,Risk-Off,0.9999998517087189
2016-10-14,1,Risk-Off,0.999999860887338
2016-10-17,1,Risk-Off,0.9999998657476771
2016-10-18,1,Risk-Off,0.9999998305611514
2016-10-19,1,Risk-Off,0.9999998755774946
2016-10-20,1,Risk-Off,0.9999998888160979
2016-10-21,1,Risk-Off,0.99999988577111
2016-10-24,1,Risk-Off,0.9999998388448278
2016-10-25,1,Risk-Off,0.9999998907951582
2016-10-26,1,Risk-Off,0.99999989723438
2016-10-27,1,Risk-Off,0.9999999002211603
2016-10-28,1,Risk-Off,0.9999999023421017
2016-10-31,1,Risk-Off,0.9999998915409437
2016-11-01,1,Risk-Off,0.9999998644561948
2016-11-02,1,Risk-Off,0.9999997890372692
2016-11-03,1,Risk-Off,0.9999992228261654
2016-11-04,1,Risk-Off,0.9999993881285316
2016-11-07,1,Risk-Off,0.999999779294764
2016-11-08,1,Risk-Off,0.9999996972911053
2016-11-09,1,Risk-Off,0.9999997964114508
2016-11-10,1,Risk-Off,0.9999998207313344
2016-11-11,1,Risk-Off,0.9999998412968251
2016-11-14,1,Risk-Off,0.9999998522180358
2016-11-15,1,Risk-Off,0.999999827454318
2016-11-16,1,Risk-Off,0.9999998684397811
2016-11-17,1,Risk-Off,0.9999998595522
2016-11-18,1,Risk-Off,0.9999998748244331
2016-11-21,1,Risk-Off,0.9999998447347146
2016-11-22,1,Risk-Off,0.9999998585990497
2016-11-23,1,Risk-Off,0.9999998379462471
2016-11-25,1,Risk-Off,0.9999997818631765
2016-11-28,1,Risk-Off,0.9999998313178509
2016-11-29,1,Risk-Off,0.9999997103805491
2016-11-30,1,Risk-Off,0.9999996493207324
2016-12-01,1,Risk-Off,0.9999995994185958
2016-12-02,1,Risk-Off,0.999998420187123
2016-12-05,1,Risk-Off,0.999994061883067
2016-12-06,1,Risk-Off,0.9999987583295001
2016-12-07,1,Risk-Off,0.9999988358183556
2016-12-08,1,Risk-Off,0.9999997611012362
2016-12-09,1,Risk-Off,0.999999731862808
2016-12-12,1,Risk-Off,0.9999998259882128
2016-12-13,1,Risk-Off,0.9999997359737229
2016-12-14,1,Risk-Off,0.9999998468920357
2016-12-15,1,Risk-Off,0.9999997080631573
2016-12-16,1,Risk-Off,0.9999998086423331
2016-12-19,1,Risk-Off,0.999999797037183
2016-12-20,1,Risk-Off,0.999999776813663
2016-12-21,1,Risk-Off,0.9999998036983209
2016-12-22,1,Risk-Off,0.9999998117709943
2016-12-23,1,Risk-Off,0.9999997916056818
2016-12-27,1,Risk-Off,0.9999997674385939
2016-12-28,1,Risk-Off,0.9999998650200814
2016-12-29,1,Risk-Off,0.9999998550047272
2016-12-30,1,Risk-Off,0.9999998646126279
2017-01-03,1,Risk-Off,0.99999957950067
2017-01-04,1,Risk-Off,0.9999996485931368
2017-01-05,1,Risk-Off,0.9999997193299744
2017-01-06,1,Risk-Off,0.9999996260194866
2017-01-09,1,Risk-Off,0.9999996897168357
2017-01-10,1,Risk-Off,0.9999997049708762
2017-01-11,1,Risk-Off,0.999999589763404
2017-01-12,1,Risk-Off,0.9999997049890661
2017-01-13,1,Risk-Off,0.9999996853367106
2017-01-17,1,Risk-Off,0.9999997718842029
2017-01-18,1,Risk-Off,0.9999997562736396
2017-01-19,1,Risk-Off,0.9999997712366429
2017-01-20,1,Risk-Off,0.9999997382765629
2017-01-23,1,Risk-Off,0.9999997920749809
2017-01-24,1,Risk-Off,0.9999996993793044
2017-01-25,1,Risk-Off,0.9999996692786773
2017-01-26,1,Risk-Off,0.9999997176637806
2017-01-27,1,Risk-Off,0.999999649215231
2017-01-30,1,Risk-Off,0.9999997352424894
2017-01-31,1,Risk-Off,0.9999996475635892
2017-02-01,1,Risk-Off,0.9999997650047866
2017-02-02,1,Risk-Off,0.9999997754566973
2017-02-03,1,Risk-Off,0.9999997622217335
2017-02-06,1,Risk-Off,0.9999997861923704
2017-02-07,1,Risk-Off,0.9999997944833223
2017-02-08,1,Risk-Off,0.9999998059102115
2017-02-09,1,Risk-Off,0.9999997817431233
2017-02-10,1,Risk-Off,0.9999997759187205
2017-02-13,1,Risk-Off,0.9999997822196984
2017-02-14,1,Risk-Off,0.9999997564519004
2017-02-15,1,Risk-Off,0.9999997459526963
2017-02-16,1,Risk-Off,0.9999997734194296
2017-02-17,1,Risk-Off,0.9999997910417951
2017-02-21,1,Risk-Off,0.9999997711311415
2017-02-22,1,Risk-Off,0.9999997663763043
2017-02-23,1,Risk-Off,0.9999997720006182
2017-02-24,1,Risk-Off,0.999999768555453
2017-02-27,1,Risk-Off,0.9999997736377083
2017-02-28,1,Risk-Off,0.9999997678460474
2017-03-01,1,Risk-Off,0.9999997269806418
2017-03-02,1,Risk-Off,0.9999997728810088
2017-03-03,1,Risk-Off,0.9999996960032611
2017-03-06,1,Risk-Off,0.9999997449813561
2017-03-07,1,Risk-Off,0.9999997335762956
2017-03-08,1,Risk-Off,0.9999997485356605
2017-03-09,1,Risk-Off,0.9999997570048731
2017-03-10,1,Risk-Off,0.9999997473424037
2017-03-13,1,Risk-Off,0.9999997720661018
2017-03-14,1,Risk-Off,0.9999997667291881
2017-03-15,1,Risk-Off,0.999999757521466
2017-03-16,1,Risk-Off,0.9999997554187147
2017-03-17,1,Risk-Off,0.999999745159617
2017-03-20,1,Risk-Off,0.9999997635495954
2017-03-21,1,Risk-Off,0.9999997489067343
2017-03-22,1,Risk-Off,0.9999997336454172
2017-03-23,1,Risk-Off,0.9999997652739969
2017-03-24,1,Risk-Off,0.9999997814084293
2017-03-27,1,Risk-Off,0.9999997709201387
2017-03-28,1,Risk-Off,0.9999997650629943
2017-03-29,1,Risk-Off,0.9999997628219998
2017-03-30,1,Risk-Off,0.9999997953236953
2017-03-31,1,Risk-Off,0.999999841653347
2017-04-03,1,Risk-Off,0.9999997429695544
2017-04-04,1,Risk-Off,0.9999997321174664
2017-04-05,1,Risk-Off,0.9999996752231327
2017-04-06,1,Risk-Off,0.9999997688028356
2017-04-07,1,Risk-Off,0.9999997710656578
2017-04-10,1,Risk-Off,0.9999997271807305
2017-04-11,1,Risk-Off,0.9999997132727414
2017-04-12,1,Risk-Off,0.9999996125407802
2017-04-13,1,Risk-Off,0.9999994868195652
2017-04-17,1,Risk-Off,0.999999696341593
2017-04-18,1,Risk-Off,0.9999996756160343
2017-04-19,1,Risk-Off,0.9999997230225219
2017-04-20,1,Risk-Off,0.9999996673541871
2017-04-21,1,Risk-Off,0.9999996772021925
2017-04-24,1,Risk-Off,0.9999996407605712
2017-04-25,1,Risk-Off,0.9999996449078656
2017-04-26,1,Risk-Off,0.9999996920451414
2017-04-27,1,Risk-Off,0.9999997203449702
2017-04-28,1,Risk-Off,0.9999997161794857
2017-05-01,1,Risk-Off,0.999999808478624
2017-05-02,1,Risk-Off,0.9999998452876873
2017-05-03,1,Risk-Off,0.999999845327705
2017-05-04,1,Risk-Off,0.9999998399944289
2017-05-05,1,Risk-Off,0.9999998320381706
2017-05-08,1,Risk-Off,0.9999998302373714
2017-05-09,1,Risk-Off,0.9999998142739231
2017-05-10,1,Risk-Off,0.9999997728991987
2017-05-11,1,Risk-Off,0.9999997555715098
2017-05-12,1,Risk-Off,0.9999997676495965
2017-05-15,1,Risk-Off,0.9999997649574929
2017-05-16,1,Risk-Off,0.9999998054772921
2017-05-17,1,Risk-Off,0.9999998297535203
2017-05-18,1,Risk-Off,0.9999998178646076
2017-05-19,1,Risk-Off,0.9999997960003592
2017-05-22,1,Risk-Off,0.9999998277562703
2017-05-23,1,Risk-Off,0.9999998291095982
2017-05-24,1,Risk-Off,0.9999998412677212
2017-05-25,1,Risk-Off,0.9999998712410244
2017-05-26,1,Risk-Off,0.9999998685525584
2017-05-30,1,Risk-Off,0.9999998703424438
2017-05-31,1,Risk-Off,0.9999998711755408
2017-06-01,1,Risk-Off,0.9999998325875052
2017-06-02,1,Risk-Off,0.9999998327694042
2017-06-05,1,Risk-Off,0.9999998397834262
2017-06-06,1,Risk-Off,0.9999998334969998
2017-06-07,1,Risk-Off,0.9999998429157254
2017-06-08,1,Risk-Off,0.9999998465282378
2017-06-09,1,Risk-Off,0.999999852530902
2017-06-12,1,Risk-Off,0.9999998552230058
2017-06-13,1,Risk-Off,0.9999998434650601
2017-06-14,1,Risk-Off,0.9999998657149353
2017-06-15,1,Risk-Off,0.9999997991581242
2017-06-16,1,Risk-Off,0.9999998042039998
2017-06-19,1,Risk-Off,0.9999998179155393
2017-06-20,1,Risk-Off,0.9999998827006562
2017-06-21,1,Risk-Off,0.9999998742278046
2017-06-22,1,Risk-Off,0.9999998713319739
2017-06-23,1,Risk-Off,0.9999998585881358
2017-06-26,1,Risk-Off,0.9999998537459867
2017-06-27,1,Risk-Off,0.9999998689636499
2017-06-28,1,Risk-Off,0.9999998502207857
2017-06-29,1,Risk-Off,0.9999998883213328
2017-06-30,1,Risk-Off,0.9999998787388977
2017-07-03,1,Risk-Off,0.9999997970699247
2017-07-05,1,Risk-Off,0.9999997937775547
2017-07-06,1,Risk-Off,0.9999998369494412
2017-07-07,1,Risk-Off,0.9999997976228974
2017-07-10,1,Risk-Off,0.9999998225867033
2017-07-11,1,Risk-Off,0.9999998158237019
2017-07-12,1,Risk-Off,0.999999783438421
2017-07-13,1,Risk-Off,0.9999997999548413
2017-07-14,1,Risk-Off,0.9999997842569661
2017-07-17,1,Risk-Off,0.9999998072562634
2017-07-18,1,Risk-Off,0.9999998068815517
2017-07-19,1,Risk-Off,0.9999997551531423
2017-07-20,1,Risk-Off,0.9999997914674386
2017-07-21,1,Risk-Off,0.9999997863124237
2017-07-24,1,Risk-Off,0.9999998085331937
2017-07-25,1,Risk-Off,0.9999997783452518
2017-07-26,1,Risk-Off,0.99999979918359
2017-07-27,1,Risk-Off,0.9999998225503235
2017-07-28,1,Risk-Off,0.9999998088533358
2017-07-31,1,Risk-Off,0.9999998188104819
2017-08-01,1,Risk-Off,0.9999997581217323
2017-08-02,1,Risk-Off,0.9999997599443593
2017-08-03,1,Risk-Off,0.9999997589511913
2017-08-04,1,Risk-Off,0.9999997433806459
2017-08-07,1,Risk-Off,0.9999997468658287
2017-08-08,1,Risk-Off,0.9999997711529693
2017-08-09,1,Risk-Off,0.9999997610539425
2017-08-10,1,Risk-Off,0.9999992614942128
2017-08-11,1,Risk-Off,0.9999993944295071
2017-08-14,1,Risk-Off,0.9999997001796596
2017-08-15,1,Risk-Off,0.9999996949336957
2017-08-16,1,Risk-Off,0.9999996933875551
2017-08-17,1,Risk-Off,0.9999986051998981
2017-08-18,1,Risk-Off,0.9999989876674257
2017-08-21,1,Risk-Off,0.9999993896382919
2017-08-22,1,Risk-Off,0.9999995669023548
2017-08-23,1,Risk-Off,0.9999994867759094
2017-08-24,1,Risk-Off,0.9999995241452093
2017-08-25,1,Risk-Off,0.999999661216919
2017-08-28,1,Risk-Off,0.9999996892438986
2017-08-29,1,Risk-Off,0.9999996615516129
2017-08-30,1,Risk-Off,0.9999996864681217
2017-08-31,1,Risk-Off,0.9999996845399934
2017-09-01,1,Risk-Off,0.9999996438019204
2017-09-05,1,Risk-Off,0.9999994582614466
2017-09-06,1,Risk-Off,0.9999996039333257
2017-09-07,1,Risk-Off,0.9999996263105247
2017-09-08,1,Risk-Off,0.999999682997491
2017-09-11,1,Risk-Off,0.9999995439394428
2017-09-12,1,Risk-Off,0.9999996762854222
2017-09-13,1,Risk-Off,0.9999996883889738
2017-09-14,1,Risk-Off,0.999999677293142
2017-09-15,1,Risk-Off,0.9999995179824761
2017-09-18,1,Risk-Off,0.9999995882718332
2017-09-19,1,Risk-Off,0.9999996413208198
2017-09-20,1,Risk-Off,0.9999997017076102
2017-09-21,1,Risk-Off,0.9999996941697203
2017-09-22,1,Risk-Off,0.9999996439874573
2017-09-25,1,Risk-Off,0.9999997041159514
2017-09-26,1,Risk-Off,0.9999996799525036
2017-09-27,1,Risk-Off,0.9999997092709659
2017-09-28,1,Risk-Off,0.9999997467566893
2017-09-29,1,Risk-Off,0.9999997409031829
2017-10-02,1,Risk-Off,0.9999996987572103
2017-10-03,1,Risk-Off,0.9999997201667093
2017-10-04,1,Risk-Off,0.9999997338564198
2017-10-05,1,Risk-Off,0.9999996487568459
2017-10-06,1,Risk-Off,0.9999996635452246
2017-10-09,1,Risk-Off,0.999999759973463
2017-10-10,1,Risk-Off,0.9999997361046902
2017-10-11,1,Risk-Off,0.9999997503510115
2017-10-12,1,Risk-Off,0.9999997565646778
2017-10-13,1,Risk-Off,0.9999997715676988
2017-10-16,1,Risk-Off,0.9999997941449904
2017-10-17,1,Risk-Off,0.9999997874147311
2017-10-18,1,Risk-Off,0.9999997919622036
2017-10-19,1,Risk-Off,0.999999804163982
2017-10-20,1,Risk-Off,0.9999997501763885
2017-10-23,1,Risk-Off,0.9999998158855475
2017-10-24,1,Risk-Off,0.9999997887062132
2017-10-25,1,Risk-Off,0.9999998066196172
2017-10-26,1,Risk-Off,0.9999997832747121
2017-10-27,1,Risk-Off,0.999999751915342
2017-10-30,1,Risk-Off,0.9999997606246611
2017-10-31,1,Risk-Off,0.9999997389313989
2017-11-01,1,Risk-Off,0.9999997016421266
2017-11-02,1,Risk-Off,0.9999996357146965
2017-11-03,1,Risk-Off,0.9999996357619901
2017-11-06,1,Risk-Off,0.9999996177394499
2017-11-07,1,Risk-Off,0.9999995900580801
2017-11-08,1,Risk-Off,0.9999996082443289
2017-11-09,1,Risk-Off,0.9999996115257845
2017-11-10,1,Risk-Off,0.9999996252336835
2017-11-13,1,Risk-Off,0.999999598261719
2017-11-14,1,Risk-Off,0.999999584153643
2017-11-15,1,Risk-Off,0.9999994095925937
2017-11-16,1,Risk-Off,0.9999994816681899
2017-11-17,1,Risk-Off,0.9999995052859363
2017-11-20,1,Risk-Off,0.999999547893924
2017-11-21,1,Risk-Off,0.9999994580177022
2017-11-22,1,Risk-Off,0.9999995244799031
2017-11-24,1,Risk-Off,0.9999995578547054
2017-11-27,1,Risk-Off,0.9999996052066178
2017-11-28,1,Risk-Off,0.9999995415347399
2017-11-29,1,Risk-Off,0.9999995385261328
2017-11-30,1,Risk-Off,0.9999995119216064
2017-12-01,1,Risk-Off,0.9999993694475221
2017-12-04,1,Risk-Off,0.999999220617914
2017-12-05,1,Risk-Off,0.9999993884777774
2017-12-06,1,Risk-Off,0.9999993012463787
2017-12-07,1,Risk-Off,0.9999993575113212
2017-12-08,1,Risk-Off,0.9999993763414876
2017-12-11,1,Risk-Off,0.9999992199121467
2017-12-12,1,Risk-Off,0.9999992117849084
2017-12-13,1,Risk-Off,0.9999993039202912
2017-12-14,1,Risk-Off,0.9999990350229491
2017-12-15,1,Risk-Off,0.999997776488015
2017-12-18,1,Risk-Off,0.9999945974814599
2017-12-19,1,Risk-Off,0.9999703164761793
2017-12-20,1,Risk-Off,0.9998449953800772
2017-12-21,1,Risk-Off,0.9992457183978768
2017-12-22,1,Risk-Off,0.9973735603949635
2017-12-26,1,Risk-Off,0.9916832737636327
2017-12-27,1,Risk-Off,0.9654143635330525
2017-12-28,1,Risk-Off,0.8826904230953582
2017-12-29,1,Risk-Off,0.6350501109226986
2018-01-02,2,Risk-On,0.9150622825441104
2018-01-03,2,Risk-On,0.973561160686493
2018-01-04,2,Risk-On,0.9941547673916935
2018-01-05,2,Risk-On,0.9987360262085053
2018-01-08,2,Risk-On,0.9996474136534153
2018-01-09,2,Risk-On,0.9999105900525012
2018-01-10,2,Risk-On,0.9999732250854547
2018-01-11,2,Risk-On,0.999987267024273
2018-01-12,2,Risk-On,0.9999931972537901
2018-01-16,2,Risk-On,0.9999959894238079
2018-01-17,2,Risk-On,0.9999956839221715
2018-01-18,2,Risk-On,0.9999969271931977
2018-01-19,2,Risk-On,0.9999968993263659
2018-01-22,2,Risk-On,0.999996608860167
2018-01-23,2,Risk-On,0.9999958975979573
2018-01-24,2,Risk-On,0.9999965313969499
2018-01-25,2,Risk-On,0.9999958842975615
2018-01-26,2,Risk-On,0.9999951321670114
2018-01-29,2,Risk-On,0.999990977125669
2018-01-30,2,Risk-On,0.9999507602742184
2018-01-31,2,Risk-On,0.9995251538690012
2018-02-01,2,Risk-On,0.9929744930490194
2018-02-02,2,Risk-On,0.731308409144439
2018-02-05,0,Inflation-Driven,0.9980781155876423
2018-02-06,0,Inflation-Driven,0.9991947818090205
2018-02-07,0,Inflation-Driven,0.9994599797706064
2018-02-08,0,Inflation-Driven,0.9994571778983322
2018-02-09,0,Inflation-Driven,0.999689961350335
2018-02-12,0,Inflation-Driven,0.9998939944217846
2018-02-13,0,Inflation-Driven,0.9999676758729259
2018-02-14,0,Inflation-Driven,0.9999941743687102
2018-02-15,0,Inflation-Driven,0.999997993089177
2018-02-16,0,Inflation-Driven,0.9999983347420535
2018-02-20,0,Inflation-Driven,0.999998142224192
2018-02-21,0,Inflation-Driven,0.999998126242581
2018-02-22,0,Inflation-Driven,0.9999984625658721
2018-02-23,0,Inflation-Driven,0.9999987082418714
2018-02-26,0,Inflation-Driven,0.999998796946598
2018-02-27,0,Inflation-Driven,0.9999986837364782
2018-02-28,0,Inflation-Driven,0.9999985376500041
2018-03-01,0,Inflation-Driven,0.9999984892358541
2018-03-02,0,Inflation-Driven,0.9999990954533585
2018-03-05,0,Inflation-Driven,0.999999062609716
2018-03-06,0,Inflation-Driven,0.9999949835053801
2018-03-07,0,Inflation-Driven,0.9999980703851606
2018-03-08,0,Inflation-Driven,0.9999981165619376
2018-03-09,0,Inflation-Driven,0.9999943209311193
2018-03-12,0,Inflation-Driven,0.9999974862362013
2018-03-13,0,Inflation-Driven,0.9999966224625236
2018-03-14,0,Inflation-Driven,0.9999968942950569
2018-03-15,0,Inflation-Driven,0.9999943364142693
2018-03-16,0,Inflation-Driven,0.9999904593187617
2018-03-19,0,Inflation-Driven,0.9999980580233325
2018-03-20,0,Inflation-Driven,0.9999971794753706
2018-03-21,0,Inflation-Driven,0.9999980237172597
2018-03-22,0,Inflation-Driven,0.9999990111214516
2018-03-23,0,Inflation-Driven,0.9999982291135202
2018-03-26,0,Inflation-Driven,0.9999989350550309
2018-03-27,0,Inflation-Driven,0.9999980893826494
2018-03-28,0,Inflation-Driven,0.9999979223997552
2018-03-29,0,Inflation-Driven,0.9999980565645059
2018-04-02,0,Inflation-Driven,0.9999980777520535
2018-04-03,0,Inflation-Driven,0.9999985727891907
2018-04-04,0,Inflation-Driven,0.9999988005772965
2018-04-05,0,Inflation-Driven,0.9999987466443269
2018-04-06,0,Inflation-Driven,0.9999984764301881
2018-04-09,0,Inflation-Driven,0.9999985861551058
2018-04-10,0,Inflation-Driven,0.9999988677634107
2018-04-11,0,Inflation-Driven,0.9999989723806544
2018-04-12,0,Inflation-Driven,0.9999990118927023
2018-04-13,0,Inflation-Driven,0.9999991355765913
2018-04-16,0,Inflation-Driven,0.9999992053165871
2018-04-17,0,Inflation-Driven,0.9999989737230671
2018-04-18,0,Inflation-Driven,0.9999990406108791
2018-04-19,0,Inflation-Driven,0.9999988465649325
2018-04-20,0,Inflation-Driven,0.9999983249559068
2018-04-23,0,Inflation-Driven,0.9999974997621727
2018-04-24,0,Inflation-Driven,0.9999978954351126
2018-04-25,0,Inflation-Driven,0.9999977856484253
2018-04-26,0,Inflation-Driven,0.9999974081289957
2018-04-27,0,Inflation-Driven,0.9999945569145782
2018-04-30,0,Inflation-Driven,0.9999268385133911
2018-05-01,0,Inflation-Driven,0.9979686962580592
2018-05-02,0,Inflation-Driven,0.9835369036144235
2018-05-03,0,Inflation-Driven,0.9464993919232805
2018-05-04,0,Inflation-Driven,0.8588078114225071
2018-05-07,0,Inflation-Driven,0.6049838503943279
2018-05-08,2,Risk-On,0.7123686629348631
2018-05-09,2,Risk-On,0.8857038070348484
2018-05-10,2,Risk-On,0.9687079658460604
2018-05-11,2,Risk-On,0.9946009050066753
2018-05-14,2,Risk-On,0.999261958359436
2018-05-15,2,Risk-On,0.9998875653821259
2018-05-16,2,Risk-On,0.9999807860831047
2018-05-17,2,Risk-On,0.9999911154367469
2018-05-18,2,Risk-On,0.9999922952853332
2018-05-21,2,Risk-On,0.9999934918699049
2018-05-22,2,Risk-On,0.9999940501033617
2018-05-23,2,Risk-On,0.9999933149416108
2018-05-24,2,Risk-On,0.9999945717865547
2018-05-25,2,Risk-On,0.9999765859187313
2018-05-29,2,Risk-On,0.9998410083338903
2018-05-30,2,Risk-On,0.9998958649103136
2018-05-31,2,Risk-On,0.9999118613841189
2018-06-01,2,Risk-On,0.9999440932282257
2018-06-04,2,Risk-On,0.9999706776513352
2018-06-05,2,Risk-On,0.9999803604660427
2018-06-06,2,Risk-On,0.9999837455409316
2018-06-07,2,Risk-On,0.9999898659047723
2018-06-08,2,Risk-On,0.9999911256157212
2018-06-11,2,Risk-On,0.9999927654214606
2018-06-12,2,Risk-On,0.9999937299631827
2018-06-13,2,Risk-On,0.99999480167649
2018-06-14,2,Risk-On,0.9999954026167139
2018-06-15,2,Risk-On,0.9999960419705645
2018-06-18,2,Risk-On,0.9999964071494983
2018-06-19,2,Risk-On,0.9999958845122013
2018-06-20,2,Risk-On,0.999996596927637
2018-06-21,2,Risk-On,0.9999922384132502
2018-06-22,2,Risk-On,0.9999888584063633
2018-06-25,2,Risk-On,0.9999167457342255
2018-06-26,2,Risk-On,0.9999343900077488
2018-06-27,2,Risk-On,0.9998997430722859
2018-06-28,2,Risk-On,0.9999329525048455
2018-06-29,2,Risk-On,0.9999613782056809
2018-07-02,2,Risk-On,0.9999912678448886
2018-07-03,2,Risk-On,0.9999908291340375
2018-07-05,2,Risk-On,0.9999973532575052
2018-07-06,2,Risk-On,0.9999978920372476
2018-07-09,2,Risk-On,0.9999984279760235
2018-07-10,2,Risk-On,0.9999983963838656
2018-07-11,2,Risk-On,0.9999974159942856
2018-07-12,2,Risk-On,0.9999982138267605
2018-07-13,2,Risk-On,0.9999983437314841
2018-07-16,2,Risk-On,0.9999978850377912
2018-07-17,2,Risk-On,0.999998438853563
2018-07-18,2,Risk-On,0.9999984553772371
2018-07-19,2,Risk-On,0.9999983329812746
2018-07-20,2,Risk-On,0.9999982604801185
2018-07-23,2,Risk-On,0.9999982746427455
2018-07-24,2,Risk-On,0.9999966133166759
2018-07-25,2,Risk-On,0.9999972628248714
2018-07-26,2,Risk-On,0.9999968652640766
2018-07-27,2,Risk-On,0.9999977706636239
2018-07-30,2,Risk-On,0.9999980473567994
2018-07-31,2,Risk-On,0.9999975514613616
2018-08-01,2,Risk-On,0.9999942236193815
2018-08-02,2,Risk-On,0.9999951247673985
2018-08-03,2,Risk-On,0.9999966953782893
2018-08-06,2,Risk-On,0.9999974740417271
2018-08-07,2,Risk-On,0.999997906749203
2018-08-08,2,Risk-On,0.999997767433106
2018-08-09,2,Risk-On,0.9999981980488747
2018-08-10,2,Risk-On,0.9999978123183892
2018-08-13,2,Risk-On,0.9999962835277924
2018-08-14,2,Risk-On,0.9999973290977521
2018-08-15,2,Risk-On,0.9999947889363546
2018-08-16,2,Risk-On,0.9999964262961122
2018-08-17,2,Risk-On,0.9999965642332332
2018-08-20,2,Risk-On,0.9999968992863484
2018-08-21,2,Risk-On,0.999997269416871
2018-08-22,2,Risk-On,0.9999975887469158
2018-08-23,2,Risk-On,0.9999980289741286
2018-08-24,2,Risk-On,0.9999983529355553
2018-08-27,2,Risk-On,0.999997514619641
2018-08-28,2,Risk-On,0.9999970702853885
2018-08-29,2,Risk-On,0.999997478018028
2018-08-30,2,Risk-On,0.9999956566701902
2018-08-31,2,Risk-On,0.9999956957637415
2018-09-04,2,Risk-On,0.9999955512420279
2018-09-05,2,Risk-On,0.9999927095898054
2018-09-06,2,Risk-On,0.9999916746511232
2018-09-07,2,Risk-On,0.9999932893013079
2018-09-10,2,Risk-On,0.9999972198095286
2018-09-11,2,Risk-On,0.9999981939088624
2018-09-12,2,Risk-On,0.9999984257459459
2018-09-13,2,Risk-On,0.999998184522894
2018-09-14,2,Risk-On,0.999998543296139
2018-09-17,2,Risk-On,0.9999981373820513
2018-09-18,2,Risk-On,0.999998509037343
2018-09-19,2,Risk-On,0.9999986467928527
2018-09-20,2,Risk-On,0.999998640342725
2018-09-21,2,Risk-On,0.9999987126074403
2018-09-24,2,Risk-On,0.9999987693016307
2018-09-25,2,Risk-On,0.9999988824681045
2018-09-26,2,Risk-On,0.9999983407738123
2018-09-27,2,Risk-On,0.9999984955732036
2018-09-28,2,Risk-On,0.9999983500688328
2018-10-01,2,Risk-On,0.9999994569153952
2018-10-02,2,Risk-On,0.9999990173278374
2018-10-03,2,Risk-On,0.9999988347778949
2018-10-04,2,Risk-On,0.9999989454268975
2018-10-05,2,Risk-On,0.9999916664220836
2018-10-08,2,Risk-On,0.9996111084263185
2018-10-09,2,Risk-On,0.9806160502657224
2018-10-10,0,Inflation-Driven,0.9648910881770587
2018-10-11,0,Inflation-Driven,0.9999936465812348
2018-10-12,0,Inflation-Driven,0.9999990851142322
2018-10-15,0,Inflation-Driven,0.9999993341918922
2018-10-16,0,Inflation-Driven,0.9999950373071802
2018-10-17,0,Inflation-Driven,0.999998356460751
2018-10-18,0,Inflation-Driven,0.9999994119863823
2018-10-19,0,Inflation-Driven,0.9999994866413043
2018-10-22,0,Inflation-Driven,0.9999994287829207
2018-10-23,0,Inflation-Driven,0.9999993920939261
2018-10-24,0,Inflation-Driven,0.9999981693270842
2018-10-25,0,Inflation-Driven,0.9999990630535491
2018-10-26,0,Inflation-Driven,0.9999979683837128
2018-10-29,0,Inflation-Driven,0.9999980090525962
2018-10-30,0,Inflation-Driven,0.9999989727080721
2018-10-31,0,Inflation-Driven,0.9999992410378733
2018-11-01,0,Inflation-Driven,0.9999995027357145
2018-11-02,0,Inflation-Driven,0.9999994930732475
2018-11-05,0,Inflation-Driven,0.9999995624931264
2018-11-06,0,Inflation-Driven,0.9999996260886082
2018-11-07,0,Inflation-Driven,0.9999995605249807
2018-11-08,0,Inflation-Driven,0.9999995809922407
2018-11-09,0,Inflation-Driven,0.9999996640108857
2018-11-12,0,Inflation-Driven,0.9999996113147818
2018-11-13,0,Inflation-Driven,0.9999995839899339
2018-11-14,0,Inflation-Driven,0.9999994659885094
2018-11-15,0,Inflation-Driven,0.9999995490835425
2018-11-16,0,Inflation-Driven,0.9999996092920663
2018-11-19,0,Inflation-Driven,0.9999994699320763
2018-11-20,0,Inflation-Driven,0.9999990493492958
2018-11-21,0,Inflation-Driven,0.9999989727189861
2018-11-23,0,Inflation-Driven,0.9999991347871505
2018-11-26,0,Inflation-Driven,0.9999990596302143
2018-11-27,0,Inflation-Driven,0.9999991313019699
2018-11-28,0,Inflation-Driven,0.9999991247208719
2018-11-29,0,Inflation-Driven,0.9999994263454763
2018-11-30,0,Inflation-Driven,0.9999995293948102
2018-12-03,0,Inflation-Driven,0.9999996414263211
2018-12-04,0,Inflation-Driven,0.9999991841726713
2018-12-06,0,Inflation-Driven,0.9999976747921867
2018-12-07,0,Inflation-Driven,0.999994367547916
2018-12-10,0,Inflation-Driven,0.9999921378493877
2018-12-11,0,Inflation-Driven,0.9999856776965058
2018-12-12,0,Inflation-Driven,0.9999324295223881
2018-12-13,0,Inflation-Driven,0.9994921957067192
2018-12-14,0,Inflation-Driven,0.9952462130181385
2018-12-17,0,Inflation-Driven,0.9648850038846755
2018-12-18,0,Inflation-Driven,0.8733150243165729
2018-12-19,0,Inflation-Driven,0.6970196786018629
2018-12-20,3,High-Volatility,0.6346318995204846
2018-12-21,3,High-Volatility,0.9053835475071677
2018-12-24,3,High-Volatility,0.997957650038056
2018-12-26,3,High-Volatility,0.999963006983626
2018-12-27,3,High-Volatility,0.9999999155916193
2018-12-28,3,High-Volatility,0.9999999434367071
2018-12-31,3,High-Volatility,0.9999998453677228
2019-01-02,3,High-Volatility,0.9999994612191218
2019-01-03,3,High-Volatility,0.9999997521372587
2019-01-04,3,High-Volatility,0.9999998386920327
2019-01-07,3,High-Volatility,0.9999998150415366
2019-01-08,3,High-Volatility,0.9999995248000452
2019-01-09,3,High-Volatility,0.999998939828054
2019-01-10,3,High-Volatility,0.999997796143971
2019-01-11,3,High-Volatility,0.9999947663700899
2019-01-14,3,High-Volatility,0.9999915574982738
2019-01-15,3,High-Volatility,0.9999850142662227
2019-01-16,3,High-Volatility,0.9999604542970385
2019-01-17,3,High-Volatility,0.9998856414805993
2019-01-18,3,High-Volatility,0.99964244952828
2019-01-22,3,High-Volatility,0.9990948571302423
2019-01-23,3,High-Volatility,0.9976244450642838
2019-01-24,3,High-Volatility,0.9904301992091948
2019-01-25,3,High-Volatility,0.8842021083825139
2019-01-28,3,High-Volatility,0.705336760905618
2019-01-29,3,High-Volatility,0.5325588264674942
2019-01-30,0,Inflation-Driven,0.6761902942618028
2019-01-31,0,Inflation-Driven,0.8651243512964932
2019-02-01,0,Inflation-Driven,0.9457183667318695
2019-02-04,0,Inflation-Driven,0.9900451103801139
2019-02-05,0,Inflation-Driven,0.9986399647132722
2019-02-06,0,Inflation-Driven,0.9998898330420558
2019-02-07,0,Inflation-Driven,0.9999916308538619
2019-02-08,0,Inflation-Driven,0.9999978445617254
2019-02-11,0,Inflation-Driven,0.9999988533824969
2019-02-12,0,Inflation-Driven,0.9999982568894397
2019-02-13,0,Inflation-Driven,0.9999988523056564
2019-02-14,0,Inflation-Driven,0.9999991159860925
2019-02-15,0,Inflation-Driven,0.9999990969012728
2019-02-19,0,Inflation-Driven,0.9999994563878886
2019-02-20,0,Inflation-Driven,0.9999991609623857
2019-02-21,0,Inflation-Driven,0.9999994355568335
2019-02-22,0,Inflation-Driven,0.9999993832463671
2019-02-25,0,Inflation-Driven,0.999999655199704
2019-02-26,0,Inflation-Driven,0.9999996079642046
2019-02-27,0,Inflation-Driven,0.999999586387361
2019-02-28,0,Inflation-Driven,0.99999963191301
2019-03-01,0,Inflation-Driven,0.9999994423634879
2019-03-04,0,Inflation-Driven,0.9999996340594167
2019-03-05,0,Inflation-Driven,0.9999995887411324
2019-03-06,0,Inflation-Driven,0.9999996775114206
2019-03-07,0,Inflation-Driven,0.9999997271516267
2019-03-08,0,Inflation-Driven,0.9999996993829424
2019-03-11,0,Inflation-Driven,0.999999660562083
2019-03-12,0,Inflation-Driven,0.9999996912447863
2019-03-13,0,Inflation-Driven,0.9999996547813367
2019-03-14,0,Inflation-Driven,0.9999996196166463
2019-03-15,0,Inflation-Driven,0.9999995742474308
2019-03-18,0,Inflation-Driven,0.9999993371095494
2019-03-19,0,Inflation-Driven,0.9999993213243699
2019-03-20,0,Inflation-Driven,0.999999063366415
2019-03-21,0,Inflation-Driven,0.9999990639230252
2019-03-22,0,Inflation-Driven,0.9999998139283153
2019-03-25,0,Inflation-Driven,0.9999997902050601
2019-03-26,0,Inflation-Driven,0.9999997327286467
2019-03-27,0,Inflation-Driven,0.9999997532541178
2019-03-28,0,Inflation-Driven,0.9999997115192362
2019-03-29,0,Inflation-Driven,0.9999996766819618
2019-04-01,0,Inflation-Driven,0.999999329007776
2019-04-02,0,Inflation-Driven,0.9999996632905662
2019-04-03,0,Inflation-Driven,0.9999996522020106
2019-04-04,0,Inflation-Driven,0.9999995908220554
2019-04-05,0,Inflation-Driven,0.9999995575200116
2019-04-08,0,Inflation-Driven,0.9999991679327473
2019-04-09,0,Inflation-Driven,0.9999991805165056
2019-04-10,0,Inflation-Driven,0.9999989878966181
2019-04-11,0,Inflation-Driven,0.9999988371243884
2019-04-12,0,Inflation-Driven,0.9999983552674959
2019-04-15,0,Inflation-Driven,0.999998043682448
2019-04-16,0,Inflation-Driven,0.9999980994671075
2019-04-17,0,Inflation-Driven,0.9999981693743778
2019-04-18,0,Inflation-Driven,0.9999978185102156
2019-04-22,0,Inflation-Driven,0.9999985475016363
2019-04-23,0,Inflation-Driven,0.999998715754288
2019-04-24,0,Inflation-Driven,0.9999969580067839
2019-04-25,0,Inflation-Driven,0.9999970405595513
2019-04-26,0,Inflation-Driven,0.9999967132588962
2019-04-29,0,Inflation-Driven,0.9999949199902288
2019-04-30,0,Inflation-Driven,0.999993088609936
2019-05-01,0,Inflation-Driven,0.9999896863941814
2019-05-02,0,Inflation-Driven,0.9999928283544026
2019-05-03,0,Inflation-Driven,0.999993608691927
2019-05-06,0,Inflation-Driven,0.9999944280762684
2019-05-07,0,Inflation-Driven,0.999999613861366
2019-05-08,0,Inflation-Driven,0.9999996959086737
2019-05-09,0,Inflation-Driven,0.9999997511586426
2019-05-10,0,Inflation-Driven,0.9999991321678081
2019-05-13,0,Inflation-Driven,0.9999998472303676
2019-05-14,0,Inflation-Driven,0.9999998576750032
2019-05-15,0,Inflation-Driven,0.9999998675812182
2019-05-16,0,Inflation-Driven,0.999999830299217
2019-05-17,0,Inflation-Driven,0.9999998793246123
2019-05-20,0,Inflation-Driven,0.9999998738494549
2019-05-21,0,Inflation-Driven,0.9999998171843058
2019-05-22,0,Inflation-Driven,0.9999998600105853
2019-05-23,0,Inflation-Driven,0.9999998810053583
2019-05-24,0,Inflation-Driven,0.9999998808052695
2019-05-28,0,Inflation-Driven,0.9999998742278046
2019-05-29,0,Inflation-Driven,0.9999998591301945
2019-05-30,0,Inflation-Driven,0.9999998609346318
2019-05-31,0,Inflation-Driven,0.9999998243947784
2019-06-03,0,Inflation-Driven,0.9999997621817157
2019-06-04,0,Inflation-Driven,0.9999997342820632
2019-06-05,0,Inflation-Driven,0.9999996322004102
2019-06-06,0,Inflation-Driven,0.9999996948973159
2019-06-07,0,Inflation-Driven,0.9999997139712331
2019-06-10,0,Inflation-Driven,0.9999998091625639
2019-06-11,0,Inflation-Driven,0.9999997856830535
2019-06-12,0,Inflation-Driven,0.999999836454676
2019-06-13,0,Inflation-Driven,0.9999998478160821
2019-06-14,0,Inflation-Driven,0.9999998835919609
2019-06-17,0,Inflation-Driven,0.9999998844650757
2019-06-18,0,Inflation-Driven,0.9999998934399684
2019-06-19,0,Inflation-Driven,0.9999999098799931
2019-06-20,0,Inflation-Driven,0.9999999055253328
2019-06-21,0,Inflation-Driven,0.999999900930566
2019-06-24,0,Inflation-Driven,0.9999999030551454
2019-06-25,0,Inflation-Driven,0.9999998928033222
2019-06-26,0,Inflation-Driven,0.9999998674757168
2019-06-27,0,Inflation-Driven,0.9999998675412004
2019-06-28,0,Inflation-Driven,0.9999998360763264
2019-07-01,0,Inflation-Driven,0.9999997021987371
2019-07-02,0,Inflation-Driven,0.9999997651393917
2019-07-03,0,Inflation-Driven,0.9999997372579291
2019-07-05,0,Inflation-Driven,0.9999997773739117
2019-07-08,0,Inflation-Driven,0.9999997724699173
2019-07-09,0,Inflation-Driven,0.99999976114853
2019-07-10,0,Inflation-Driven,0.9999997366212829
2019-07-11,0,Inflation-Driven,0.9999996984370683
2019-07-12,0,Inflation-Driven,0.9999996874249097
2019-07-15,0,Inflation-Driven,0.9999997036357384
2019-07-16,0,Inflation-Driven,0.9999996723345785
2019-07-17,0,Inflation-Driven,0.9999997084778868
2019-07-18,0,Inflation-Driven,0.9999997286686635
2019-07-19,0,Inflation-Driven,0.9999997264240311
2019-07-22,0,Inflation-Driven,0.9999997289742536
2019-07-23,0,Inflation-Driven,0.9999996963088512
2019-07-24,0,Inflation-Driven,0.9999996756160343
2019-07-25,0,Inflation-Driven,0.9999996620463778
2019-07-26,0,Inflation-Driven,0.9999996718252616
2019-07-29,0,Inflation-Driven,0.9999996496808922
2019-07-30,0,Inflation-Driven,0.9999995490908185
2019-07-31,0,Inflation-Driven,0.9999996554761904
2019-08-01,0,Inflation-Driven,0.999999935967937
2019-08-02,0,Inflation-Driven,0.9999999335595953
2019-08-05,0,Inflation-Driven,0.9999997582745274
2019-08-06,0,Inflation-Driven,0.9999994881474268
2019-08-07,0,Inflation-Driven,0.9999996739534786
2019-08-08,0,Inflation-Driven,0.999999701569367
2019-08-09,0,Inflation-Driven,0.9999997452578424
2019-08-12,0,Inflation-Driven,0.9999996198567528
2019-08-13,0,Inflation-Driven,0.9999996424813347
2019-08-14,0,Inflation-Driven,0.9999988080169543
2019-08-15,0,Inflation-Driven,0.9999966963096087
2019-08-16,0,Inflation-Driven,0.9999972234256695
2019-08-19,0,Inflation-Driven,0.9999983227403815
2019-08-20,0,Inflation-Driven,0.9999988234892598
2019-08-21,0,Inflation-Driven,0.9999992196429365
2019-08-22,0,Inflation-Driven,0.9999993109670513
2019-08-23,0,Inflation-Driven,0.9999982819696221
2019-08-26,0,Inflation-Driven,0.9999963798756696
2019-08-27,0,Inflation-Driven,0.999996718217445
2019-08-28,0,Inflation-Driven,0.9999975083950748
2019-08-29,0,Inflation-Driven,0.999997883291565
2019-08-30,0,Inflation-Driven,0.9999979331645122
2019-09-03,0,Inflation-Driven,0.9999963615075813
2019-09-04,0,Inflation-Driven,0.9999975806306046
2019-09-05,0,Inflation-Driven,0.9999984459949043
2019-09-06,0,Inflation-Driven,0.9999993338717503
2019-09-09,0,Inflation-Driven,0.9999994029023547
2019-09-10,0,Inflation-Driven,0.999999222742492
2019-09-11,0,Inflation-Driven,0.9999995690596752
2019-09-12,0,Inflation-Driven,0.9999994960854925
2019-09-13,0,Inflation-Driven,0.99999954883616
2019-09-16,0,Inflation-Driven,0.9999997772538584
2019-09-17,0,Inflation-Driven,0.9999998017338126
2019-09-18,0,Inflation-Driven,0.9999998010789766
2019-09-19,0,Inflation-Driven,0.9999998747844153
2019-09-20,0,Inflation-Driven,0.9999998782768745
2019-09-23,0,Inflation-Driven,0.9999998185412715
2019-09-24,0,Inflation-Driven,0.9999998723433318
2019-09-25,0,Inflation-Driven,0.999999785584828
2019-09-26,0,Inflation-Driven,0.9999998506136875
2019-09-27,0,Inflation-Driven,0.9999998851453776
2019-09-30,0,Inflation-Driven,0.9999998331113741
2019-10-01,0,Inflation-Driven,0.9999997766826959
2019-10-02,0,Inflation-Driven,0.9999996403458419
2019-10-03,0,Inflation-Driven,0.9999992311280266
2019-10-04,0,Inflation-Driven,0.9999994076608281
2019-10-07,0,Inflation-Driven,0.9999995557301268
2019-10-08,0,Inflation-Driven,0.9999993008753051
2019-10-09,0,Inflation-Driven,0.9999989108515839
2019-10-10,0,Inflation-Driven,0.9999992564592539
2019-10-11,0,Inflation-Driven,0.9999994902683673
2019-10-14,0,Inflation-Driven,0.9999996011975667
2019-10-15,0,Inflation-Driven,0.9999995347826544
2019-10-16,0,Inflation-Driven,0.9999997097111613
2019-10-17,0,Inflation-Driven,0.999999779465749
2019-10-18,0,Inflation-Driven,0.9999997681589134
2019-10-21,0,Inflation-Driven,0.9999997598970656
2019-10-22,0,Inflation-Driven,0.9999997304658245
2019-10-23,0,Inflation-Driven,0.9999997453924476
2019-10-24,0,Inflation-Driven,0.9999997841514647
2019-10-25,0,Inflation-Driven,0.9999997499617479
2019-10-28,0,Inflation-Driven,0.9999997654959136
2019-10-29,0,Inflation-Driven,0.9999997508239487
2019-10-30,0,Inflation-Driven,0.9999995946091897
2019-10-31,0,Inflation-Driven,0.9999997343984786
2019-11-01,0,Inflation-Driven,0.9999997504965306
2019-11-04,0,Inflation-Driven,0.9999997774030155
2019-11-05,0,Inflation-Driven,0.9999997027626237
2019-11-06,0,Inflation-Driven,0.9999997855702761
2019-11-07,0,Inflation-Driven,0.9999998416315191
2019-11-08,0,Inflation-Driven,0.9999998932689834
2019-11-11,0,Inflation-Driven,0.9999999211104327
2019-11-12,0,Inflation-Driven,0.9999999293686439
2019-11-13,0,Inflation-Driven,0.999999933610527
2019-11-14,0,Inflation-Driven,0.9999999400351971
2019-11-15,0,Inflation-Driven,0.999999921048587
2019-11-18,0,Inflation-Driven,0.9999999455976664
2019-11-19,0,Inflation-Driven,0.9999999490937639
2019-11-20,0,Inflation-Driven,0.9999999555220721
2019-11-21,0,Inflation-Driven,0.9999999543651948
2019-11-22,0,Inflation-Driven,0.9999999543761088
2019-11-25,0,Inflation-Driven,0.9999999471147035
2019-11-26,0,Inflation-Driven,0.9999999394058269
2019-11-27,0,Inflation-Driven,0.9999999346837306
2019-11-29,0,Inflation-Driven,0.9999999427636811
2019-12-02,0,Inflation-Driven,0.9999999566462074
2019-12-03,0,Inflation-Driven,0.9999999530919024
2019-12-04,0,Inflation-Driven,0.9999999426618177
2019-12-05,0,Inflation-Driven,0.9999999475912786
2019-12-06,0,Inflation-Driven,0.9999999386491273
2019-12-09,0,Inflation-Driven,0.9999999548235802
2019-12-10,0,Inflation-Driven,0.9999999489555207
2019-12-11,0,Inflation-Driven,0.9999999483770821
2019-12-12,0,Inflation-Driven,0.9999999347164724
2019-12-13,0,Inflation-Driven,0.9999999366373251
2019-12-16,0,Inflation-Driven,0.999999927160391
2019-12-17,0,Inflation-Driven,0.9999999287647395
2019-12-18,0,Inflation-Driven,0.9999999239116761
2019-12-19,0,Inflation-Driven,0.999999910571209
2019-12-20,0,Inflation-Driven,0.9999999108295055
2019-12-23,0,Inflation-Driven,0.9999999217943727
2019-12-24,0,Inflation-Driven,0.9999999251704167
2019-12-26,0,Inflation-Driven,0.9999998476487352
2019-12-27,0,Inflation-Driven,0.9999998486164373
2019-12-30,0,Inflation-Driven,0.9999998697276253
2019-12-31,0,Inflation-Driven,0.9999998521234483
2020-01-02,0,Inflation-Driven,0.9999996026782235
2020-01-03,0,Inflation-Driven,0.9999994948376664
2020-01-06,0,Inflation-Driven,0.9999995444487596
2020-01-07,0,Inflation-Driven,0.9999995473955211
2020-01-08,0,Inflation-Driven,0.9999995689832778
2020-01-09,0,Inflation-Driven,0.99999951324583
2020-01-10,0,Inflation-Driven,0.999999431875201
2020-01-13,0,Inflation-Driven,0.9999992310079734
2020-01-14,0,Inflation-Driven,0.9999990197580048
2020-01-15,0,Inflation-Driven,0.9999990996624962
2020-01-16,0,Inflation-Driven,0.9999990282926947
2020-01-17,0,Inflation-Driven,0.9999990749533667
2020-01-21,0,Inflation-Driven,0.9999992152919172
2020-01-22,0,Inflation-Driven,0.9999992705927911
2020-01-23,0,Inflation-Driven,0.9999992503838339
2020-01-24,0,Inflation-Driven,0.9999996311926905
2020-01-27,0,Inflation-Driven,0.9999999302599487
2020-01-28,0,Inflation-Driven,0.999999904128349
2020-01-29,0,Inflation-Driven,0.9999999121027979
2020-01-30,0,Inflation-Driven,0.9999997476661838
2020-01-31,0,Inflation-Driven,0.999999883748394
2020-02-03,0,Inflation-Driven,0.9999996839397272
2020-02-04,0,Inflation-Driven,0.9999993980674837
2020-02-05,0,Inflation-Driven,0.9999992775449636
2020-02-06,0,Inflation-Driven,0.9999992336855238
2020-02-07,0,Inflation-Driven,0.9999994569626889
2020-02-10,0,Inflation-Driven,0.9999992390479004
2020-02-11,0,Inflation-Driven,0.9999993391286263
2020-02-12,0,Inflation-Driven,0.9999984695798845
2020-02-13,0,Inflation-Driven,0.9999984908438383
2020-02-14,0,Inflation-Driven,0.9999979004555128
2020-02-18,0,Inflation-Driven,0.9999987281597799
2020-02-19,0,Inflation-Driven,0.9999978007605559
2020-02-20,0,Inflation-Driven,0.9999986120974963
2020-02-21,0,Inflation-Driven,0.9999760422829691
2020-02-24,0,Inflation-Driven,0.9982125701259936
2020-02-25,0,Inflation-Driven,0.9528560737006435
2020-02-26,0,Inflation-Driven,0.7170609698623934
2020-02-27,3,High-Volatility,0.9920170192840981
2020-02-28,3,High-Volatility,0.9999953233709891
2020-03-02,3,High-Volatility,1.0
2020-03-03,3,High-Volatility,1.0
2020-03-04,3,High-Volatility,1.0
2020-03-05,3,High-Volatility,1.0
2020-03-06,3,High-Volatility,1.0
2020-03-09,3,High-Volatility,1.0
2020-03-10,3,High-Volatility,1.0
2020-03-11,3,High-Volatility,1.0
2020-03-12,3,High-Volatility,1.0
2020-03-13,3,High-Volatility,1.0
2020-03-16,3,High-Volatility,1.0
2020-03-17,3,High-Volatility,1.0
2020-03-18,3,High-Volatility,1.0
2020-03-19,3,High-Volatility,1.0
2020-03-20,3,High-Volatility,1.0
2020-03-23,3,High-Volatility,1.0
2020-03-24,3,High-Volatility,1.0
2020-03-25,3,High-Volatility,1.0
2020-03-26,3,High-Volatility,1.0
2020-03-27,3,High-Volatility,1.0
2020-03-30,3,High-Volatility,1.0
2020-03-31,3,High-Volatility,1.0
2020-04-01,3,High-Volatility,1.0
2020-04-02,3,High-Volatility,1.0
2020-04-03,3,High-Volatility,1.0
2020-04-06,3,High-Volatility,1.0
2020-04-07,3,High-Volatility,1.0
2020-04-08,3,High-Volatility,1.0
2020-04-09,3,High-Volatility,1.0
2020-04-13,3,High-Volatility,1.0
2020-04-14,3,High-Volatility,1.0
2020-04-15,3,High-Volatility,1.0
2020-04-16,3,High-Volatility,1.0
2020-04-17,3,High-Volatility,1.0
2020-04-20,3,High-Volatility,1.0
2020-04-21,3,High-Volatility,1.0
2020-04-22,3,High-Volatility,1.0
2020-04-23,3,High-Volatility,1.0
2020-04-24,3,High-Volatility,1.0
2020-04-27,3,High-Volatility,1.0
2020-04-28,3,High-Volatility,1.0
2020-04-29,3,High-Volatility,1.0
2020-04-30,3,High-Volatility,1.0
2020-05-01,3,High-Volatility,1.0
2020-05-04,3,High-Volatility,1.0
2020-05-05,3,High-Volatility,1.0
2020-05-06,3,High-Volatility,1.0
2020-05-07,3,High-Volatility,1.0
2020-05-08,3,High-Volatility,1.0
2020-05-11,3,High-Volatility,1.0
2020-05-12,3,High-Volatility,1.0
2020-05-13,3,High-Volatility,1.0
2020-05-14,3,High-Volatility,1.0
2020-05-15,3,High-Volatility,1.0
2020-05-18,3,High-Volatility,1.0
2020-05-19,3,High-Volatility,1.0
2020-05-20,3,High-Volatility,1.0
2020-05-21,3,High-Volatility,1.0
2020-05-22,3,High-Volatility,1.0
2020-05-26,3,High-Volatility,1.0
2020-05-27,3,High-Volatility,1.0
2020-05-28,3,High-Volatility,1.0
2020-05-29,3,High-Volatility,1.0
2020-06-01,3,High-Volatility,0.9999999988285708
2020-06-02,3,High-Volatility,0.9999999991814548
2020-06-03,3,High-Volatility,0.9999999983265297
2020-06-04,3,High-Volatility,0.9999999948886398
2020-06-05,3,High-Volatility,0.9999999997453415
2020-06-08,3,High-Volatility,0.9999999847786968
2020-06-09,3,High-Volatility,0.9999998195089738
2020-06-10,3,High-Volatility,0.9999998296953126
2020-06-11,3,High-Volatility,0.9999999187493847
2020-06-12,3,High-Volatility,0.999999996052793
2020-06-15,3,High-Volatility,0.9999999913306965
2020-06-16,3,High-Volatility,0.9999999722385841
2020-06-17,3,High-Volatility,0.9999999339925147
2020-06-18,3,High-Volatility,0.9999997350424006
2020-06-19,3,High-Volatility,0.9999998220737484
2020-06-22,3,High-Volatility,0.999999190855633
2020-06-23,3,High-Volatility,0.9999986257326221
2020-06-24,3,High-Volatility,0.9999996754195835
2020-06-25,3,High-Volatility,0.9999995722756472
2020-06-26,3,High-Volatility,0.9999998625935499
2020-06-29,3,High-Volatility,0.999999621744863
2020-06-30,3,High-Volatility,0.9999986786178487
2020-07-01,3,High-Volatility,0.9999820175997001
2020-07-02,3,High-Volatility,0.999911231436503
2020-07-06,3,High-Volatility,0.9996738335669224
2020-07-07,3,High-Volatility,0.9988069978835932
2020-07-08,3,High-Volatility,0.9905807407370609
2020-07-09,3,High-Volatility,0.9681437971314156
2020-07-10,3,High-Volatility,0.9279003086517806
2020-07-13,1,Risk-Off,0.5047002380535666
2020-07-14,1,Risk-Off,0.6899837270918345
2020-07-15,1,Risk-Off,0.8546708460571527
2020-07-16,1,Risk-Off,0.9487872314898353
2020-07-17,1,Risk-Off,0.9719573328485102
2020-07-20,1,Risk-Off,0.9798990072211097
2020-07-21,1,Risk-Off,0.9933741817091618
2020-07-22,1,Risk-Off,0.9974544059894436
2020-07-23,1,Risk-Off,0.9991779571643213
2020-07-24,1,Risk-Off,0.9995369541814673
2020-07-27,1,Risk-Off,0.9995369258038274
2020-07-28,1,Risk-Off,0.9998846111924006
2020-07-29,1,Risk-Off,0.9999459473022182
2020-07-30,1,Risk-Off,0.9999939730405181
2020-07-31,1,Risk-Off,0.9999951271138834
2020-08-03,1,Risk-Off,0.9999847177172303
2020-08-04,1,Risk-Off,0.9999786618521435
2020-08-05,1,Risk-Off,0.9999788228693005
2020-08-06,1,Risk-Off,0.9999777870828085
2020-08-07,1,Risk-Off,0.9999859614257255
2020-08-10,1,Risk-Off,0.9999643630819273
2020-08-11,1,Risk-Off,0.9999934269214942
2020-08-12,1,Risk-Off,0.999989493270449
2020-08-13,1,Risk-Off,0.999996196034731
2020-08-14,1,Risk-Off,0.9999982735659055
2020-08-17,1,Risk-Off,0.9999986366647334
2020-08-18,1,Risk-Off,0.999998685566379
2020-08-19,1,Risk-Off,0.9999990194487769
2020-08-20,1,Risk-Off,0.9999989040231052
2020-08-21,1,Risk-Off,0.9999988827336768
2020-08-24,1,Risk-Off,0.999998790121758
2020-08-25,1,Risk-Off,0.9999989446701987
2020-08-26,1,Risk-Off,0.999998939540654
2020-08-27,1,Risk-Off,0.9999989557878503
2020-08-28,1,Risk-Off,0.9999977086616912
2020-08-31,1,Risk-Off,0.9999534322270975
2020-09-01,1,Risk-Off,0.9986059073865299
2020-09-02,1,Risk-Off,0.9572603218025417
2020-09-03,3,High-Volatility,0.9732086895424317
2020-09-04,3,High-Volatility,0.9982072777719047
2020-09-08,3,High-Volatility,0.9999853209651148
2020-09-09,3,High-Volatility,0.9999941188534786
2020-09-10,3,High-Volatility,0.9999996957667926
2020-09-11,3,High-Volatility,0.9999934413277957
2020-09-14,3,High-Volatility,0.9999651520662403
2020-09-15,3,High-Volatility,0.9999190471343771
2020-09-16,3,High-Volatility,0.9998291238971
2020-09-17,3,High-Volatility,0.9996291308073446
2020-09-18,3,High-Volatility,0.9993489027346194
2020-09-21,3,High-Volatility,0.9990776973438449
2020-09-22,3,High-Volatility,0.9982437620158551
2020-09-23,3,High-Volatility,0.9972625225315508
2020-09-24,3,High-Volatility,0.9861092182158651
2020-09-25,3,High-Volatility,0.9331957735297773
2020-09-28,3,High-Volatility,0.8568260089980134
2020-09-29,3,High-Volatility,0.6877362921121294
2020-09-30,1,Risk-Off,0.6266402983722238
2020-10-01,1,Risk-Off,0.928861082922667
2020-10-02,1,Risk-Off,0.9938120009767514
2020-10-05,1,Risk-Off,0.999385384319547
2020-10-06,1,Risk-Off,0.9999340597191891
2020-10-07,1,Risk-Off,0.999992294557743
2020-10-08,1,Risk-Off,0.9999978505352738
2020-10-09,1,Risk-Off,0.99999861435304
2020-10-12,1,Risk-Off,0.9999985372789308
2020-10-13,1,Risk-Off,0.999998265293156
2020-10-14,1,Risk-Off,0.9999983394968839
2020-10-15,1,Risk-Off,0.9999982900277314
2020-10-16,1,Risk-Off,0.9999985768418933
2020-10-19,1,Risk-Off,0.999998139641232
2020-10-20,1,Risk-Off,0.999997871213501
2020-10-21,1,Risk-Off,0.9999990193796554
2020-10-22,1,Risk-Off,0.9999985717305403
2020-10-23,1,Risk-Off,0.9999752925501602
2020-10-26,1,Risk-Off,0.9987772716368353
2020-10-27,1,Risk-Off,0.9818631265283514
2020-10-28,1,Risk-Off,0.8327878478958516
2020-10-29,1,Risk-Off,0.8324126342190464
2020-10-30,1,Risk-Off,0.8389639111315184
2020-11-02,1,Risk-Off,0.8907424826114985
2020-11-03,1,Risk-Off,0.9564707117645855
2020-11-04,1,Risk-Off,0.9914365844159394
2020-11-05,1,Risk-Off,0.998648911168545
2020-11-06,1,Risk-Off,0.9998750535953923
2020-11-09,1,Risk-Off,0.9999884427792778
2020-11-10,1,Risk-Off,0.9999976637946024
2020-11-11,1,Risk-Off,0.9999980185913576
2020-11-12,1,Risk-Off,0.9999984736034829
2020-11-13,1,Risk-Off,0.9999966064481951
2020-11-16,1,Risk-Off,0.9999950470387253
2020-11-17,1,Risk-Off,0.9999949876199136
2020-11-18,1,Risk-Off,0.999963338413117
2020-11-19,1,Risk-Off,0.9992337373212526
2020-11-20,1,Risk-Off,0.9910114681961715
2020-11-23,1,Risk-Off,0.8115986271835164
2020-11-24,3,High-Volatility,0.7090838536912655
2020-11-25,3,High-Volatility,0.9756625006838421
2020-11-27,3,High-Volatility,0.9907660261526031
2020-11-30,3,High-Volatility,0.9930251591123366
2020-12-01,3,High-Volatility,0.9929964180552213
2020-12-02,3,High-Volatility,0.9467638755337248
2020-12-03,1,Risk-Off,0.5932306958021906
2020-12-04,1,Risk-Off,0.8864285567789271
2020-12-07,1,Risk-Off,0.9919135857750623
2020-12-08,1,Risk-Off,0.9991930427229107
2020-12-09,1,Risk-Off,0.9999716358200218
2020-12-10,1,Risk-Off,0.9999978987893221
2020-12-11,1,Risk-Off,0.9999987808776651
2020-12-14,1,Risk-Off,0.9999992576343202
2020-12-15,1,Risk-Off,0.9999989468748115
2020-12-16,1,Risk-Off,0.9999990631663264
2020-12-17,1,Risk-Off,0.9999989832218201
2020-12-18,1,Risk-Off,0.9999993430503649
2020-12-21,1,Risk-Off,0.9999993512285359
2020-12-22,1,Risk-Off,0.999999357856929
2020-12-23,1,Risk-Off,0.9999994856881543
2020-12-24,1,Risk-Off,0.9999995129620678
2020-12-28,1,Risk-Off,0.9999994643987136
2020-12-29,1,Risk-Off,0.9999995456420161
2020-12-30,1,Risk-Off,0.9999995791295964
2020-12-31,1,Risk-Off,0.999999608215225
2021-01-04,1,Risk-Off,0.9999992991509044
2021-01-05,1,Risk-Off,0.9999994456813228
2021-01-06,1,Risk-Off,0.9999994412102493
2021-01-07,1,Risk-Off,0.9999996430488591
2021-01-08,1,Risk-Off,0.9999997158193259
2021-01-11,1,Risk-Off,0.9999997061714089
2021-01-12,1,Risk-Off,0.9999997230880054
2021-01-13,1,Risk-Off,0.9999996964834742
2021-01-14,1,Risk-Off,0.9999997782761302
2021-01-15,1,Risk-Off,0.9999997505329103
2021-01-19,1,Risk-Off,0.9999996969709632
2021-01-20,1,Risk-Off,0.9999996154839039
2021-01-21,1,Risk-Off,0.9999995754079456
2021-01-22,1,Risk-Off,0.9999996888146172
2021-01-25,1,Risk-Off,0.9999995393046599
2021-01-26,1,Risk-Off,0.9999894223196962
2021-01-27,1,Risk-Off,0.998881290807371
2021-01-28,1,Risk-Off,0.999469590616879
2021-01-29,1,Risk-Off,0.9994238851637713
2021-02-01,1,Risk-Off,0.9998007437333288
2021-02-02,1,Risk-Off,0.9999811812765032
2021-02-03,1,Risk-Off,0.9999977965004921
2021-02-04,1,Risk-Off,0.9999984852631872
2021-02-05,1,Risk-Off,0.9999991430344414
2021-02-08,1,Risk-Off,0.999999070169429
2021-02-09,1,Risk-Off,0.999999108619192
2021-02-10,1,Risk-Off,0.9999991344706467
2021-02-11,1,Risk-Off,0.9999991781809252
2021-02-12,1,Risk-Off,0.9999992951491304
2021-02-16,1,Risk-Off,0.9999994446917931
2021-02-17,1,Risk-Off,0.9999995290819442
2021-02-18,1,Risk-Off,0.9999995583567463
2021-02-19,1,Risk-Off,0.9999996286934
2021-02-22,1,Risk-Off,0.9999995306608263
2021-02-23,1,Risk-Off,0.9999995679428163
2021-02-24,1,Risk-Off,0.9999995648250698
2021-02-25,1,Risk-Off,0.9999994808460071
2021-02-26,1,Risk-Off,0.9999987379277405
2021-03-01,1,Risk-Off,0.9999952630099288
2021-03-02,1,Risk-Off,0.9999972154112245
2021-03-03,1,Risk-Off,0.9999901936943086
2021-03-04,1,Risk-Off,0.9999710721640944
2021-03-05,1,Risk-Off,0.9999911524237495
2021-03-08,1,Risk-Off,0.9999850685149512
2021-03-09,1,Risk-Off,0.9999908131998365
2021-03-10,1,Risk-Off,0.9999934004517347
2021-03-11,1,Risk-Off,0.9999955305020032
2021-03-12,1,Risk-Off,0.9999973757401549
2021-03-15,1,Risk-Off,0.9999977313298855
2021-03-16,1,Risk-Off,0.999997463291527
2021-03-17,1,Risk-Off,0.9999976812932397
2021-03-18,1,Risk-Off,0.9999975853745176
2021-03-19,1,Risk-Off,0.9999984026084374
2021-03-22,1,Risk-Off,0.9999985666191874
2021-03-23,1,Risk-Off,0.9999988636306716
2021-03-24,1,Risk-Off,0.9999985697405688
2021-03-25,1,Risk-Off,0.9999975659332059
2021-03-26,1,Risk-Off,0.9999960847202851
2021-03-29,1,Risk-Off,0.9999988401802871
2021-03-30,1,Risk-Off,0.9999990479450374
2021-03-31,1,Risk-Off,0.9997344273183545
2021-04-01,2,Risk-On,0.9696253169164587
2021-04-05,2,Risk-On,0.9993497244919147
2021-04-06,2,Risk-On,0.9999862516450906
2021-04-07,2,Risk-On,0.9999996565021
2021-04-08,2,Risk-On,0.9999999922620191
2021-04-09,2,Risk-On,0.9999999996143742
2021-04-12,2,Risk-On,0.9999999998544808
2021-04-13,2,Risk-On,0.9999999998617568
2021-04-14,2,Risk-On,0.9999999998653948
2021-04-15,2,Risk-On,0.9999999998581188
2021-04-16,2,Risk-On,0.9999999998690328
2021-04-19,2,Risk-On,0.9999999998181011
2021-04-20,2,Risk-On,0.9999999994179234
2021-04-21,2,Risk-On,0.9999999997962732
2021-04-22,2,Risk-On,0.9999999995707185
2021-04-23,2,Risk-On,0.9999999997635314
2021-04-26,2,Risk-On,0.9999999996689439
2021-04-27,2,Risk-On,0.9999999998071871
2021-04-28,2,Risk-On,0.9999999997635314
2021-04-29,2,Risk-On,0.9999999997962732
2021-04-30,2,Risk-On,0.9999999989850039
2021-05-03,2,Risk-On,0.9999999971987563
2021-05-04,2,Risk-On,0.9999999933606887
2021-05-05,2,Risk-On,0.9999999936189852
2021-05-06,2,Risk-On,0.9999999879510143
2021-05-07,2,Risk-On,0.9999998298226418
2021-05-10,2,Risk-On,0.9999964259214017
2021-05-11,2,Risk-On,0.9999897130966708
2021-05-12,2,Risk-On,0.9997585861867923
2021-05-13,2,Risk-On,0.9999811782788651
2021-05-14,2,Risk-On,0.9999967124912852
2021-05-17,2,Risk-On,0.9999980670091229
2021-05-18,2,Risk-On,0.9999983924985105
2021-05-19,2,Risk-On,0.9999986881420647
2021-05-20,2,Risk-On,0.9999997541854402
2021-05-21,2,Risk-On,0.9999998953462691
2021-05-24,2,Risk-On,0.9999999858846423
2021-05-25,2,Risk-On,0.9999999672545533
2021-05-26,2,Risk-On,0.9999999930805643
2021-05-27,2,Risk-On,0.9999999959509296
2021-05-28,2,Risk-On,0.9999999966748874
2021-06-01,2,Risk-On,0.9999999506508187
2021-06-02,2,Risk-On,0.999999970215868
2021-06-03,2,Risk-On,0.9999999687279346
2021-06-04,2,Risk-On,0.9999999769461285
2021-06-07,2,Risk-On,0.9999999654792197
2021-06-08,2,Risk-On,0.9999999747415135
2021-06-09,2,Risk-On,0.9999999765423129
2021-06-10,2,Risk-On,0.9999999692918213
2021-06-11,2,Risk-On,0.9999999875071809
2021-06-14,2,Risk-On,0.999999993640813
2021-06-15,2,Risk-On,0.9999999936590029
2021-06-16,2,Risk-On,0.999999993815436
2021-06-17,2,Risk-On,0.9999999913925421
2021-06-18,2,Risk-On,0.9999999876126823
2021-06-21,2,Risk-On,0.9999999847204891
2021-06-22,2,Risk-On,0.9999999881183613
2021-06-23,2,Risk-On,0.9999999909232429
2021-06-24,2,Risk-On,0.9999999904357537
2021-06-25,2,Risk-On,0.9999999908541213
2021-06-28,2,Risk-On,0.9999999919673428
2021-06-29,2,Risk-On,0.9999999926367309
2021-06-30,2,Risk-On,0.9999999933352228
2021-07-01,2,Risk-On,0.9999999513711385
2021-07-02,2,Risk-On,0.9999999563406173
2021-07-06,2,Risk-On,0.9999999417232192
2021-07-07,2,Risk-On,0.9999999392021001
2021-07-08,2,Risk-On,0.9999998100174888
2021-07-09,2,Risk-On,0.9999999126012009
2021-07-12,2,Risk-On,0.9999999056781279
2021-07-13,2,Risk-On,0.9999999024330511
2021-07-14,2,Risk-On,0.9999999245737883
2021-07-15,2,Risk-On,0.9999999016436099
2021-07-16,2,Risk-On,0.9999996030492972
2021-07-19,2,Risk-On,0.9999928623365196
2021-07-20,2,Risk-On,0.999998027638993
2021-07-21,2,Risk-On,0.9999989475660267
2021-07-22,2,Risk-On,0.9999989810645009
2021-07-23,2,Risk-On,0.9999995332001342
2021-07-26,2,Risk-On,0.9999994088322566
2021-07-27,2,Risk-On,0.9999974719280668
2021-07-28,2,Risk-On,0.9999989047870799
2021-07-29,2,Risk-On,0.9999995246399742
2021-07-30,2,Risk-On,0.9999987054660971
2021-08-02,2,Risk-On,0.9999936302613657
2021-08-03,2,Risk-On,0.999997253304307
2021-08-04,2,Risk-On,0.9999962800098798
2021-08-05,2,Risk-On,0.9999985082915585
2021-08-06,2,Risk-On,0.9999993345775178
2021-08-09,2,Risk-On,0.9999992536871161
2021-08-10,2,Risk-On,0.999999496787622
2021-08-11,2,Risk-On,0.9999995140971166
2021-08-12,2,Risk-On,0.9999996754486873
2021-08-13,2,Risk-On,0.9999997179038871
2021-08-16,2,Risk-On,0.9999996933620893
2021-08-17,2,Risk-On,0.9999997448212851
2021-08-18,2,Risk-On,0.999997855395603
2021-08-19,2,Risk-On,0.9999970111684079
2021-08-20,2,Risk-On,0.9999992657761108
2021-08-23,2,Risk-On,0.9999995017498227
2021-08-24,2,Risk-On,0.9999995781218767
2021-08-25,2,Risk-On,0.9999997203049524
2021-08-26,2,Risk-On,0.9999994727369566
2021-08-27,2,Risk-On,0.9999997193154225
2021-08-30,2,Risk-On,0.9999996853185207
2021-08-31,2,Risk-On,0.9999997039267766
2021-09-01,2,Risk-On,0.9999999167048407
2021-09-02,2,Risk-On,0.9999999164974759
2021-09-03,2,Risk-On,0.9999999216852333
2021-09-07,2,Risk-On,0.9999998992316301
2021-09-08,2,Risk-On,0.9999999120555042
2021-09-09,2,Risk-On,0.9999999043502658
2021-09-10,2,Risk-On,0.9999997621016802
2021-09-13,2,Risk-On,0.9999998706371199
2021-09-14,2,Risk-On,0.9999998408711817
2021-09-15,2,Risk-On,0.9999999153624266
2021-09-16,2,Risk-On,0.9999999136271109
2021-09-17,2,Risk-On,0.9999998682105884
2021-09-20,2,Risk-On,0.9999925492325195
2021-09-21,2,Risk-On,0.9999959364004808
2021-09-22,2,Risk-On,0.9999992303349479
2021-09-23,2,Risk-On,0.9999996391707751
2021-09-24,2,Risk-On,0.9999996805054763
2021-09-27,2,Risk-On,0.9999996205225027
2021-09-28,2,Risk-On,0.9999844944688215
2021-09-29,2,Risk-On,0.9999704758731398
2021-09-30,2,Risk-On,0.999831427954551
2021-10-01,2,Risk-On,0.9997502761776321
2021-10-04,2,Risk-On,0.999418440956596
2021-10-05,2,Risk-On,0.9997241359784677
2021-10-06,2,Risk-On,0.9998753953590421
2021-10-07,2,Risk-On,0.9999701841995672
2021-10-08,2,Risk-On,0.9999909025623309
2021-10-11,2,Risk-On,0.9999882455340039
2021-10-12,2,Risk-On,0.9999930293840521
2021-10-13,2,Risk-On,0.9999976878452245
2021-10-14,2,Risk-On,0.9999980780176254
2021-10-15,2,Risk-On,0.9999979400148121
2021-10-18,2,Risk-On,0.9999967429883617
2021-10-19,2,Risk-On,0.9999977447649109
2021-10-20,2,Risk-On,0.9999993802595883
2021-10-21,2,Risk-On,0.9999997516024759
2021-10-22,2,Risk-On,0.9999997908744481
2021-10-25,2,Risk-On,0.9999997861341627
2021-10-26,2,Risk-On,0.9999997532068241
2021-10-27,2,Risk-On,0.9999998195089738
2021-10-28,2,Risk-On,0.9999995473409514
2021-10-29,2,Risk-On,0.9999998155872333
2021-11-01,2,Risk-On,0.9999999866086001
2021-11-02,2,Risk-On,0.9999999897918315
2021-11-03,2,Risk-On,0.9999999884894352
2021-11-04,2,Risk-On,0.9999999923020368
2021-11-05,2,Risk-On,0.9999999926549208
2021-11-08,2,Risk-On,0.9999999933897925
2021-11-09,2,Risk-On,0.9999999939755071
2021-11-10,2,Risk-On,0.9999999922074494
2021-11-11,2,Risk-On,0.9999999939354893
2021-11-12,2,Risk-On,0.9999999935571395
2021-11-15,2,Risk-On,0.9999999918800313
2021-11-16,2,Risk-On,0.9999999818573998
2021-11-17,2,Risk-On,0.9999998268540516
2021-11-18,2,Risk-On,0.9999978695727761
2021-11-19,2,Risk-On,0.9999702771180558
2021-11-22,2,Risk-On,0.9996147011871158
2021-11-23,2,Risk-On,0.9959979471305589
2021-11-24,2,Risk-On,0.9490734798450582
2021-11-26,3,High-Volatility,0.8206744119168653
2021-11-29,3,High-Volatility,0.8171445567710436
2021-11-30,3,High-Volatility,0.7794002557732072
2021-12-01,0,Inflation-Driven,0.7561461909387638
2021-12-02,0,Inflation-Driven,0.9688770363256938
2021-12-03,0,Inflation-Driven,0.9926773764275374
2021-12-06,0,Inflation-Driven,0.9994399612221104
2021-12-07,0,Inflation-Driven,0.9999713435058449
2021-12-08,0,Inflation-Driven,0.9999931976903446
2021-12-09,0,Inflation-Driven,0.9999978322617457
2021-12-10,0,Inflation-Driven,0.9999905187991495
2021-12-13,0,Inflation-Driven,0.999997317001505
2021-12-14,0,Inflation-Driven,0.9999983108769525
2021-12-15,0,Inflation-Driven,0.9999920897556872
2021-12-16,0,Inflation-Driven,0.9999983470347634
2021-12-17,0,Inflation-Driven,0.9999988249480876
2021-12-20,0,Inflation-Driven,0.999998936335598
2021-12-21,0,Inflation-Driven,0.9999990912551348
2021-12-22,0,Inflation-Driven,0.999996772736018
2021-12-23,0,Inflation-Driven,0.9999918049988271
2021-12-27,0,Inflation-Driven,0.9999323050791881
2021-12-28,0,Inflation-Driven,0.9991675267545241
2021-12-29,0,Inflation-Driven,0.9973693653906368
2021-12-30,0,Inflation-Driven,0.9948537834092088
2021-12-31,0,Inflation-Driven,0.9896516624434165
2022-01-03,0,Inflation-Driven,0.9863138218635259
2022-01-04,0,Inflation-Driven,0.9752820808631049
2022-01-05,0,Inflation-Driven,0.9704312985875119
2022-01-06,0,Inflation-Driven,0.9671665372993808
2022-01-07,0,Inflation-Driven,0.9608115023818847
2022-01-10,0,Inflation-Driven,0.9557134965734382
2022-01-11,0,Inflation-Driven,0.9531754704589058
2022-01-12,0,Inflation-Driven,0.9544422850556441
2022-01-13,0,Inflation-Driven,0.962616124244741
2022-01-14,0,Inflation-Driven,0.9732543380877137
2022-01-18,0,Inflation-Driven,0.9931000785550567
2022-01-19,0,Inflation-Driven,0.9994856191956186
2022-01-20,0,Inflation-Driven,0.9999889520796403
2022-01-21,0,Inflation-Driven,0.9999986201155905
2022-01-24,0,Inflation-Driven,0.9999989503490776
2022-01-25,0,Inflation-Driven,0.9999979079315436
2022-01-26,0,Inflation-Driven,0.9999985512705769
2022-01-27,0,Inflation-Driven,0.9999986488664978
2022-01-28,0,Inflation-Driven,0.9999995979270251
2022-01-31,0,Inflation-Driven,0.9999994077554155
2022-02-01,0,Inflation-Driven,0.9999994461688116
2022-02-02,0,Inflation-Driven,0.9999994406099831
2022-02-03,0,Inflation-Driven,0.9999989840003468
2022-02-04,0,Inflation-Driven,0.9999996761180752
2022-02-07,0,Inflation-Driven,0.9999995293948102
2022-02-08,0,Inflation-Driven,0.9999996792540119
2022-02-09,0,Inflation-Driven,0.9999996403931355
2022-02-10,0,Inflation-Driven,0.9999991985826938
2022-02-11,0,Inflation-Driven,0.9999992108426726
2022-02-14,0,Inflation-Driven,0.9999994445208082
2022-02-15,0,Inflation-Driven,0.9999998639905335
2022-02-16,0,Inflation-Driven,0.9999998092680653
2022-02-17,0,Inflation-Driven,0.9999995107901956
2022-02-18,0,Inflation-Driven,0.9999998310122608
2022-02-22,0,Inflation-Driven,0.99999985386604
2022-02-23,0,Inflation-Driven,0.9999998345265476
2022-02-24,0,Inflation-Driven,0.9999999221654464
2022-02-25,0,Inflation-Driven,0.9999999460742416
2022-02-28,0,Inflation-Driven,0.9999997288651142
2022-03-01,0,Inflation-Driven,0.9999995479484936
2022-03-02,0,Inflation-Driven,0.9999998981256847
2022-03-03,0,Inflation-Driven,0.9999997333798447
2022-03-04,0,Inflation-Driven,0.999999628697038
2022-03-07,0,Inflation-Driven,0.9999969680293851
2022-03-08,0,Inflation-Driven,0.9999993230742366
2022-03-09,0,Inflation-Driven,0.9999998972998636
2022-03-10,0,Inflation-Driven,0.9999996235893176
2022-03-11,0,Inflation-Driven,0.9999998065395818
2022-03-14,0,Inflation-Driven,0.9999999381470862
2022-03-15,0,Inflation-Driven,0.9999999814608602
2022-03-16,0,Inflation-Driven,0.9999999866886357
2022-03-17,0,Inflation-Driven,0.9999999879437383
2022-03-18,0,Inflation-Driven,0.9999999919018592
2022-03-21,0,Inflation-Driven,0.9999999888750609
2022-03-22,0,Inflation-Driven,0.9999999894134818
2022-03-23,0,Inflation-Driven,0.9999999855390344
2022-03-24,0,Inflation-Driven,0.9999999840911188
2022-03-25,0,Inflation-Driven,0.999999978066626
2022-03-28,0,Inflation-Driven,0.9999999613828557
2022-03-29,0,Inflation-Driven,0.9999999462124848
2022-03-30,0,Inflation-Driven,0.9999999514475361
2022-03-31,0,Inflation-Driven,0.9999999084684574
2022-04-01,0,Inflation-Driven,0.9999999444189613
2022-04-04,0,Inflation-Driven,0.9999997615887253
2022-04-05,0,Inflation-Driven,0.9999998554776643
2022-04-06,0,Inflation-Driven,0.9999998909734191
2022-04-07,0,Inflation-Driven,0.9999998327621282
2022-04-08,0,Inflation-Driven,0.9999998093662907
2022-04-11,0,Inflation-Driven,0.9999998794664934
2022-04-12,0,Inflation-Driven,0.9999999067149518
2022-04-13,0,Inflation-Driven,0.999999880546973
2022-04-14,0,Inflation-Driven,0.9999997472951101
2022-04-18,0,Inflation-Driven,0.9999997778832286
2022-04-19,0,Inflation-Driven,0.9999998373641706
2022-04-20,0,Inflation-Driven,0.9999996659462899
2022-04-21,0,Inflation-Driven,0.9999997784362012
2022-04-22,0,Inflation-Driven,0.99999987567572
2022-04-25,0,Inflation-Driven,0.9999999633146224
2022-04-26,0,Inflation-Driven,0.9999994760147738
2022-04-27,0,Inflation-Driven,0.9999998945641038
2022-04-28,0,Inflation-Driven,0.9999999747815312
2022-04-29,0,Inflation-Driven,0.9999996199258744
2022-05-02,0,Inflation-Driven,0.9999999810206648
2022-05-03,0,Inflation-Driven,0.9999999901228875
2022-05-04,0,Inflation-Driven,0.9999999983338057
2022-05-05,0,Inflation-Driven,0.9999999235224124
2022-05-06,0,Inflation-Driven,0.9999999818792277
2022-05-09,0,Inflation-Driven,0.9999993057611073
2022-05-10,0,Inflation-Driven,0.9999999421706905
2022-05-11,0,Inflation-Driven,0.9999999585488704
2022-05-12,0,Inflation-Driven,0.9999999549800133
2022-05-13,0,Inflation-Driven,0.9999999927713361
2022-05-16,0,Inflation-Driven,0.9999999839128578
2022-05-17,0,Inflation-Driven,0.9999999950778147
2022-05-18,0,Inflation-Driven,0.9999996515071569
2022-05-19,0,Inflation-Driven,0.9999999227839028
2022-05-20,0,Inflation-Driven,0.9999999724823286
2022-05-23,0,Inflation-Driven,0.9999999902029231
2022-05-24,0,Inflation-Driven,0.9999999823849067
2022-05-25,0,Inflation-Driven,0.9999999865540304
2022-05-26,0,Inflation-Driven,0.9999999938663677
2022-05-27,0,Inflation-Driven,0.9999999954015948
2022-05-31,0,Inflation-Driven,0.9999999758692869
2022-06-01,0,Inflation-Driven,0.9999999995343387
2022-06-02,0,Inflation-Driven,0.9999999996834958
2022-06-03,0,Inflation-Driven,0.9999999995961844
2022-06-06,0,Inflation-Driven,0.9999999996980478
2022-06-07,0,Inflation-Driven,0.9999999996471161
2022-06-08,0,Inflation-Driven,0.9999999996289262
2022-06-09,0,Inflation-Driven,0.9999999996143742
2022-06-10,0,Inflation-Driven,0.9999999997235136
2022-06-13,0,Inflation-Driven,0.9999999993233359
2022-06-14,0,Inflation-Driven,0.9999999990832293
2022-06-15,0,Inflation-Driven,0.9999999995598046
2022-06-16,0,Inflation-Driven,0.9999999975407263
2022-06-17,0,Inflation-Driven,0.9999999981810106
2022-06-21,0,Inflation-Driven,0.9999999988795025
2022-06-22,0,Inflation-Driven,0.9999999980500434
2022-06-23,0,Inflation-Driven,0.999999997944542
2022-06-24,0,Inflation-Driven,0.9999999992323865
2022-06-27,0,Inflation-Driven,0.9999999987740011
2022-06-28,0,Inflation-Driven,0.9999999973479134
2022-06-29,0,Inflation-Driven,0.9999999951687641
2022-06-30,0,Inflation-Driven,0.9999999907558959
2022-07-01,0,Inflation-Driven,0.9999999986030161
2022-07-05,0,Inflation-Driven,0.99999999760621
2022-07-06,0,Inflation-Driven,0.9999999982683221
2022-07-07,0,Inflation-Driven,0.9999999991196091
2022-07-08,0,Inflation-Driven,0.999999999312422
2022-07-11,0,Inflation-Driven,0.9999999989886419
2022-07-12,0,Inflation-Driven,0.9999999988285708
2022-07-13,0,Inflation-Driven,0.9999999995161488
2022-07-14,0,Inflation-Driven,0.9999999995561666
2022-07-15,0,Inflation-Driven,0.9999999997344275
2022-07-18,0,Inflation-Driven,0.999999999661668
2022-07-19,0,Inflation-Driven,0.9999999998181011
2022-07-20,0,Inflation-Driven,0.9999999997889972
2022-07-21,0,Inflation-Driven,0.999999999665306
2022-07-22,0,Inflation-Driven,0.9999999995779945
2022-07-25,0,Inflation-Driven,0.9999999995816324
2022-07-26,0,Inflation-Driven,0.9999999994361133
2022-07-27,0,Inflation-Driven,0.9999999997016857
2022-07-28,0,Inflation-Driven,0.9999999991523509
2022-07-29,0,Inflation-Driven,0.9999999993560778
2022-08-01,0,Inflation-Driven,0.9999999997853593
2022-08-02,0,Inflation-Driven,0.9999999996434781
2022-08-03,0,Inflation-Driven,0.9999999997526174
2022-08-04,0,Inflation-Driven,0.9999999995925464
2022-08-05,0,Inflation-Driven,0.9999999995416147
2022-08-08,0,Inflation-Driven,0.9999999995270628
2022-08-09,0,Inflation-Driven,0.9999999995161488
2022-08-10,0,Inflation-Driven,0.9999999995452526
2022-08-11,0,Inflation-Driven,0.999999999494321
2022-08-12,0,Inflation-Driven,0.9999999995052349
2022-08-15,0,Inflation-Driven,0.9999999992724042
2022-08-16,0,Inflation-Driven,0.9999999988758645
2022-08-17,0,Inflation-Driven,0.999999998461135
2022-08-18,0,Inflation-Driven,0.9999999985338945
2022-08-19,0,Inflation-Driven,0.9999999978754204
2022-08-22,0,Inflation-Driven,0.9999999985666364
2022-08-23,0,Inflation-Driven,0.9999999994106474
2022-08-24,0,Inflation-Driven,0.999999999134161
2022-08-25,0,Inflation-Driven,0.9999999991050572
2022-08-26,0,Inflation-Driven,0.9999999970095814
2022-08-29,0,Inflation-Driven,0.9999999991850927
2022-08-30,0,Inflation-Driven,0.9999999991123332
2022-08-31,0,Inflation-Driven,0.9999999987121555
2022-09-01,0,Inflation-Driven,0.9999999995743565
2022-09-02,0,Inflation-Driven,0.9999999993015081
2022-09-06,0,Inflation-Driven,0.9999999992505764
2022-09-07,0,Inflation-Driven,0.9999999996325641
2022-09-08,0,Inflation-Driven,0.9999999992833182
2022-09-09,0,Inflation-Driven,0.9999999995307007
2022-09-12,0,Inflation-Driven,0.9999999993488018
2022-09-13,0,Inflation-Driven,0.9999999972424121
2022-09-14,0,Inflation-Driven,0.9999999997562554
2022-09-15,0,Inflation-Driven,0.9999999995852704
2022-09-16,0,Inflation-Driven,0.9999999994506652
2022-09-19,0,Inflation-Driven,0.9999999997089617
2022-09-20,0,Inflation-Driven,0.9999999996070983
2022-09-21,0,Inflation-Driven,0.9999999996034603
2022-09-22,0,Inflation-Driven,0.9999999996434781
2022-09-23,0,Inflation-Driven,0.9999999991996447
2022-09-26,0,Inflation-Driven,0.9999999994361133
2022-09-27,0,Inflation-Driven,0.9999999982392183
2022-09-28,0,Inflation-Driven,0.999999998799467
2022-09-29,0,Inflation-Driven,0.9999999911378836
2022-09-30,0,Inflation-Driven,0.9999999926803866
2022-10-03,0,Inflation-Driven,0.9999999994543032
2022-10-04,0,Inflation-Driven,0.9999999995925464
2022-10-05,0,Inflation-Driven,0.9999999990213837
2022-10-06,0,Inflation-Driven,0.9999999988103809
2022-10-07,0,Inflation-Driven,0.9999999975370883
2022-10-10,0,Inflation-Driven,0.9999999985375325
2022-10-11,0,Inflation-Driven,0.9999999986684998
2022-10-12,0,Inflation-Driven,0.9999999981591827
2022-10-13,0,Inflation-Driven,0.9999999995343387
2022-10-14,0,Inflation-Driven,0.9999999983228918
2022-10-17,0,Inflation-Driven,0.9999999995707185
2022-10-18,0,Inflation-Driven,0.999999999308784
2022-10-19,0,Inflation-Driven,0.9999999992323865
2022-10-20,0,Inflation-Driven,0.9999999996107363
2022-10-21,0,Inflation-Driven,0.9999999998181011
2022-10-24,0,Inflation-Driven,0.9999999997962732
2022-10-25,0,Inflation-Driven,0.9999999981700967
2022-10-26,0,Inflation-Driven,0.9999999977226253
2022-10-27,0,Inflation-Driven,0.9999999981519068
2022-10-28,0,Inflation-Driven,0.9999999992251105
2022-10-31,0,Inflation-Driven,0.9999999990650394
2022-11-01,0,Inflation-Driven,0.999999999825377
2022-11-02,0,Inflation-Driven,0.9999999997780833
2022-11-03,0,Inflation-Driven,0.9999999997889972
2022-11-04,0,Inflation-Driven,0.9999999998726707
2022-11-07,0,Inflation-Driven,0.9999999998944986
2022-11-08,0,Inflation-Driven,0.9999999998581188
2022-11-09,0,Inflation-Driven,0.9999999996762199
2022-11-10,0,Inflation-Driven,0.9999999997235136
2022-11-11,0,Inflation-Driven,0.9999999995125108
2022-11-14,0,Inflation-Driven,0.9999999994397513
2022-11-15,0,Inflation-Driven,0.9999999995852704
2022-11-16,0,Inflation-Driven,0.9999999995307007
2022-11-17,0,Inflation-Driven,0.9999999995816324
2022-11-18,0,Inflation-Driven,0.9999999996034603
2022-11-21,0,Inflation-Driven,0.9999999996871338
2022-11-22,0,Inflation-Driven,0.9999999997307896
2022-11-23,0,Inflation-Driven,0.9999999997453415
2022-11-25,0,Inflation-Driven,0.9999999997344275
2022-11-28,0,Inflation-Driven,0.9999999994070095
2022-11-29,0,Inflation-Driven,0.999999999487045
2022-11-30,0,Inflation-Driven,0.9999999996871338
2022-12-01,0,Inflation-Driven,0.999999999650754
2022-12-02,0,Inflation-Driven,0.9999999997162377
2022-12-05,0,Inflation-Driven,0.9999999996252882
2022-12-06,0,Inflation-Driven,0.9999999995852704
2022-12-07,0,Inflation-Driven,0.9999999996180122
2022-12-08,0,Inflation-Driven,0.9999999996107363
2022-12-09,0,Inflation-Driven,0.999999999312422
2022-12-12,0,Inflation-Driven,0.9999999995052349
2022-12-13,0,Inflation-Driven,0.9999999993851816
2022-12-14,0,Inflation-Driven,0.9999999992141966
2022-12-15,0,Inflation-Driven,0.9999999990614015
2022-12-16,0,Inflation-Driven,0.9999999991050572
2022-12-19,0,Inflation-Driven,0.9999999992032826
2022-12-20,0,Inflation-Driven,0.9999999993269739
2022-12-21,0,Inflation-Driven,0.9999999994433892
2022-12-22,0,Inflation-Driven,0.9999999988103809
2022-12-23,0,Inflation-Driven,0.9999999993488018
2022-12-27,0,Inflation-Driven,0.9999999992433004
2022-12-28,0,Inflation-Driven,0.9999999973624654
2022-12-29,0,Inflation-Driven,0.9999999982646841
2022-12-30,0,Inflation-Driven,0.9999999977226253
2023-01-03,0,Inflation-Driven,0.9999999987376214
2023-01-04,0,Inflation-Driven,0.9999999983156158
2023-01-05,0,Inflation-Driven,0.9999999978463165
2023-01-06,0,Inflation-Driven,0.9999999989195203
2023-01-09,0,Inflation-Driven,0.9999999981773726
2023-01-10,0,Inflation-Driven,0.9999999986102921
2023-01-11,0,Inflation-Driven,0.9999999988758645
2023-01-12,0,Inflation-Driven,0.9999999985011527
2023-01-13,0,Inflation-Driven,0.999999998282874
2023-01-17,0,Inflation-Driven,0.9999999978426786
2023-01-18,0,Inflation-Driven,0.9999999969695637
2023-01-19,0,Inflation-Driven,0.9999999979227141
2023-01-20,0,Inflation-Driven,0.9999999987048795
2023-01-23,0,Inflation-Driven,0.9999999985084287
2023-01-24,0,Inflation-Driven,0.9999999981955625
2023-01-25,0,Inflation-Driven,0.9999999977844709
2023-01-26,0,Inflation-Driven,0.9999999981846486
2023-01-27,0,Inflation-Driven,0.9999999974897946
2023-01-30,0,Inflation-Driven,0.9999999883766578
2023-01-31,0,Inflation-Driven,0.9999999947685865
2023-02-01,0,Inflation-Driven,0.9999999980573193
2023-02-02,0,Inflation-Driven,0.99999999622014
2023-02-03,0,Inflation-Driven,0.9999999944848241
2023-02-06,0,Inflation-Driven,0.9999999947503966
2023-02-07,0,Inflation-Driven,0.9999999965257302
2023-02-08,0,Inflation-Driven,0.9999999834435586
2023-02-09,0,Inflation-Driven,0.9999999901774572
2023-02-10,0,Inflation-Driven,0.999999989875505
2023-02-13,0,Inflation-Driven,0.9999999882711564
2023-02-14,0,Inflation-Driven,0.9999999770043362
2023-02-15,0,Inflation-Driven,0.9999999741085052
2023-02-16,0,Inflation-Driven,0.9999999682731874
2023-02-17,0,Inflation-Driven,0.9999999819010555
2023-02-21,0,Inflation-Driven,0.9999999870633475
2023-02-22,0,Inflation-Driven,0.9999999941537681
2023-02-23,0,Inflation-Driven,0.9999999942774593
2023-02-24,0,Inflation-Driven,0.9999999888859749
2023-02-27,0,Inflation-Driven,0.9999999918036337
2023-02-28,0,Inflation-Driven,0.9999999869833119
2023-03-01,0,Inflation-Driven,0.9999999760693757
2023-03-02,0,Inflation-Driven,0.9999998825078433
2023-03-03,0,Inflation-Driven,0.9999998661296648
2023-03-06,0,Inflation-Driven,0.9999996490806259
2023-03-07,0,Inflation-Driven,0.9999997182094773
2023-03-08,0,Inflation-Driven,0.9999998372004616
2023-03-09,0,Inflation-Driven,0.9999999541141743
2023-03-10,0,Inflation-Driven,0.9999999578467405
2023-03-13,0,Inflation-Driven,0.9999999203209914
2023-03-14,0,Inflation-Driven,0.9999999737519832
2023-03-15,0,Inflation-Driven,0.9999998045532457
2023-03-16,0,Inflation-Driven,0.9999999510037026
2023-03-17,0,Inflation-Driven,0.9999998007515586
2023-03-20,0,Inflation-Driven,0.999999934621885
2023-03-21,0,Inflation-Driven,0.9999999807187125
2023-03-22,0,Inflation-Driven,0.9999999511310319
2023-03-23,0,Inflation-Driven,0.9999999400424731
2023-03-24,0,Inflation-Driven,0.9999999563733591
2023-03-27,0,Inflation-Driven,0.9999999688079702
2023-03-28,0,Inflation-Driven,0.9999999741266951
2023-03-29,0,Inflation-Driven,0.9999999818683137
2023-03-30,0,Inflation-Driven,0.999999966614269
2023-03-31,0,Inflation-Driven,0.9999999635947467
2023-04-03,0,Inflation-Driven,0.9999999682440835
2023-04-04,0,Inflation-Driven,0.9999999552637756
2023-04-05,0,Inflation-Driven,0.9999999521824077
2023-04-06,0,Inflation-Driven,0.9999999601495809
2023-04-10,0,Inflation-Driven,0.9999999478131953
2023-04-11,0,Inflation-Driven,0.9999999765059331
2023-04-12,0,Inflation-Driven,0.9999999184801742
2023-04-13,0,Inflation-Driven,0.9999999829160516
2023-04-14,0,Inflation-Driven,0.9999998943349111
2023-04-17,0,Inflation-Driven,0.9999999704996303
2023-04-18,0,Inflation-Driven,0.9999999114297718
2023-04-19,0,Inflation-Driven,0.9999990507353644
2023-04-20,0,Inflation-Driven,0.9999988107308833
2023-04-21,0,Inflation-Driven,0.9999997841369128
2023-04-24,0,Inflation-Driven,0.9999994648461847
2023-04-25,0,Inflation-Driven,0.9999987377021862
2023-04-26,0,Inflation-Driven,0.9999997278719464
2023-04-27,0,Inflation-Driven,0.9999998500679906
2023-04-28,0,Inflation-Driven,0.999999715139024
2023-05-01,0,Inflation-Driven,0.999993698152896
2023-05-02,0,Inflation-Driven,0.9999963219265167
2023-05-03,0,Inflation-Driven,0.9999980177218825
2023-05-04,0,Inflation-Driven,0.9999995246545261
2023-05-05,0,Inflation-Driven,0.9999990783730636
2023-05-08,0,Inflation-Driven,0.9999989271788151
2023-05-09,0,Inflation-Driven,0.9999990135879988
2023-05-10,0,Inflation-Driven,0.9999990746987084
2023-05-11,0,Inflation-Driven,0.9999980948141415
2023-05-12,0,Inflation-Driven,0.9999968574679124
2023-05-15,0,Inflation-Driven,0.9999975309468495
2023-05-16,0,Inflation-Driven,0.9999985195037925
2023-05-17,0,Inflation-Driven,0.9999954948754366
2023-05-18,0,Inflation-Driven,0.9999909831937629
2023-05-19,0,Inflation-Driven,0.9999892775551473
2023-05-22,0,Inflation-Driven,0.999989411671445
2023-05-23,0,Inflation-Driven,0.9999916251604727
2023-05-24,0,Inflation-Driven,0.9999976095233628
2023-05-25,0,Inflation-Driven,0.9999915725048097
2023-05-26,0,Inflation-Driven,0.9999824544986416
2023-05-30,0,Inflation-Driven,0.9999799068081842
2023-05-31,0,Inflation-Driven,0.9999825977270025
2023-06-01,0,Inflation-Driven,0.9999920727300812
2023-06-02,0,Inflation-Driven,0.9999650722335806
2023-06-05,0,Inflation-Driven,0.9986996940962756
2023-06-06,0,Inflation-Driven,0.9959663838827783
2023-06-07,0,Inflation-Driven,0.9908498768840432
2023-06-08,0,Inflation-Driven,0.9814065746011107
2023-06-09,0,Inflation-Driven,0.9521025118369267
2023-06-12,0,Inflation-Driven,0.9063235626076453
2023-06-13,0,Inflation-Driven,0.8491205780837585
2023-06-14,0,Inflation-Driven,0.729360360615155
2023-06-15,0,Inflation-Driven,0.5711271331958647
2023-06-16,2,Risk-On,0.8948995545113649
2023-06-20,2,Risk-On,0.9598312423399998
2023-06-21,2,Risk-On,0.9757043688360524
2023-06-22,2,Risk-On,0.9812763504794474
2023-06-23,2,Risk-On,0.9891156402699344
2023-06-26,2,Risk-On,0.9955894163021924
2023-06-27,2,Risk-On,0.9977556714258293
2023-06-28,2,Risk-On,0.9992605267126818
2023-06-29,2,Risk-On,0.9996601705955989
2023-06-30,2,Risk-On,0.9999133742400028
2023-07-03,2,Risk-On,0.9999932962170592
2023-07-05,2,Risk-On,0.999996917930932
2023-07-06,2,Risk-On,0.9999980839657094
2023-07-07,2,Risk-On,0.9999970390825362
2023-07-10,2,Risk-On,0.999996433448353
2023-07-11,2,Risk-On,0.9999965267112494
2023-07-12,2,Risk-On,0.9999932228213315
2023-07-13,2,Risk-On,0.9999971749388238
2023-07-14,2,Risk-On,0.9999989933935985
2023-07-17,2,Risk-On,0.9999985665864456
2023-07-18,2,Risk-On,0.9999991864173025
2023-07-19,2,Risk-On,0.9999994459141534
2023-07-20,2,Risk-On,0.9999996272855027
2023-07-21,2,Risk-On,0.9999996532170063
2023-07-24,2,Risk-On,0.9999996237239228
2023-07-25,2,Risk-On,0.9999995685903762
2023-07-26,2,Risk-On,0.9999997752202288
2023-07-27,2,Risk-On,0.999999759824306
2023-07-28,2,Risk-On,0.9999996373699762
2023-07-31,2,Risk-On,0.9999997990999165
2023-08-01,2,Risk-On,0.999999937172108
2023-08-02,2,Risk-On,0.9999998605053504
2023-08-03,2,Risk-On,0.9999997457562454
2023-08-04,2,Risk-On,0.9999995393956093
2023-08-07,2,Risk-On,0.9999997012346731
2023-08-08,2,Risk-On,0.9999996178449513
2023-08-09,2,Risk-On,0.9999996497245479
2023-08-10,2,Risk-On,0.9999997191080577
2023-08-11,2,Risk-On,0.9999998141138522
2023-08-14,2,Risk-On,0.9999998387793442
2023-08-15,2,Risk-On,0.999999692612666
2023-08-16,2,Risk-On,0.9999995019826532
2023-08-17,2,Risk-On,0.9999987918061402
2023-08-18,2,Risk-On,0.99999895436904
2023-08-21,2,Risk-On,0.9999992638370695
2023-08-22,2,Risk-On,0.9999995045583409
2023-08-23,2,Risk-On,0.9999996671104426
2023-08-24,2,Risk-On,0.9999991456683358
2023-08-25,2,Risk-On,0.9999995258550585
2023-08-28,2,Risk-On,0.9999995041181456
2023-08-29,2,Risk-On,0.9999994768405945
2023-08-30,2,Risk-On,0.9999995081453863
2023-08-31,2,Risk-On,0.9999995654035082
2023-09-01,2,Risk-On,0.9999966681044526
2023-09-05,2,Risk-On,0.9999984065483621
2023-09-06,2,Risk-On,0.9999983097855607
2023-09-07,2,Risk-On,0.9999979247316948
2023-09-08,2,Risk-On,0.9999982639507442
2023-09-11,2,Risk-On,0.9999986056691967
2023-09-12,2,Risk-On,0.9999992448686621
2023-09-13,2,Risk-On,0.9999987349627916
2023-09-14,2,Risk-On,0.9999983692918812
2023-09-15,2,Risk-On,0.9999986146913716
2023-09-18,2,Risk-On,0.9999970340257607
2023-09-19,2,Risk-On,0.9999978500805273
2023-09-20,2,Risk-On,0.9999986774718869
2023-09-21,2,Risk-On,0.9999967583223925
2023-09-22,2,Risk-On,0.9999899712814041
2023-09-25,2,Risk-On,0.9999857179501656
2023-09-26,2,Risk-On,0.9999593095801729
2023-09-27,2,Risk-On,0.9999560507366416
2023-09-28,2,Risk-On,0.9999477347899246
2023-09-29,2,Risk-On,0.9998683274573662
2023-10-02,2,Risk-On,0.9994404890009594
2023-10-03,2,Risk-On,0.9971848459533305
2023-10-04,2,Risk-On,0.9953721440295641
2023-10-05,2,Risk-On,0.99439322855658
2023-10-06,2,Risk-On,0.9942419770622795
2023-10-09,2,Risk-On,0.9941160231253348
2023-10-10,2,Risk-On,0.9941078304675074
2023-10-11,2,Risk-On,0.9935768521920822
2023-10-12,2,Risk-On,0.9896928810016147
2023-10-13,2,Risk-On,0.9748575111770652
2023-10-16,2,Risk-On,0.9503600649001831
2023-10-17,2,Risk-On,0.8528965295567733
2023-10-18,2,Risk-On,0.5224006438102231
2023-10-19,0,Inflation-Driven,0.9060096912420879
2023-10-20,0,Inflation-Driven,0.994604540863086
2023-10-23,0,Inflation-Driven,0.999082190264697
2023-10-24,0,Inflation-Driven,0.9996929691178327
2023-10-25,0,Inflation-Driven,0.9999607227438283
2023-10-26,0,Inflation-Driven,0.9999956822596223
2023-10-27,0,Inflation-Driven,0.999998324264692
2023-10-30,0,Inflation-Driven,0.999933044517716
2023-10-31,0,Inflation-Driven,0.9981348945510572
2023-11-01,0,Inflation-Driven,0.9761422437428439
2023-11-02,0,Inflation-Driven,0.918050383379538
2023-11-03,0,Inflation-Driven,0.785960730199754
2023-11-06,0,Inflation-Driven,0.5429739018192945
2023-11-07,2,Risk-On,0.7153608335618201
2023-11-08,2,Risk-On,0.8749593390367487
2023-11-09,2,Risk-On,0.9229057507487514
2023-11-10,2,Risk-On,0.9381177326487959
2023-11-13,2,Risk-On,0.9555319662442273
2023-11-14,2,Risk-On,0.9628765423460655
2023-11-15,2,Risk-On,0.9713515578066085
2023-11-16,2,Risk-On,0.9780307005730061
2023-11-17,2,Risk-On,0.9861770643868214
2023-11-20,2,Risk-On,0.9945305798448658
2023-11-21,2,Risk-On,0.99877822267394
2023-11-22,2,Risk-On,0.9996356848535981
2023-11-24,2,Risk-On,0.999889371127955
2023-11-27,2,Risk-On,0.9999235145044191
2023-11-28,2,Risk-On,0.9999735071195259
2023-11-29,2,Risk-On,0.9999909434455657
2023-11-30,2,Risk-On,0.9999902831840758
2023-12-01,2,Risk-On,0.9999964597508463
2023-12-04,2,Risk-On,0.9999987930503275
2023-12-05,2,Risk-On,0.9999985198166582
2023-12-06,2,Risk-On,0.9999988567585374
2023-12-07,2,Risk-On,0.9999980614284741
2023-12-08,2,Risk-On,0.9999983370485281
2023-12-11,2,Risk-On,0.9999993580497417
2023-12-12,2,Risk-On,0.9999992493251828
2023-12-13,2,Risk-On,0.9999987189375154
2023-12-14,2,Risk-On,0.9999995393301258
2023-12-15,2,Risk-On,0.999999655705383
2023-12-18,2,Risk-On,0.9999997318518941
2023-12-19,2,Risk-On,0.9999997896593634
2023-12-20,2,Risk-On,0.9999998409075614
2023-12-21,2,Risk-On,0.9999996825609336
2023-12-22,2,Risk-On,0.9999997200903118
2023-12-26,2,Risk-On,0.9999997403865901
2023-12-27,2,Risk-On,0.9999997505438243
2023-12-28,2,Risk-On,0.9999998043058631
2023-12-29,2,Risk-On,0.9999998222410953
2024-01-02,2,Risk-On,0.9999997396044248
2024-01-03,2,Risk-On,0.9999996476581766
2024-01-04,2,Risk-On,0.9999993457351914
2024-01-05,2,Risk-On,0.999999410021875
2024-01-08,2,Risk-On,0.9999993401581736
2024-01-09,2,Risk-On,0.999999432821075
2024-01-10,2,Risk-On,0.9999994955034162
2024-01-11,2,Risk-On,0.9999995451399752
2024-01-12,2,Risk-On,0.9999995482104279
2024-01-16,2,Risk-On,0.9999994624232921
2024-01-17,2,Risk-On,0.9999994497958745
2024-01-18,2,Risk-On,0.9999995889812389
2024-01-19,2,Risk-On,0.9999996385850607
2024-01-22,2,Risk-On,0.9999996245424677
2024-01-23,2,Risk-On,0.9999996105326167
2024-01-24,2,Risk-On,0.9999996656879934
2024-01-25,2,Risk-On,0.9999996586303169
2024-01-26,2,Risk-On,0.9999997890227172
2024-01-29,2,Risk-On,0.9999997686573164
2024-01-30,2,Risk-On,0.9999998499151955
2024-01-31,2,Risk-On,0.9999996783008618
2024-02-01,2,Risk-On,0.9999996738989089
2024-02-02,2,Risk-On,0.9999996315528502
2024-02-05,2,Risk-On,0.999999750598394
2024-02-06,2,Risk-On,0.999999787742149
2024-02-07,2,Risk-On,0.9999998204475721
2024-02-08,2,Risk-On,0.9999998634957685
2024-02-09,2,Risk-On,0.9999998623534433
2024-02-12,2,Risk-On,0.9999998643070377
2024-02-13,2,Risk-On,0.999999808307639
2024-02-14,2,Risk-On,0.9999997072227844
2024-02-15,2,Risk-On,0.99999980217037
2024-02-16,2,Risk-On,0.9999998692728781
2024-02-20,2,Risk-On,0.9999997753802997
2024-02-21,2,Risk-On,0.999999819639941
2024-02-22,2,Risk-On,0.9999997276718575
2024-02-23,2,Risk-On,0.9999997555715098
2024-02-26,2,Risk-On,0.9999997722516387
2024-02-27,2,Risk-On,0.9999997912309699
2024-02-28,2,Risk-On,0.9999997942359399
2024-02-29,2,Risk-On,0.9999998405073839
2024-03-01,2,Risk-On,0.999999854520876
2024-03-04,2,Risk-On,0.99999990263314
2024-03-05,2,Risk-On,0.9999998449166134
2024-03-06,2,Risk-On,0.9999998552448337
2024-03-07,2,Risk-On,0.9999998387247745
2024-03-08,2,Risk-On,0.9999997757732013
2024-03-11,2,Risk-On,0.9999997483137438
2024-03-12,2,Risk-On,0.9999998380881283
2024-03-13,2,Risk-On,0.9999998687562852
2024-03-14,2,Risk-On,0.999999876006776
2024-03-15,2,Risk-On,0.9999998917264806
2024-03-18,2,Risk-On,0.9999998787680016
2024-03-19,2,Risk-On,0.9999998740422676
2024-03-20,2,Risk-On,0.9999998655512262
2024-03-21,2,Risk-On,0.9999999331448657
2024-03-22,2,Risk-On,0.9999999421961564
2024-03-25,2,Risk-On,0.9999999310712179
2024-03-26,2,Risk-On,0.9999999304491236
2024-03-27,2,Risk-On,0.9999999179199255
2024-03-28,2,Risk-On,0.999999940901036
2024-04-01,2,Risk-On,0.9999999579522418
2024-04-02,2,Risk-On,0.9999999470601338
2024-04-03,2,Risk-On,0.9999999403808051
2024-04-04,2,Risk-On,0.9999999051287932
2024-04-05,2,Risk-On,0.9999998994062531
2024-04-08,2,Risk-On,0.9999999209176198
2024-04-09,2,Risk-On,0.9999999173123831
2024-04-10,2,Risk-On,0.999999943447621
2024-04-11,2,Risk-On,0.9999999256724578
2024-04-12,2,Risk-On,0.9999998371749957
2024-04-15,2,Risk-On,0.9999992020023911
2024-04-16,2,Risk-On,0.999999495674401
2024-04-17,2,Risk-On,0.999999428753817
2024-04-18,2,Risk-On,0.9999996293227701
2024-04-19,2,Risk-On,0.9999994005631356
2024-04-22,2,Risk-On,0.9999997234045096
2024-04-23,2,Risk-On,0.9999997263658235
2024-04-24,2,Risk-On,0.9999996534461989
2024-04-25,2,Risk-On,0.9999997573613949
2024-04-26,2,Risk-On,0.9999998201019642
2024-04-29,2,Risk-On,0.999999848841992
2024-04-30,2,Risk-On,0.9999997694031019
2024-05-01,2,Risk-On,0.9999995389335862
2024-05-02,2,Risk-On,0.9999994063984502
2024-05-03,2,Risk-On,0.999999519586824
2024-05-06,2,Risk-On,0.9999996326442435
2024-05-07,2,Risk-On,0.9999997254017594
2024-05-08,2,Risk-On,0.9999997664890816
2024-05-09,2,Risk-On,0.9999998317362184
2024-05-10,2,Risk-On,0.9999998327621282
2024-05-13,2,Risk-On,0.9999998073326609
2024-05-14,2,Risk-On,0.9999998229250352
2024-05-15,2,Risk-On,0.9999997264276691
2024-05-16,2,Risk-On,0.9999998478160821
2024-05-17,2,Risk-On,0.9999998557796166
2024-05-20,2,Risk-On,0.9999999054489352
2024-05-21,2,Risk-On,0.9999999312967726
2024-05-22,2,Risk-On,0.9999999343199327
2024-05-23,2,Risk-On,0.9999999398169184
2024-05-24,2,Risk-On,0.9999999343490366
2024-05-28,2,Risk-On,0.9999999403116835
2024-05-29,2,Risk-On,0.9999999368665178
2024-05-30,2,Risk-On,0.999999928688342
2024-05-31,2,Risk-On,0.9999999259925999
2024-06-03,2,Risk-On,0.9999999440005938
2024-06-04,2,Risk-On,0.9999999511383079
2024-06-05,2,Risk-On,0.9999999459178085
2024-06-06,2,Risk-On,0.999999947205653
2024-06-07,2,Risk-On,0.9999999563260654
2024-06-10,2,Risk-On,0.9999999515930552
2024-06-11,2,Risk-On,0.9999999486390165
2024-06-12,2,Risk-On,0.9999999367064467
2024-06-13,2,Risk-On,0.9999999455321827
2024-06-14,2,Risk-On,0.9999999438477987
2024-06-17,2,Risk-On,0.9999999500032585
2024-06-18,2,Risk-On,0.9999999527535703
2024-06-20,2,Risk-On,0.9999999431929626
2024-06-21,2,Risk-On,0.9999999403480633
2024-06-24,2,Risk-On,0.9999999454994409
2024-06-25,2,Risk-On,0.9999999463980217
2024-06-26,2,Risk-On,0.9999999501960714
2024-06-27,2,Risk-On,0.9999999564206529
2024-06-28,2,Risk-On,0.9999999541141743
2024-07-01,2,Risk-On,0.9999999583342296
2024-07-02,2,Risk-On,0.9999999570463851
2024-07-03,2,Risk-On,0.9999999447863972
2024-07-05,2,Risk-On,0.9999999400861288
2024-07-08,2,Risk-On,0.9999999494939414
2024-07-09,2,Risk-On,0.999999948558981
2024-07-10,2,Risk-On,0.999999949566701
2024-07-11,2,Risk-On,0.9999999109713866
2024-07-12,2,Risk-On,0.9999999115170833
2024-07-15,2,Risk-On,0.9999999077481376
2024-07-16,2,Risk-On,0.9999999193751169
2024-07-17,2,Risk-On,0.9999998268940694
2024-07-18,2,Risk-On,0.9999995358776854
2024-07-19,2,Risk-On,0.9999994209685468
2024-07-22,2,Risk-On,0.9999996738152354
2024-07-23,2,Risk-On,0.9999977342584518
2024-07-24,2,Risk-On,0.9997595836948493
2024-07-25,2,Risk-On,0.9993320052996247
2024-07-26,2,Risk-On,0.9987782186879531
2024-07-29,2,Risk-On,0.9940307697031265
2024-07-30,2,Risk-On,0.9674959479967904
2024-07-31,2,Risk-On,0.8904416472145087
2024-08-01,0,Inflation-Driven,0.9482188375532027
2024-08-02,0,Inflation-Driven,0.9998215779553382
2024-08-05,0,Inflation-Driven,0.9990595689731613
2024-08-06,0,Inflation-Driven,0.9998680492614214
2024-08-07,0,Inflation-Driven,0.9999723685320944
2024-08-08,0,Inflation-Driven,0.999998802203471
2024-08-09,0,Inflation-Driven,0.9999996014194833
2024-08-12,0,Inflation-Driven,0.9999996137340368
2024-08-13,0,Inflation-Driven,0.9999997830018637
2024-08-14,0,Inflation-Driven,0.9999996424740587
2024-08-15,0,Inflation-Driven,0.9999975635612495
2024-08-16,0,Inflation-Driven,0.9999972242114707
2024-08-19,0,Inflation-Driven,0.9999944033999959
2024-08-20,0,Inflation-Driven,0.9999966893247125
2024-08-21,0,Inflation-Driven,0.999992312310943
2024-08-22,0,Inflation-Driven,0.9999947051650566
2024-08-23,0,Inflation-Driven,0.9999841747100455
2024-08-26,0,Inflation-Driven,0.9999824787307936
2024-08-27,0,Inflation-Driven,0.9999798980262798
2024-08-28,0,Inflation-Driven,0.9999853996898237
2024-08-29,0,Inflation-Driven,0.9999743698509913
2024-08-30,0,Inflation-Driven,0.9999947665629018
2024-09-03,0,Inflation-Driven,0.9999998727798892
2024-09-04,0,Inflation-Driven,0.9999998391358661
2024-09-05,0,Inflation-Driven,0.9999998140156268
2024-09-06,0,Inflation-Driven,0.9999998256789847
2024-09-09,0,Inflation-Driven,0.9999997402701748
2024-09-10,0,Inflation-Driven,0.9999997344494103
2024-09-11,0,Inflation-Driven,0.9999990338224172
2024-09-12,0,Inflation-Driven,0.999997778481623
2024-09-13,0,Inflation-Driven,0.9999952086842501
2024-09-16,0,Inflation-Driven,0.9999938175906327
2024-09-17,0,Inflation-Driven,0.9999897570648314
2024-09-18,0,Inflation-Driven,0.9999886486501403
2024-09-19,0,Inflation-Driven,0.9999829814434891
2024-09-20,0,Inflation-Driven,0.9999857431246197
2024-09-23,0,Inflation-Driven,0.9999703466632318
2024-09-24,0,Inflation-Driven,0.9999557913383592
2024-09-25,0,Inflation-Driven,0.999929317610358
2024-09-26,0,Inflation-Driven,0.9998941412568809
2024-09-27,0,Inflation-Driven,0.9997978071970541
2024-09-30,0,Inflation-Driven,0.9995251707375713
2024-10-01,0,Inflation-Driven,0.9992775045672185
2024-10-02,0,Inflation-Driven,0.9979284854199448
2024-10-03,0,Inflation-Driven,0.9910274873649395
2024-10-04,0,Inflation-Driven,0.9626756629072468
2024-10-07,0,Inflation-Driven,0.8993553459729736
2024-10-08,0,Inflation-Driven,0.7925252885501022
2024-10-09,0,Inflation-Driven,0.6066358742458551
2024-10-10,2,Risk-On,0.5872784299739794
2024-10-11,2,Risk-On,0.7350989791594171
2024-10-14,2,Risk-On,0.832347813432824
2024-10-15,2,Risk-On,0.8894170456421486
2024-10-16,2,Risk-On,0.9397650990488909
2024-10-17,2,Risk-On,0.9801519204179497
2024-10-18,2,Risk-On,0.9949598777182006
2024-10-21,2,Risk-On,0.9986091564496089
2024-10-22,2,Risk-On,0.9996115017535245
2024-10-23,2,Risk-On,0.9998296271401396
2024-10-24,2,Risk-On,0.9999476979864174
2024-10-25,2,Risk-On,0.9999682341283498
2024-10-28,2,Risk-On,0.9999733580573046
2024-10-29,2,Risk-On,0.9999453155178759
2024-10-30,2,Risk-On,0.9996130928976417
2024-10-31,2,Risk-On,0.9949559636141376
2024-11-01,2,Risk-On,0.9799644484214575
2024-11-04,2,Risk-On,0.9731102230476095
2024-11-05,2,Risk-On,0.9708755999027872
2024-11-06,2,Risk-On,0.9696765663361931
2024-11-07,2,Risk-On,0.9712670597516389
2024-11-08,2,Risk-On,0.9774354729106335
2024-11-11,2,Risk-On,0.9848556608898766
2024-11-12,2,Risk-On,0.9899120859777454
2024-11-13,2,Risk-On,0.9935893539577512
2024-11-14,2,Risk-On,0.9959255866202201
2024-11-15,2,Risk-On,0.9968524638221735
2024-11-18,2,Risk-On,0.9974002192096062
2024-11-19,2,Risk-On,0.9981221463505687
2024-11-20,2,Risk-On,0.9988320655777595
2024-11-21,2,Risk-On,0.9993603355468575
2024-11-22,2,Risk-On,0.9996797422079688
2024-11-25,2,Risk-On,0.9998298671840379
2024-11-26,2,Risk-On,0.9999411513490205
2024-11-27,2,Risk-On,0.9999707671175285
2024-11-29,2,Risk-On,0.9999492001213758
2024-12-02,2,Risk-On,0.9999681848098391
2024-12-03,2,Risk-On,0.9999765918594117
2024-12-04,2,Risk-On,0.9999871243991401
2024-12-05,2,Risk-On,0.9999984290492254
2024-12-06,2,Risk-On,0.9999983944521019
2024-12-09,2,Risk-On,0.9999984041691278
2024-12-10,2,Risk-On,0.9999983445245623
2024-12-11,2,Risk-On,0.9999985610094322
2024-12-12,2,Risk-On,0.9999975990350951
2024-12-13,2,Risk-On,0.9999825572370038
2024-12-16,2,Risk-On,0.9993361532329396
2024-12-17,2,Risk-On,0.9724499177417063
2024-12-18,0,Inflation-Driven,0.9909538034624504
2024-12-19,0,Inflation-Driven,0.9936748966654969
2024-12-20,0,Inflation-Driven,0.9748199192261142
2024-12-23,0,Inflation-Driven,0.884497143341112
2024-12-24,0,Inflation-Driven,0.6784425980062047
2024-12-26,0,Inflation-Driven,0.5225179754019833
2024-12-27,0,Inflation-Driven,0.522777290962323
2024-12-30,0,Inflation-Driven,0.5509396179945115
2024-12-31,0,Inflation-Driven,0.6363505397079648
2025-01-02,2,Risk-On,0.8784234214216919
2025-01-03,2,Risk-On,0.9880832111701293
2025-01-06,2,Risk-On,0.9972888034850121
2025-01-07,2,Risk-On,0.998162175536657
2025-01-08,2,Risk-On,0.9990432933026577
2025-01-10,2,Risk-On,0.9992033419509141
2025-01-13,2,Risk-On,0.9995930699914302
2025-01-14,2,Risk-On,0.9998803436972855
2025-01-15,2,Risk-On,0.9999846708425908
2025-01-16,2,Risk-On,0.9999799778382956
2025-01-17,2,Risk-On,0.9999915853722324
2025-01-21,2,Risk-On,0.9999909070624698
2025-01-22,2,Risk-On,0.9999962839134167
2025-01-23,2,Risk-On,0.9999984526087395
2025-01-24,2,Risk-On,0.9999980612647654
2025-01-27,2,Risk-On,0.9999751530589571
2025-01-28,2,Risk-On,0.9999939758126413
2025-01-29,2,Risk-On,0.9999945775927375
2025-01-30,2,Risk-On,0.9999979375519056
2025-01-31,2,Risk-On,0.9999985379992495
2025-02-03,2,Risk-On,0.9999959855057204
2025-02-04,2,Risk-On,0.9999962735852332
2025-02-05,2,Risk-On,0.9999982299902715
2025-02-06,2,Risk-On,0.9999987205927936
2025-02-07,2,Risk-On,0.9999985528130777
2025-02-10,2,Risk-On,0.9999986540033169
2025-02-11,2,Risk-On,0.9999988957539885
2025-02-12,2,Risk-On,0.9999990913933778
2025-02-13,2,Risk-On,0.9999994391547925
2025-02-14,2,Risk-On,0.9999994247302146
2025-02-18,2,Risk-On,0.9999994945357144
2025-02-19,2,Risk-On,0.9999995532490263
2025-02-20,2,Risk-On,0.9999993430394509
2025-02-21,2,Risk-On,0.9999830245309776
2025-02-24,2,Risk-On,0.9998167484188195
2025-02-25,2,Risk-On,0.9987286918790305
2025-02-26,2,Risk-On,0.9869038682575014
2025-02-27,2,Risk-On,0.842593211030854
2025-02-28,2,Risk-On,0.6228985704677232
2025-03-03,0,Inflation-Driven,0.9865339331643265
2025-03-04,0,Inflation-Driven,0.9997896196069231
2025-03-05,0,Inflation-Driven,0.9999764476642314
2025-03-06,0,Inflation-Driven,0.999999542473338
2025-03-07,0,Inflation-Driven,0.9999996777478892
2025-03-10,0,Inflation-Driven,0.9999989666290158
2025-03-11,0,Inflation-Driven,0.9999992964078702
2025-03-12,0,Inflation-Driven,0.9999997518134786
2025-03-13,0,Inflation-Driven,0.9999995102626889
2025-03-14,0,Inflation-Driven,0.9999998428902596
2025-03-17,0,Inflation-Driven,0.9999998289022334
2025-03-18,0,Inflation-Driven,0.9999997511004349
2025-03-19,0,Inflation-Driven,0.9999997862396641
2025-03-20,0,Inflation-Driven,0.9999997793093159
2025-03-21,0,Inflation-Driven,0.9999995504950776
2025-03-24,0,Inflation-Driven,0.999997344537293
2025-03-25,0,Inflation-Driven,0.9999978967156785
2025-03-26,0,Inflation-Driven,0.9999990542642005
2025-03-27,0,Inflation-Driven,0.9999988039060431
2025-03-28,0,Inflation-Driven,0.9999998059393154
2025-03-31,0,Inflation-Driven,0.9999998101848357
2025-04-01,0,Inflation-Driven,0.999996400928577
2025-04-02,0,Inflation-Driven,0.9993097171336536
2025-04-03,0,Inflation-Driven,0.8737558709289803
2025-04-04,3,High-Volatility,0.9999591828708971
2025-04-07,3,High-Volatility,0.9999999996325641
2025-04-08,3,High-Volatility,0.999999999992724
2025-04-09,3,High-Volatility,0.9999999980682333
2025-04-10,3,High-Volatility,1.0
2025-04-11,3,High-Volatility,1.0
2025-04-14,3,High-Volatility,0.9999999999890861
2025-04-15,3,High-Volatility,0.9999999999636202
2025-04-16,3,High-Volatility,0.9999999999890861
2025-04-17,3,High-Volatility,0.9999999999236024
2025-04-21,3,High-Volatility,0.999999999992724
2025-04-22,3,High-Volatility,0.9999999998944986
2025-04-23,3,High-Volatility,0.9999999991923687
2025-04-24,3,High-Volatility,0.9999999962928996
2025-04-25,3,High-Volatility,0.9999999904466677
2025-04-28,3,High-Volatility,0.9999999838655641
2025-04-29,3,High-Volatility,0.9999999651372496
2025-04-30,3,High-Volatility,0.9999999687315726
2025-05-01,3,High-Volatility,0.9999997535997257
2025-05-02,3,High-Volatility,0.9999992285596155
2025-05-05,3,High-Volatility,0.9999998424464263
2025-05-06,3,High-Volatility,0.9999975218119074
2025-05-07,3,High-Volatility,0.9995357719865408
2025-05-08,0,Inflation-Driven,0.562382211044816
2025-05-09,0,Inflation-Driven,0.6408928563013927
2025-05-12,0,Inflation-Driven,0.796093118823495
2025-05-13,0,Inflation-Driven,0.9720980686754275
2025-05-14,0,Inflation-Driven,0.997742796286452
2025-05-15,0,Inflation-Driven,0.9997682481292568
2025-05-16,0,Inflation-Driven,0.9999864880923003
2025-05-19,0,Inflation-Driven,0.9999979665137956
2025-05-20,0,Inflation-Driven,0.9999994685059894
2025-05-21,0,Inflation-Driven,0.9999996939441658
2025-05-22,0,Inflation-Driven,0.9999996990555244
2025-05-23,0,Inflation-Driven,0.9999997368213718
2025-05-27,0,Inflation-Driven,0.9999996831830278
2025-05-28,0,Inflation-Driven,0.9999997503073558
2025-05-29,0,Inflation-Driven,0.9999996756233103
2025-05-30,0,Inflation-Driven,0.9999997314735444
2025-06-02,0,Inflation-Driven,0.9999998458042801
2025-06-03,0,Inflation-Driven,0.9999998427374645
2025-06-04,0,Inflation-Driven,0.9999998175662934
2025-06-05,0,Inflation-Driven,0.9999998524726943
2025-06-06,0,Inflation-Driven,0.9999998611929283
2025-06-09,0,Inflation-Driven,0.999999877352828
2025-06-10,0,Inflation-Driven,0.9999997335253639
2025-06-11,0,Inflation-Driven,0.9999996801453165
2025-06-12,0,Inflation-Driven,0.9999997217237638
2025-06-13,0,Inflation-Driven,0.9999998216117251
2025-06-16,0,Inflation-Driven,0.9999998212624792
2025-06-17,0,Inflation-Driven,0.9999998692437743
2025-06-18,0,Inflation-Driven,0.9999998549283297
2025-06-20,0,Inflation-Driven,0.999999835119538
2025-06-23,0,Inflation-Driven,0.9999998464009086
2025-06-24,0,Inflation-Driven,0.9999998613166196
2025-06-25,0,Inflation-Driven,0.9999995966100773
2025-06-26,0,Inflation-Driven,0.9999995600738716
2025-06-27,0,Inflation-Driven,0.9999938023475958
2025-06-30,0,Inflation-Driven,0.9992966378248521
2025-07-01,0,Inflation-Driven,0.9340369511464751
2025-07-02,0,Inflation-Driven,0.6764009607490721
2025-07-03,2,Risk-On,0.6279228711472904
2025-07-07,2,Risk-On,0.8405465686825946
2025-07-08,2,Risk-On,0.9862941147516352
2025-07-09,2,Risk-On,0.9993117721347086
2025-07-10,2,Risk-On,0.9999721418741135
2025-07-11,2,Risk-On,0.9999966635824601
2025-07-14,2,Risk-On,0.999997229421042
2025-07-15,2,Risk-On,0.9999978362416858
2025-07-16,2,Risk-On,0.9999981554082029
2025-07-17,2,Risk-On,0.9999982200513311
2025-07-18,2,Risk-On,0.9999988413553529
2025-07-21,2,Risk-On,0.9999989008326012
2025-07-22,2,Risk-On,0.999999128449797
2025-07-23,2,Risk-On,0.9999991881053233
2025-07-24,2,Risk-On,0.9999994512001336
2025-07-25,2,Risk-On,0.999999388386828
2025-07-28,2,Risk-On,0.9999994872925022
2025-07-29,2,Risk-On,0.9999995606632238
2025-07-30,2,Risk-On,0.9999996114239211
2025-07-31,2,Risk-On,0.9999995146973829
2025-08-01,2,Risk-On,0.9999885487851227
2025-08-04,2,Risk-On,0.9999940290505038
2025-08-05,2,Risk-On,0.9999909981275314
2025-08-06,2,Risk-On,0.9999928294166849
2025-08-07,2,Risk-On,0.999995999082603
2025-08-08,2,Risk-On,0.9999978134461602
2025-08-11,2,Risk-On,0.9999976740718686
2025-08-12,2,Risk-On,0.9999968549176974
2025-08-13,2,Risk-On,0.9999970479482644
2025-08-14,2,Risk-On,0.9999978438341312
2025-08-15,2,Risk-On,0.9999978885920889
2025-08-18,2,Risk-On,0.9999981168238715
2025-08-19,2,Risk-On,0.9999978485271137
2025-08-20,2,Risk-On,0.9999977430186849
2025-08-21,2,Risk-On,0.9999978566288752
2025-08-22,2,Risk-On,0.9999984985672556
2025-08-25,2,Risk-On,0.9999982302885854
2025-08-26,2,Risk-On,0.9999977234245755
2025-08-27,2,Risk-On,0.9999976982170781
2025-08-28,2,Risk-On,0.9999981981689278
2025-08-29,2,Risk-On,0.999997248294824
2025-09-02,2,Risk-On,0.9999985859586552
2025-09-03,2,Risk-On,0.9999990717483104
2025-09-04,2,Risk-On,0.9999992238375227
2025-09-05,2,Risk-On,0.9999991763364714
2025-09-08,2,Risk-On,0.9999993201020099
2025-09-09,2,Risk-On,0.9999994448191223
2025-09-10,2,Risk-On,0.9999994983301242
2025-09-11,2,Risk-On,0.9999995719664191
2025-09-12,2,Risk-On,0.999999599214869
2025-09-15,2,Risk-On,0.999999575990022
2025-09-16,2,Risk-On,0.9999994867395297
2025-09-17,2,Risk-On,0.9999995898980091
2025-09-18,2,Risk-On,0.9999996511761009
2025-09-19,2,Risk-On,0.9999996240367889
2025-09-22,2,Risk-On,0.9999996819715813
2025-09-23,2,Risk-On,0.9999995216313672
2025-09-24,2,Risk-On,0.9999996066872746
2025-09-25,2,Risk-On,0.9999995956678411
2025-09-26,2,Risk-On,0.9999996530933151
2025-09-29,2,Risk-On,0.9999996414918048
2025-09-30,2,Risk-On,0.9999995669059928
2025-10-01,2,Risk-On,0.9999974119525016
2025-10-02,2,Risk-On,0.9999977776703555
2025-10-03,2,Risk-On,0.9999978020120179
2025-10-06,2,Risk-On,0.9999966972081865
2025-10-07,2,Risk-On,0.9999632065666937
2025-10-08,2,Risk-On,0.9990359155199975
2025-10-09,2,Risk-On,0.9721383255536465
2025-10-10,0,Inflation-Driven,0.8693177314615611
2025-10-13,0,Inflation-Driven,0.9780885710744627
2025-10-14,0,Inflation-Driven,0.9989864686287977
2025-10-15,0,Inflation-Driven,0.9998958230197132
2025-10-16,0,Inflation-Driven,0.9999989721514619
2025-10-17,0,Inflation-Driven,0.9998094848274275
2025-10-20,0,Inflation-Driven,0.997433459173526
2025-10-21,0,Inflation-Driven,0.9917786602696302
2025-10-22,0,Inflation-Driven,0.9821155876530009
2025-10-23,0,Inflation-Driven,0.9576478278822477
2025-10-24,0,Inflation-Driven,0.9427439905202023
2025-10-27,0,Inflation-Driven,0.936466088748317
2025-10-28,0,Inflation-Driven,0.9347938852928533
2025-10-29,0,Inflation-Driven,0.9356397958563785
2025-10-30,0,Inflation-Driven,0.9417435674765008
2025-10-31,0,Inflation-Driven,0.9546327105754868
2025-11-03,0,Inflation-Driven,0.9697036029218652
2025-11-04,0,Inflation-Driven,0.9894242667426075
2025-11-05,0,Inflation-Driven,0.9956428187387103
2025-11-06,0,Inflation-Driven,0.9990332793831536
2025-11-07,0,Inflation-Driven,0.9993289166585968
2025-11-10,0,Inflation-Driven,0.9993523044499247
2025-11-11,0,Inflation-Driven,0.9994910600271639
2025-11-12,0,Inflation-Driven,0.9996663560845969
2025-11-13,0,Inflation-Driven,0.9999208472440744
2025-11-14,0,Inflation-Driven,0.9999835298778008
2025-11-17,0,Inflation-Driven,0.9999987773197262
2025-11-18,0,Inflation-Driven,0.9999997546256355
2025-11-19,0,Inflation-Driven,0.9999994463361587
2025-11-20,0,Inflation-Driven,0.9999996898368889
2025-11-21,0,Inflation-Driven,0.9999998046805749
2025-11-24,0,Inflation-Driven,0.999999468102174
2025-11-25,0,Inflation-Driven,0.9999981573145003
2025-11-26,0,Inflation-Driven,0.9999948529680879
2025-11-28,0,Inflation-Driven,0.9999888400857063
2025-12-01,0,Inflation-Driven,0.9999963368203472
2025-12-02,0,Inflation-Driven,0.9999934689180463
2025-12-03,0,Inflation-Driven,0.9999896149813965
2025-12-04,0,Inflation-Driven,0.9999921396283453
2025-12-05,0,Inflation-Driven,0.9999881464111654
2025-12-08,0,Inflation-Driven,0.9999890219680815
2025-12-09,0,Inflation-Driven,0.9999830360377094
2025-12-10,0,Inflation-Driven,0.9999770934923305
2025-12-11,0,Inflation-Driven,0.9999730611879974
2025-12-12,0,Inflation-Driven,0.9999829380104003
2025-12-15,0,Inflation-Driven,0.9999929836040469
2025-12-16,0,Inflation-Driven,0.9999961817884603
2025-12-17,0,Inflation-Driven,0.9999978850996367
2025-12-18,0,Inflation-Driven,0.9999989438079986
2025-12-19,0,Inflation-Driven,0.9999995180443217
2025-12-22,0,Inflation-Driven,0.9999939641056961
2025-12-23,0,Inflation-Driven,0.999659269534859
2025-12-24,0,Inflation-Driven,0.9951158938997644
2025-12-26,0,Inflation-Driven,0.9683856093714909
2025-12-29,0,Inflation-Driven,0.9083304413286987
2025-12-30,0,Inflation-Driven,0.804462460594601
2025-12-31,0,Inflation-Driven,0.6154683812645385
2026-01-02,2,Risk-On,0.6873664635505307
2026-01-05,2,Risk-On,0.8403185984877455
2026-01-06,2,Risk-On,0.9108697188764295
2026-01-07,2,Risk-On,0.9572453651840962
2026-01-08,2,Risk-On,0.9823676484571046
2026-01-09,2,Risk-On,0.9947038926277263
2026-01-12,2,Risk-On,0.998654816610955
2026-01-13,2,Risk-On,0.9996549717947736
2026-01-14,2,Risk-On,0.9998807778782095
2026-01-15,2,Risk-On,0.999943528532869
2026-01-16,2,Risk-On,0.9999382296316278
2026-01-20,2,Risk-On,0.9998239611547921
2026-01-21,2,Risk-On,0.9998389699476969
2026-01-22,2,Risk-On,0.9998960400607673
2026-01-23,2,Risk-On,0.9999350842888802
2026-01-26,2,Risk-On,0.9999525324044353
2026-01-27,2,Risk-On,0.9999627608070996
2026-01-28,2,Risk-On,0.9999730989019084
2026-01-29,2,Risk-On,0.9999772987242248
2026-01-30,2,Risk-On,0.9999870373798112
2026-02-02,2,Risk-On,0.9999736856231567
2026-02-03,2,Risk-On,0.9993725482518823
2026-02-04,2,Risk-On,0.9893385063397312
2026-02-05,2,Risk-On,0.9326456488273769
2026-02-06,2,Risk-On,0.9007052585992068
2026-02-09,2,Risk-On,0.8419577975227539
2026-02-10,2,Risk-On,0.7195533209393764
2026-02-11,2,Risk-On,0.5440335533703493
2026-02-12,0,Inflation-Driven,0.8889421583874889
2026-02-13,0,Inflation-Driven,0.9819434102699411
2026-02-17,0,Inflation-Driven,0.991247806169086
2026-02-18,0,Inflation-Driven,0.9924648462369324
2026-02-19,0,Inflation-Driven,0.9945934532250991
2026-02-20,0,Inflation-Driven,0.9962353378869072
2026-02-23,0,Inflation-Driven,0.9987400856692499
2026-02-24,0,Inflation-Driven,0.9988882033873807
2026-02-25,0,Inflation-Driven,0.9989073041454759
2026-02-26,0,Inflation-Driven,0.9993336543422293
2026-02-27,0,Inflation-Driven,0.999640054625915
2026-03-02,0,Inflation-Driven,0.9997474762338884
2026-03-03,0,Inflation-Driven,0.9999338603638409
2026-03-04,0,Inflation-Driven,0.9997642390390028
2026-03-05,0,Inflation-Driven,0.9999223826636338
2026-03-06,0,Inflation-Driven,0.9999973705633247
2026-03-09,0,Inflation-Driven,0.999979074251982
2026-03-10,0,Inflation-Driven,0.9999916037329571
2026-03-11,0,Inflation-Driven,0.999990483009054
2026-03-12,0,Inflation-Driven,0.9999986579214148
2026-03-13,0,Inflation-Driven,0.9999968640635474
2026-03-16,0,Inflation-Driven,0.9999379044819449
2026-03-17,0,Inflation-Driven,0.999916582835473
2026-03-18,0,Inflation-Driven,0.9999889370003848
2026-03-19,0,Inflation-Driven,0.9999862876423966
2026-03-20,0,Inflation-Driven,0.9999987492563923
2026-03-23,0,Inflation-Driven,0.9999960380888564
2026-03-24,0,Inflation-Driven,0.9999980668417761
2026-03-25,0,Inflation-Driven,0.999994822660243
2026-03-26,0,Inflation-Driven,0.9999990396504537
2026-03-27,0,Inflation-Driven,0.999999525451243
2026-03-30,0,Inflation-Driven,0.9999996991501119
2026-03-31,0,Inflation-Driven,0.9999991382068477
2026-04-01,0,Inflation-Driven,0.9999985672376429
2026-04-02,0,Inflation-Driven,0.999988897666994
2026-04-06,0,Inflation-Driven,0.9998959094818269
2026-04-07,0,Inflation-Driven,0.9993252765070384
2026-04-08,0,Inflation-Driven,0.9940617316878141
2026-04-09,0,Inflation-Driven,0.975963881339651
2026-04-10,0,Inflation-Driven,0.9215209487701046
2026-04-13,0,Inflation-Driven,0.7957979907164417
2026-04-14,2,Risk-On,0.5048278605604851
2026-04-15,2,Risk-On,0.7602095943144037
2026-04-16,2,Risk-On,0.8957570429049819
2026-04-17,2,Risk-On,0.9543702602871869
2026-04-20,2,Risk-On,0.9838563916484913
2026-04-21,2,Risk-On,0.9952299365191666
2026-04-22,2,Risk-On,0.9982211004527679
2026-04-23,2,Risk-On,0.9995353746092172
2026-04-24,2,Risk-On,0.9998028740133842
2026-04-27,2,Risk-On,0.9998467326800554
2026-04-28,2,Risk-On,0.9999331139729971
2026-04-29,2,Risk-On,0.9999937948934234
2026-04-30,2,Risk-On,0.9999944446362558
2026-05-01,2,Risk-On,0.999968433174057
2026-05-04,2,Risk-On,0.9999671906478393
2026-05-05,2,Risk-On,0.999924013837148
2026-05-06,2,Risk-On,0.9999727329129633
2026-05-07,2,Risk-On,0.999990663498395
2026-05-08,2,Risk-On,0.9999914819526465
2026-05-11,2,Risk-On,0.9999943130221983
2026-05-12,2,Risk-On,0.9999962752623353
2026-05-13,2,Risk-On,0.9999965921946427
2026-05-14,2,Risk-On,0.999996800271791
2026-05-15,2,Risk-On,0.9999960444371043
2026-05-18,2,Risk-On,0.9999936710428492
2026-05-19,2,Risk-On,0.999993734743457
2026-05-20,2,Risk-On,0.9999906116976999
2026-05-21,2,Risk-On,0.9999930607868667
2026-05-22,2,Risk-On,0.9999949927021444
2026-08-20,2,Risk-On,0.9999991839798587
2026-08-21,2,Risk-On,0.9999993625681085
2026-08-24,2,Risk-On,0.999999296604321
2026-08-25,2,Risk-On,0.999999385731105
2026-08-26,2,Risk-On,0.9999994511601159
2026-08-27,2,Risk-On,0.9999995988001397
2026-08-28,2,Risk-On,0.9999996854203841
2026-08-31,2,Risk-On,0.9999997136219873
2026-09-01,2,Risk-On,0.9999996350089289
2026-09-02,2,Risk-On,0.9999996813240212
2026-09-03,2,Risk-On,0.9999995311592291
2026-09-04,2,Risk-On,0.9999627731721291
